run_id,algorithm,measure,stop_threshold,serial_threshold,cluster_count,a2a_to_acdc,cvg_to_acdc,output_rsf
1,WCA,UEMNM,100,100,,82.25315355,0.02,mapreduceclientcore_algo-wca_measure-uemnm_serial-100_stop-100.rsf
2,WCA,UEMNM,25,100,,82.25315355,0.02,mapreduceclientcore_algo-wca_measure-uemnm_serial-100_stop-25.rsf
3,WCA,UEMNM,50,100,,82.25315355,0.02,mapreduceclientcore_algo-wca_measure-uemnm_serial-100_stop-50.rsf
4,WCA,UEMNM,75,100,,82.25315355,0.02,mapreduceclientcore_algo-wca_measure-uemnm_serial-100_stop-75.rsf
5,WCA,UEMNM,100,110,,81.07405803,0.027272727,mapreduceclientcore_algo-wca_measure-uemnm_serial-110_stop-100.rsf
6,WCA,UEMNM,25,110,,81.07405803,0.027272727,mapreduceclientcore_algo-wca_measure-uemnm_serial-110_stop-25.rsf
7,WCA,UEMNM,50,110,,81.07405803,0.027272727,mapreduceclientcore_algo-wca_measure-uemnm_serial-110_stop-50.rsf
8,WCA,UEMNM,75,110,,81.07405803,0.027272727,mapreduceclientcore_algo-wca_measure-uemnm_serial-110_stop-75.rsf
9,WCA,UEMNM,100,120,,80.29322984,0.025,mapreduceclientcore_algo-wca_measure-uemnm_serial-120_stop-100.rsf
10,WCA,UEMNM,25,120,,80.29322984,0.025,mapreduceclientcore_algo-wca_measure-uemnm_serial-120_stop-25.rsf
11,WCA,UEMNM,50,120,,80.29322984,0.025,mapreduceclientcore_algo-wca_measure-uemnm_serial-120_stop-50.rsf
12,WCA,UEMNM,75,120,,80.29322984,0.025,mapreduceclientcore_algo-wca_measure-uemnm_serial-120_stop-75.rsf
13,WCA,UEMNM,100,130,,79.64791756,0.030769231,mapreduceclientcore_algo-wca_measure-uemnm_serial-130_stop-100.rsf
14,WCA,UEMNM,25,130,,79.64791756,0.030769231,mapreduceclientcore_algo-wca_measure-uemnm_serial-130_stop-25.rsf
15,WCA,UEMNM,50,130,,79.64791756,0.030769231,mapreduceclientcore_algo-wca_measure-uemnm_serial-130_stop-50.rsf
16,WCA,UEMNM,75,130,,79.64791756,0.030769231,mapreduceclientcore_algo-wca_measure-uemnm_serial-130_stop-75.rsf
17,WCA,UEMNM,100,140,,78.87986319,0.028571429,mapreduceclientcore_algo-wca_measure-uemnm_serial-140_stop-100.rsf
18,WCA,UEMNM,25,140,,78.87986319,0.028571429,mapreduceclientcore_algo-wca_measure-uemnm_serial-140_stop-25.rsf
19,WCA,UEMNM,50,140,,78.87986319,0.028571429,mapreduceclientcore_algo-wca_measure-uemnm_serial-140_stop-50.rsf
20,WCA,UEMNM,75,140,,78.87986319,0.028571429,mapreduceclientcore_algo-wca_measure-uemnm_serial-140_stop-75.rsf
21,WCA,UEMNM,100,150,,78.37377607,0.02,mapreduceclientcore_algo-wca_measure-uemnm_serial-150_stop-100.rsf
22,WCA,UEMNM,25,150,,78.37377607,0.02,mapreduceclientcore_algo-wca_measure-uemnm_serial-150_stop-25.rsf
23,WCA,UEMNM,50,150,,78.37377607,0.02,mapreduceclientcore_algo-wca_measure-uemnm_serial-150_stop-50.rsf
24,WCA,UEMNM,75,150,,78.37377607,0.02,mapreduceclientcore_algo-wca_measure-uemnm_serial-150_stop-75.rsf
25,WCA,UEMNM,25,25,,80.08093525,0,mapreduceclientcore_algo-wca_measure-uemnm_serial-25_stop-25.rsf
26,WCA,UEMNM,25,50,,78.61271676,0,mapreduceclientcore_algo-wca_measure-uemnm_serial-50_stop-25.rsf
27,WCA,UEMNM,50,50,,78.61271676,0,mapreduceclientcore_algo-wca_measure-uemnm_serial-50_stop-50.rsf
28,WCA,UEMNM,25,75,,83.81706245,0,mapreduceclientcore_algo-wca_measure-uemnm_serial-75_stop-25.rsf
29,WCA,UEMNM,50,75,,83.81706245,0,mapreduceclientcore_algo-wca_measure-uemnm_serial-75_stop-50.rsf
30,WCA,UEMNM,75,75,,83.81706245,0,mapreduceclientcore_algo-wca_measure-uemnm_serial-75_stop-75.rsf
31,WCA,UEMNM,25,80,,84.59850812,0.0125,mapreduceclientcore_algo-wca_measure-uemnm_serial-80_stop-25.rsf
32,WCA,UEMNM,50,80,,84.59850812,0.0125,mapreduceclientcore_algo-wca_measure-uemnm_serial-80_stop-50.rsf
33,WCA,UEMNM,75,80,,84.59850812,0.0125,mapreduceclientcore_algo-wca_measure-uemnm_serial-80_stop-75.rsf
34,WCA,UEMNM,25,90,,83.70467453,0.033333333,mapreduceclientcore_algo-wca_measure-uemnm_serial-90_stop-25.rsf
35,WCA,UEMNM,50,90,,83.70467453,0.033333333,mapreduceclientcore_algo-wca_measure-uemnm_serial-90_stop-50.rsf
36,WCA,UEMNM,75,90,,83.70467453,0.033333333,mapreduceclientcore_algo-wca_measure-uemnm_serial-90_stop-75.rsf
37,WCA,UEM,100,100,,81.64419313,0.02,mapreduceclientcore_algo-wca_measure-uem_serial-100_stop-100.rsf
38,WCA,UEM,25,100,,81.64419313,0.02,mapreduceclientcore_algo-wca_measure-uem_serial-100_stop-25.rsf
39,WCA,UEM,50,100,,81.64419313,0.02,mapreduceclientcore_algo-wca_measure-uem_serial-100_stop-50.rsf
40,WCA,UEM,75,100,,81.64419313,0.02,mapreduceclientcore_algo-wca_measure-uem_serial-100_stop-75.rsf
41,WCA,UEM,100,110,,80.55435253,0.027272727,mapreduceclientcore_algo-wca_measure-uem_serial-110_stop-100.rsf
42,WCA,UEM,25,110,,80.55435253,0.027272727,mapreduceclientcore_algo-wca_measure-uem_serial-110_stop-25.rsf
43,WCA,UEM,50,110,,80.55435253,0.027272727,mapreduceclientcore_algo-wca_measure-uem_serial-110_stop-50.rsf
44,WCA,UEM,75,110,,80.55435253,0.027272727,mapreduceclientcore_algo-wca_measure-uem_serial-110_stop-75.rsf
45,WCA,UEM,100,120,,79.68952135,0.025,mapreduceclientcore_algo-wca_measure-uem_serial-120_stop-100.rsf
46,WCA,UEM,25,120,,79.68952135,0.025,mapreduceclientcore_algo-wca_measure-uem_serial-120_stop-25.rsf
47,WCA,UEM,50,120,,79.68952135,0.025,mapreduceclientcore_algo-wca_measure-uem_serial-120_stop-50.rsf
48,WCA,UEM,75,120,,79.68952135,0.025,mapreduceclientcore_algo-wca_measure-uem_serial-120_stop-75.rsf
49,WCA,UEM,100,130,,78.83211679,0.015384615,mapreduceclientcore_algo-wca_measure-uem_serial-130_stop-100.rsf
50,WCA,UEM,25,130,,78.83211679,0.015384615,mapreduceclientcore_algo-wca_measure-uem_serial-130_stop-25.rsf
51,WCA,UEM,50,130,,78.83211679,0.015384615,mapreduceclientcore_algo-wca_measure-uem_serial-130_stop-50.rsf
52,WCA,UEM,75,130,,78.83211679,0.015384615,mapreduceclientcore_algo-wca_measure-uem_serial-130_stop-75.rsf
53,WCA,UEM,100,140,,78.06755024,0.014285714,mapreduceclientcore_algo-wca_measure-uem_serial-140_stop-100.rsf
54,WCA,UEM,25,140,,78.06755024,0.014285714,mapreduceclientcore_algo-wca_measure-uem_serial-140_stop-25.rsf
55,WCA,UEM,50,140,,78.06755024,0.014285714,mapreduceclientcore_algo-wca_measure-uem_serial-140_stop-50.rsf
56,WCA,UEM,75,140,,78.06755024,0.014285714,mapreduceclientcore_algo-wca_measure-uem_serial-140_stop-75.rsf
57,WCA,UEM,100,150,,77.35206471,0.013333333,mapreduceclientcore_algo-wca_measure-uem_serial-150_stop-100.rsf
58,WCA,UEM,25,150,,77.35206471,0.013333333,mapreduceclientcore_algo-wca_measure-uem_serial-150_stop-25.rsf
59,WCA,UEM,50,150,,77.35206471,0.013333333,mapreduceclientcore_algo-wca_measure-uem_serial-150_stop-50.rsf
60,WCA,UEM,75,150,,77.35206471,0.013333333,mapreduceclientcore_algo-wca_measure-uem_serial-150_stop-75.rsf
61,WCA,UEM,25,25,,80.08093525,0,mapreduceclientcore_algo-wca_measure-uem_serial-25_stop-25.rsf
62,WCA,UEM,25,50,,78.61271676,0,mapreduceclientcore_algo-wca_measure-uem_serial-50_stop-25.rsf
63,WCA,UEM,50,50,,78.61271676,0,mapreduceclientcore_algo-wca_measure-uem_serial-50_stop-50.rsf
64,WCA,UEM,25,75,,84.30079156,0,mapreduceclientcore_algo-wca_measure-uem_serial-75_stop-25.rsf
65,WCA,UEM,50,75,,84.30079156,0,mapreduceclientcore_algo-wca_measure-uem_serial-75_stop-50.rsf
66,WCA,UEM,75,75,,84.30079156,0,mapreduceclientcore_algo-wca_measure-uem_serial-75_stop-75.rsf
67,WCA,UEM,25,80,,84.86178148,0.025,mapreduceclientcore_algo-wca_measure-uem_serial-80_stop-25.rsf
68,WCA,UEM,50,80,,84.86178148,0.025,mapreduceclientcore_algo-wca_measure-uem_serial-80_stop-50.rsf
69,WCA,UEM,75,80,,84.86178148,0.025,mapreduceclientcore_algo-wca_measure-uem_serial-80_stop-75.rsf
70,WCA,UEM,25,90,,83.39886413,0.033333333,mapreduceclientcore_algo-wca_measure-uem_serial-90_stop-25.rsf
71,WCA,UEM,50,90,,83.39886413,0.033333333,mapreduceclientcore_algo-wca_measure-uem_serial-90_stop-50.rsf
72,WCA,UEM,75,90,,83.39886413,0.033333333,mapreduceclientcore_algo-wca_measure-uem_serial-90_stop-75.rsf
73,LIMBO,IL,100,100,,78.338408,0.01,mapreduceclientcore_algo-limbo_measure-il_serial-100_stop-100.rsf
74,LIMBO,IL,25,100,,78.338408,0.01,mapreduceclientcore_algo-limbo_measure-il_serial-100_stop-25.rsf
75,LIMBO,IL,50,100,,78.338408,0.01,mapreduceclientcore_algo-limbo_measure-il_serial-100_stop-50.rsf
76,LIMBO,IL,75,100,,78.338408,0.01,mapreduceclientcore_algo-limbo_measure-il_serial-100_stop-75.rsf
77,LIMBO,IL,100,110,,77.6093547,0.009090909,mapreduceclientcore_algo-limbo_measure-il_serial-110_stop-100.rsf
78,LIMBO,IL,25,110,,77.6093547,0.009090909,mapreduceclientcore_algo-limbo_measure-il_serial-110_stop-25.rsf
79,LIMBO,IL,50,110,,77.6093547,0.009090909,mapreduceclientcore_algo-limbo_measure-il_serial-110_stop-50.rsf
80,LIMBO,IL,75,110,,77.6093547,0.009090909,mapreduceclientcore_algo-limbo_measure-il_serial-110_stop-75.rsf
81,LIMBO,IL,25,25,,85.52158273,0.08,mapreduceclientcore_algo-limbo_measure-il_serial-25_stop-25.rsf
82,LIMBO,IL,25,30,,85.73351279,0.066666667,mapreduceclientcore_algo-limbo_measure-il_serial-30_stop-25.rsf
83,LIMBO,IL,25,40,,85.17195176,0.05,mapreduceclientcore_algo-limbo_measure-il_serial-40_stop-25.rsf
84,LIMBO,IL,25,50,,84.17074255,0.02,mapreduceclientcore_algo-limbo_measure-il_serial-50_stop-25.rsf
85,LIMBO,IL,50,50,,84.17074255,0.02,mapreduceclientcore_algo-limbo_measure-il_serial-50_stop-50.rsf
86,LIMBO,IL,25,60,,83.17839752,0.016666667,mapreduceclientcore_algo-limbo_measure-il_serial-60_stop-25.rsf
87,LIMBO,IL,50,60,,83.17839752,0.016666667,mapreduceclientcore_algo-limbo_measure-il_serial-60_stop-50.rsf
88,LIMBO,IL,25,70,,82.23887175,0.014285714,mapreduceclientcore_algo-limbo_measure-il_serial-70_stop-25.rsf
89,LIMBO,IL,50,70,,82.23887175,0.014285714,mapreduceclientcore_algo-limbo_measure-il_serial-70_stop-50.rsf
90,LIMBO,IL,25,80,,81.21983326,0.0125,mapreduceclientcore_algo-limbo_measure-il_serial-80_stop-25.rsf
91,LIMBO,IL,50,80,,81.21983326,0.0125,mapreduceclientcore_algo-limbo_measure-il_serial-80_stop-50.rsf
92,LIMBO,IL,75,80,,81.21983326,0.0125,mapreduceclientcore_algo-limbo_measure-il_serial-80_stop-75.rsf
93,LIMBO,IL,25,90,,79.42332896,0.011111111,mapreduceclientcore_algo-limbo_measure-il_serial-90_stop-25.rsf
94,LIMBO,IL,50,90,,79.42332896,0.011111111,mapreduceclientcore_algo-limbo_measure-il_serial-90_stop-50.rsf
95,LIMBO,IL,75,90,,79.42332896,0.011111111,mapreduceclientcore_algo-limbo_measure-il_serial-90_stop-75.rsf
96,WCA_vs_LIMBO,UEMNM_vs_IL,100_vs_100,100_vs_100,_vs_,85.81649832,0.07,mapreduceclientcore_algo-wca_measure-uemnm_serial-100_stop-100.rsf | mapreduceclientcore_algo-limbo_measure-il_serial-100_stop-100.rsf
97,WCA_vs_LIMBO,UEMNM_vs_IL,100_vs_25,100_vs_100,_vs_,85.81649832,0.07,mapreduceclientcore_algo-wca_measure-uemnm_serial-100_stop-100.rsf | mapreduceclientcore_algo-limbo_measure-il_serial-100_stop-25.rsf
98,WCA_vs_LIMBO,UEMNM_vs_IL,100_vs_50,100_vs_100,_vs_,85.81649832,0.07,mapreduceclientcore_algo-wca_measure-uemnm_serial-100_stop-100.rsf | mapreduceclientcore_algo-limbo_measure-il_serial-100_stop-50.rsf
99,WCA_vs_LIMBO,UEMNM_vs_IL,100_vs_75,100_vs_100,_vs_,85.81649832,0.07,mapreduceclientcore_algo-wca_measure-uemnm_serial-100_stop-100.rsf | mapreduceclientcore_algo-limbo_measure-il_serial-100_stop-75.rsf
100,WCA_vs_LIMBO,UEMNM_vs_IL,100_vs_100,100_vs_110,_vs_,84.95389774,0.045454545,mapreduceclientcore_algo-wca_measure-uemnm_serial-100_stop-100.rsf | mapreduceclientcore_algo-limbo_measure-il_serial-110_stop-100.rsf
101,WCA_vs_LIMBO,UEMNM_vs_IL,100_vs_25,100_vs_110,_vs_,84.95389774,0.045454545,mapreduceclientcore_algo-wca_measure-uemnm_serial-100_stop-100.rsf | mapreduceclientcore_algo-limbo_measure-il_serial-110_stop-25.rsf
102,WCA_vs_LIMBO,UEMNM_vs_IL,100_vs_50,100_vs_110,_vs_,84.95389774,0.045454545,mapreduceclientcore_algo-wca_measure-uemnm_serial-100_stop-100.rsf | mapreduceclientcore_algo-limbo_measure-il_serial-110_stop-50.rsf
103,WCA_vs_LIMBO,UEMNM_vs_IL,100_vs_75,100_vs_110,_vs_,84.95389774,0.045454545,mapreduceclientcore_algo-wca_measure-uemnm_serial-100_stop-100.rsf | mapreduceclientcore_algo-limbo_measure-il_serial-110_stop-75.rsf
104,WCA_vs_LIMBO,UEMNM_vs_IL,100_vs_25,100_vs_25,_vs_,80.61712299,0.16,mapreduceclientcore_algo-wca_measure-uemnm_serial-100_stop-100.rsf | mapreduceclientcore_algo-limbo_measure-il_serial-25_stop-25.rsf
105,WCA_vs_LIMBO,UEMNM_vs_IL,100_vs_25,100_vs_30,_vs_,82.39375542,0.133333333,mapreduceclientcore_algo-wca_measure-uemnm_serial-100_stop-100.rsf | mapreduceclientcore_algo-limbo_measure-il_serial-30_stop-25.rsf
106,WCA_vs_LIMBO,UEMNM_vs_IL,100_vs_25,100_vs_40,_vs_,84.02417962,0.15,mapreduceclientcore_algo-wca_measure-uemnm_serial-100_stop-100.rsf | mapreduceclientcore_algo-limbo_measure-il_serial-40_stop-25.rsf
107,WCA_vs_LIMBO,UEMNM_vs_IL,100_vs_25,100_vs_50,_vs_,84.30782459,0.08,mapreduceclientcore_algo-wca_measure-uemnm_serial-100_stop-100.rsf | mapreduceclientcore_algo-limbo_measure-il_serial-50_stop-25.rsf
108,WCA_vs_LIMBO,UEMNM_vs_IL,100_vs_50,100_vs_50,_vs_,84.30782459,0.08,mapreduceclientcore_algo-wca_measure-uemnm_serial-100_stop-100.rsf | mapreduceclientcore_algo-limbo_measure-il_serial-50_stop-50.rsf
109,WCA_vs_LIMBO,UEMNM_vs_IL,100_vs_25,100_vs_60,_vs_,85.01712329,0.066666667,mapreduceclientcore_algo-wca_measure-uemnm_serial-100_stop-100.rsf | mapreduceclientcore_algo-limbo_measure-il_serial-60_stop-25.rsf
110,WCA_vs_LIMBO,UEMNM_vs_IL,100_vs_50,100_vs_60,_vs_,85.01712329,0.066666667,mapreduceclientcore_algo-wca_measure-uemnm_serial-100_stop-100.rsf | mapreduceclientcore_algo-limbo_measure-il_serial-60_stop-50.rsf
111,WCA_vs_LIMBO,UEMNM_vs_IL,100_vs_25,100_vs_70,_vs_,85.46462063,0.071428571,mapreduceclientcore_algo-wca_measure-uemnm_serial-100_stop-100.rsf | mapreduceclientcore_algo-limbo_measure-il_serial-70_stop-25.rsf
112,WCA_vs_LIMBO,UEMNM_vs_IL,100_vs_50,100_vs_70,_vs_,85.46462063,0.071428571,mapreduceclientcore_algo-wca_measure-uemnm_serial-100_stop-100.rsf | mapreduceclientcore_algo-limbo_measure-il_serial-70_stop-50.rsf
113,WCA_vs_LIMBO,UEMNM_vs_IL,100_vs_25,100_vs_80,_vs_,85.90831919,0.0875,mapreduceclientcore_algo-wca_measure-uemnm_serial-100_stop-100.rsf | mapreduceclientcore_algo-limbo_measure-il_serial-80_stop-25.rsf
114,WCA_vs_LIMBO,UEMNM_vs_IL,100_vs_50,100_vs_80,_vs_,85.90831919,0.0875,mapreduceclientcore_algo-wca_measure-uemnm_serial-100_stop-100.rsf | mapreduceclientcore_algo-limbo_measure-il_serial-80_stop-50.rsf
115,WCA_vs_LIMBO,UEMNM_vs_IL,100_vs_75,100_vs_80,_vs_,85.90831919,0.0875,mapreduceclientcore_algo-wca_measure-uemnm_serial-100_stop-100.rsf | mapreduceclientcore_algo-limbo_measure-il_serial-80_stop-75.rsf
116,WCA_vs_LIMBO,UEMNM_vs_IL,100_vs_25,100_vs_90,_vs_,85.88334742,0.088888889,mapreduceclientcore_algo-wca_measure-uemnm_serial-100_stop-100.rsf | mapreduceclientcore_algo-limbo_measure-il_serial-90_stop-25.rsf
117,WCA_vs_LIMBO,UEMNM_vs_IL,100_vs_50,100_vs_90,_vs_,85.88334742,0.088888889,mapreduceclientcore_algo-wca_measure-uemnm_serial-100_stop-100.rsf | mapreduceclientcore_algo-limbo_measure-il_serial-90_stop-50.rsf
118,WCA_vs_LIMBO,UEMNM_vs_IL,100_vs_75,100_vs_90,_vs_,85.88334742,0.088888889,mapreduceclientcore_algo-wca_measure-uemnm_serial-100_stop-100.rsf | mapreduceclientcore_algo-limbo_measure-il_serial-90_stop-75.rsf
119,WCA_vs_LIMBO,UEMNM_vs_IL,25_vs_100,100_vs_100,_vs_,85.81649832,0.07,mapreduceclientcore_algo-wca_measure-uemnm_serial-100_stop-25.rsf | mapreduceclientcore_algo-limbo_measure-il_serial-100_stop-100.rsf
120,WCA_vs_LIMBO,UEMNM_vs_IL,25_vs_25,100_vs_100,_vs_,85.81649832,0.07,mapreduceclientcore_algo-wca_measure-uemnm_serial-100_stop-25.rsf | mapreduceclientcore_algo-limbo_measure-il_serial-100_stop-25.rsf
121,WCA_vs_LIMBO,UEMNM_vs_IL,25_vs_50,100_vs_100,_vs_,85.81649832,0.07,mapreduceclientcore_algo-wca_measure-uemnm_serial-100_stop-25.rsf | mapreduceclientcore_algo-limbo_measure-il_serial-100_stop-50.rsf
122,WCA_vs_LIMBO,UEMNM_vs_IL,25_vs_75,100_vs_100,_vs_,85.81649832,0.07,mapreduceclientcore_algo-wca_measure-uemnm_serial-100_stop-25.rsf | mapreduceclientcore_algo-limbo_measure-il_serial-100_stop-75.rsf
123,WCA_vs_LIMBO,UEMNM_vs_IL,25_vs_100,100_vs_110,_vs_,84.95389774,0.045454545,mapreduceclientcore_algo-wca_measure-uemnm_serial-100_stop-25.rsf | mapreduceclientcore_algo-limbo_measure-il_serial-110_stop-100.rsf
124,WCA_vs_LIMBO,UEMNM_vs_IL,25_vs_25,100_vs_110,_vs_,84.95389774,0.045454545,mapreduceclientcore_algo-wca_measure-uemnm_serial-100_stop-25.rsf | mapreduceclientcore_algo-limbo_measure-il_serial-110_stop-25.rsf
125,WCA_vs_LIMBO,UEMNM_vs_IL,25_vs_50,100_vs_110,_vs_,84.95389774,0.045454545,mapreduceclientcore_algo-wca_measure-uemnm_serial-100_stop-25.rsf | mapreduceclientcore_algo-limbo_measure-il_serial-110_stop-50.rsf
126,WCA_vs_LIMBO,UEMNM_vs_IL,25_vs_75,100_vs_110,_vs_,84.95389774,0.045454545,mapreduceclientcore_algo-wca_measure-uemnm_serial-100_stop-25.rsf | mapreduceclientcore_algo-limbo_measure-il_serial-110_stop-75.rsf
127,WCA_vs_LIMBO,UEMNM_vs_IL,25_vs_25,100_vs_25,_vs_,80.61712299,0.16,mapreduceclientcore_algo-wca_measure-uemnm_serial-100_stop-25.rsf | mapreduceclientcore_algo-limbo_measure-il_serial-25_stop-25.rsf
128,WCA_vs_LIMBO,UEMNM_vs_IL,25_vs_25,100_vs_30,_vs_,82.39375542,0.133333333,mapreduceclientcore_algo-wca_measure-uemnm_serial-100_stop-25.rsf | mapreduceclientcore_algo-limbo_measure-il_serial-30_stop-25.rsf
129,WCA_vs_LIMBO,UEMNM_vs_IL,25_vs_25,100_vs_40,_vs_,84.02417962,0.15,mapreduceclientcore_algo-wca_measure-uemnm_serial-100_stop-25.rsf | mapreduceclientcore_algo-limbo_measure-il_serial-40_stop-25.rsf
130,WCA_vs_LIMBO,UEMNM_vs_IL,25_vs_25,100_vs_50,_vs_,84.30782459,0.08,mapreduceclientcore_algo-wca_measure-uemnm_serial-100_stop-25.rsf | mapreduceclientcore_algo-limbo_measure-il_serial-50_stop-25.rsf
131,WCA_vs_LIMBO,UEMNM_vs_IL,25_vs_50,100_vs_50,_vs_,84.30782459,0.08,mapreduceclientcore_algo-wca_measure-uemnm_serial-100_stop-25.rsf | mapreduceclientcore_algo-limbo_measure-il_serial-50_stop-50.rsf
132,WCA_vs_LIMBO,UEMNM_vs_IL,25_vs_25,100_vs_60,_vs_,85.01712329,0.066666667,mapreduceclientcore_algo-wca_measure-uemnm_serial-100_stop-25.rsf | mapreduceclientcore_algo-limbo_measure-il_serial-60_stop-25.rsf
133,WCA_vs_LIMBO,UEMNM_vs_IL,25_vs_50,100_vs_60,_vs_,85.01712329,0.066666667,mapreduceclientcore_algo-wca_measure-uemnm_serial-100_stop-25.rsf | mapreduceclientcore_algo-limbo_measure-il_serial-60_stop-50.rsf
134,WCA_vs_LIMBO,UEMNM_vs_IL,25_vs_25,100_vs_70,_vs_,85.46462063,0.071428571,mapreduceclientcore_algo-wca_measure-uemnm_serial-100_stop-25.rsf | mapreduceclientcore_algo-limbo_measure-il_serial-70_stop-25.rsf
135,WCA_vs_LIMBO,UEMNM_vs_IL,25_vs_50,100_vs_70,_vs_,85.46462063,0.071428571,mapreduceclientcore_algo-wca_measure-uemnm_serial-100_stop-25.rsf | mapreduceclientcore_algo-limbo_measure-il_serial-70_stop-50.rsf
136,WCA_vs_LIMBO,UEMNM_vs_IL,25_vs_25,100_vs_80,_vs_,85.90831919,0.0875,mapreduceclientcore_algo-wca_measure-uemnm_serial-100_stop-25.rsf | mapreduceclientcore_algo-limbo_measure-il_serial-80_stop-25.rsf
137,WCA_vs_LIMBO,UEMNM_vs_IL,25_vs_50,100_vs_80,_vs_,85.90831919,0.0875,mapreduceclientcore_algo-wca_measure-uemnm_serial-100_stop-25.rsf | mapreduceclientcore_algo-limbo_measure-il_serial-80_stop-50.rsf
138,WCA_vs_LIMBO,UEMNM_vs_IL,25_vs_75,100_vs_80,_vs_,85.90831919,0.0875,mapreduceclientcore_algo-wca_measure-uemnm_serial-100_stop-25.rsf | mapreduceclientcore_algo-limbo_measure-il_serial-80_stop-75.rsf
139,WCA_vs_LIMBO,UEMNM_vs_IL,25_vs_25,100_vs_90,_vs_,85.88334742,0.088888889,mapreduceclientcore_algo-wca_measure-uemnm_serial-100_stop-25.rsf | mapreduceclientcore_algo-limbo_measure-il_serial-90_stop-25.rsf
140,WCA_vs_LIMBO,UEMNM_vs_IL,25_vs_50,100_vs_90,_vs_,85.88334742,0.088888889,mapreduceclientcore_algo-wca_measure-uemnm_serial-100_stop-25.rsf | mapreduceclientcore_algo-limbo_measure-il_serial-90_stop-50.rsf
141,WCA_vs_LIMBO,UEMNM_vs_IL,25_vs_75,100_vs_90,_vs_,85.88334742,0.088888889,mapreduceclientcore_algo-wca_measure-uemnm_serial-100_stop-25.rsf | mapreduceclientcore_algo-limbo_measure-il_serial-90_stop-75.rsf
142,WCA_vs_LIMBO,UEMNM_vs_IL,50_vs_100,100_vs_100,_vs_,85.81649832,0.07,mapreduceclientcore_algo-wca_measure-uemnm_serial-100_stop-50.rsf | mapreduceclientcore_algo-limbo_measure-il_serial-100_stop-100.rsf
143,WCA_vs_LIMBO,UEMNM_vs_IL,50_vs_25,100_vs_100,_vs_,85.81649832,0.07,mapreduceclientcore_algo-wca_measure-uemnm_serial-100_stop-50.rsf | mapreduceclientcore_algo-limbo_measure-il_serial-100_stop-25.rsf
144,WCA_vs_LIMBO,UEMNM_vs_IL,50_vs_50,100_vs_100,_vs_,85.81649832,0.07,mapreduceclientcore_algo-wca_measure-uemnm_serial-100_stop-50.rsf | mapreduceclientcore_algo-limbo_measure-il_serial-100_stop-50.rsf
145,WCA_vs_LIMBO,UEMNM_vs_IL,50_vs_75,100_vs_100,_vs_,85.81649832,0.07,mapreduceclientcore_algo-wca_measure-uemnm_serial-100_stop-50.rsf | mapreduceclientcore_algo-limbo_measure-il_serial-100_stop-75.rsf
146,WCA_vs_LIMBO,UEMNM_vs_IL,50_vs_100,100_vs_110,_vs_,84.95389774,0.045454545,mapreduceclientcore_algo-wca_measure-uemnm_serial-100_stop-50.rsf | mapreduceclientcore_algo-limbo_measure-il_serial-110_stop-100.rsf
147,WCA_vs_LIMBO,UEMNM_vs_IL,50_vs_25,100_vs_110,_vs_,84.95389774,0.045454545,mapreduceclientcore_algo-wca_measure-uemnm_serial-100_stop-50.rsf | mapreduceclientcore_algo-limbo_measure-il_serial-110_stop-25.rsf
148,WCA_vs_LIMBO,UEMNM_vs_IL,50_vs_50,100_vs_110,_vs_,84.95389774,0.045454545,mapreduceclientcore_algo-wca_measure-uemnm_serial-100_stop-50.rsf | mapreduceclientcore_algo-limbo_measure-il_serial-110_stop-50.rsf
149,WCA_vs_LIMBO,UEMNM_vs_IL,50_vs_75,100_vs_110,_vs_,84.95389774,0.045454545,mapreduceclientcore_algo-wca_measure-uemnm_serial-100_stop-50.rsf | mapreduceclientcore_algo-limbo_measure-il_serial-110_stop-75.rsf
150,WCA_vs_LIMBO,UEMNM_vs_IL,50_vs_25,100_vs_25,_vs_,80.61712299,0.16,mapreduceclientcore_algo-wca_measure-uemnm_serial-100_stop-50.rsf | mapreduceclientcore_algo-limbo_measure-il_serial-25_stop-25.rsf
151,WCA_vs_LIMBO,UEMNM_vs_IL,50_vs_25,100_vs_30,_vs_,82.39375542,0.133333333,mapreduceclientcore_algo-wca_measure-uemnm_serial-100_stop-50.rsf | mapreduceclientcore_algo-limbo_measure-il_serial-30_stop-25.rsf
152,WCA_vs_LIMBO,UEMNM_vs_IL,50_vs_25,100_vs_40,_vs_,84.02417962,0.15,mapreduceclientcore_algo-wca_measure-uemnm_serial-100_stop-50.rsf | mapreduceclientcore_algo-limbo_measure-il_serial-40_stop-25.rsf
153,WCA_vs_LIMBO,UEMNM_vs_IL,50_vs_25,100_vs_50,_vs_,84.30782459,0.08,mapreduceclientcore_algo-wca_measure-uemnm_serial-100_stop-50.rsf | mapreduceclientcore_algo-limbo_measure-il_serial-50_stop-25.rsf
154,WCA_vs_LIMBO,UEMNM_vs_IL,50_vs_50,100_vs_50,_vs_,84.30782459,0.08,mapreduceclientcore_algo-wca_measure-uemnm_serial-100_stop-50.rsf | mapreduceclientcore_algo-limbo_measure-il_serial-50_stop-50.rsf
155,WCA_vs_LIMBO,UEMNM_vs_IL,50_vs_25,100_vs_60,_vs_,85.01712329,0.066666667,mapreduceclientcore_algo-wca_measure-uemnm_serial-100_stop-50.rsf | mapreduceclientcore_algo-limbo_measure-il_serial-60_stop-25.rsf
156,WCA_vs_LIMBO,UEMNM_vs_IL,50_vs_50,100_vs_60,_vs_,85.01712329,0.066666667,mapreduceclientcore_algo-wca_measure-uemnm_serial-100_stop-50.rsf | mapreduceclientcore_algo-limbo_measure-il_serial-60_stop-50.rsf
157,WCA_vs_LIMBO,UEMNM_vs_IL,50_vs_25,100_vs_70,_vs_,85.46462063,0.071428571,mapreduceclientcore_algo-wca_measure-uemnm_serial-100_stop-50.rsf | mapreduceclientcore_algo-limbo_measure-il_serial-70_stop-25.rsf
158,WCA_vs_LIMBO,UEMNM_vs_IL,50_vs_50,100_vs_70,_vs_,85.46462063,0.071428571,mapreduceclientcore_algo-wca_measure-uemnm_serial-100_stop-50.rsf | mapreduceclientcore_algo-limbo_measure-il_serial-70_stop-50.rsf
159,WCA_vs_LIMBO,UEMNM_vs_IL,50_vs_25,100_vs_80,_vs_,85.90831919,0.0875,mapreduceclientcore_algo-wca_measure-uemnm_serial-100_stop-50.rsf | mapreduceclientcore_algo-limbo_measure-il_serial-80_stop-25.rsf
160,WCA_vs_LIMBO,UEMNM_vs_IL,50_vs_50,100_vs_80,_vs_,85.90831919,0.0875,mapreduceclientcore_algo-wca_measure-uemnm_serial-100_stop-50.rsf | mapreduceclientcore_algo-limbo_measure-il_serial-80_stop-50.rsf
161,WCA_vs_LIMBO,UEMNM_vs_IL,50_vs_75,100_vs_80,_vs_,85.90831919,0.0875,mapreduceclientcore_algo-wca_measure-uemnm_serial-100_stop-50.rsf | mapreduceclientcore_algo-limbo_measure-il_serial-80_stop-75.rsf
162,WCA_vs_LIMBO,UEMNM_vs_IL,50_vs_25,100_vs_90,_vs_,85.88334742,0.088888889,mapreduceclientcore_algo-wca_measure-uemnm_serial-100_stop-50.rsf | mapreduceclientcore_algo-limbo_measure-il_serial-90_stop-25.rsf
163,WCA_vs_LIMBO,UEMNM_vs_IL,50_vs_50,100_vs_90,_vs_,85.88334742,0.088888889,mapreduceclientcore_algo-wca_measure-uemnm_serial-100_stop-50.rsf | mapreduceclientcore_algo-limbo_measure-il_serial-90_stop-50.rsf
164,WCA_vs_LIMBO,UEMNM_vs_IL,50_vs_75,100_vs_90,_vs_,85.88334742,0.088888889,mapreduceclientcore_algo-wca_measure-uemnm_serial-100_stop-50.rsf | mapreduceclientcore_algo-limbo_measure-il_serial-90_stop-75.rsf
165,WCA_vs_LIMBO,UEMNM_vs_IL,75_vs_100,100_vs_100,_vs_,85.81649832,0.07,mapreduceclientcore_algo-wca_measure-uemnm_serial-100_stop-75.rsf | mapreduceclientcore_algo-limbo_measure-il_serial-100_stop-100.rsf
166,WCA_vs_LIMBO,UEMNM_vs_IL,75_vs_25,100_vs_100,_vs_,85.81649832,0.07,mapreduceclientcore_algo-wca_measure-uemnm_serial-100_stop-75.rsf | mapreduceclientcore_algo-limbo_measure-il_serial-100_stop-25.rsf
167,WCA_vs_LIMBO,UEMNM_vs_IL,75_vs_50,100_vs_100,_vs_,85.81649832,0.07,mapreduceclientcore_algo-wca_measure-uemnm_serial-100_stop-75.rsf | mapreduceclientcore_algo-limbo_measure-il_serial-100_stop-50.rsf
168,WCA_vs_LIMBO,UEMNM_vs_IL,75_vs_75,100_vs_100,_vs_,85.81649832,0.07,mapreduceclientcore_algo-wca_measure-uemnm_serial-100_stop-75.rsf | mapreduceclientcore_algo-limbo_measure-il_serial-100_stop-75.rsf
169,WCA_vs_LIMBO,UEMNM_vs_IL,75_vs_100,100_vs_110,_vs_,84.95389774,0.045454545,mapreduceclientcore_algo-wca_measure-uemnm_serial-100_stop-75.rsf | mapreduceclientcore_algo-limbo_measure-il_serial-110_stop-100.rsf
170,WCA_vs_LIMBO,UEMNM_vs_IL,75_vs_25,100_vs_110,_vs_,84.95389774,0.045454545,mapreduceclientcore_algo-wca_measure-uemnm_serial-100_stop-75.rsf | mapreduceclientcore_algo-limbo_measure-il_serial-110_stop-25.rsf
171,WCA_vs_LIMBO,UEMNM_vs_IL,75_vs_50,100_vs_110,_vs_,84.95389774,0.045454545,mapreduceclientcore_algo-wca_measure-uemnm_serial-100_stop-75.rsf | mapreduceclientcore_algo-limbo_measure-il_serial-110_stop-50.rsf
172,WCA_vs_LIMBO,UEMNM_vs_IL,75_vs_75,100_vs_110,_vs_,84.95389774,0.045454545,mapreduceclientcore_algo-wca_measure-uemnm_serial-100_stop-75.rsf | mapreduceclientcore_algo-limbo_measure-il_serial-110_stop-75.rsf
173,WCA_vs_LIMBO,UEMNM_vs_IL,75_vs_25,100_vs_25,_vs_,80.61712299,0.16,mapreduceclientcore_algo-wca_measure-uemnm_serial-100_stop-75.rsf | mapreduceclientcore_algo-limbo_measure-il_serial-25_stop-25.rsf
174,WCA_vs_LIMBO,UEMNM_vs_IL,75_vs_25,100_vs_30,_vs_,82.39375542,0.133333333,mapreduceclientcore_algo-wca_measure-uemnm_serial-100_stop-75.rsf | mapreduceclientcore_algo-limbo_measure-il_serial-30_stop-25.rsf
175,WCA_vs_LIMBO,UEMNM_vs_IL,75_vs_25,100_vs_40,_vs_,84.02417962,0.15,mapreduceclientcore_algo-wca_measure-uemnm_serial-100_stop-75.rsf | mapreduceclientcore_algo-limbo_measure-il_serial-40_stop-25.rsf
176,WCA_vs_LIMBO,UEMNM_vs_IL,75_vs_25,100_vs_50,_vs_,84.30782459,0.08,mapreduceclientcore_algo-wca_measure-uemnm_serial-100_stop-75.rsf | mapreduceclientcore_algo-limbo_measure-il_serial-50_stop-25.rsf
177,WCA_vs_LIMBO,UEMNM_vs_IL,75_vs_50,100_vs_50,_vs_,84.30782459,0.08,mapreduceclientcore_algo-wca_measure-uemnm_serial-100_stop-75.rsf | mapreduceclientcore_algo-limbo_measure-il_serial-50_stop-50.rsf
178,WCA_vs_LIMBO,UEMNM_vs_IL,75_vs_25,100_vs_60,_vs_,85.01712329,0.066666667,mapreduceclientcore_algo-wca_measure-uemnm_serial-100_stop-75.rsf | mapreduceclientcore_algo-limbo_measure-il_serial-60_stop-25.rsf
179,WCA_vs_LIMBO,UEMNM_vs_IL,75_vs_50,100_vs_60,_vs_,85.01712329,0.066666667,mapreduceclientcore_algo-wca_measure-uemnm_serial-100_stop-75.rsf | mapreduceclientcore_algo-limbo_measure-il_serial-60_stop-50.rsf
180,WCA_vs_LIMBO,UEMNM_vs_IL,75_vs_25,100_vs_70,_vs_,85.46462063,0.071428571,mapreduceclientcore_algo-wca_measure-uemnm_serial-100_stop-75.rsf | mapreduceclientcore_algo-limbo_measure-il_serial-70_stop-25.rsf
181,WCA_vs_LIMBO,UEMNM_vs_IL,75_vs_50,100_vs_70,_vs_,85.46462063,0.071428571,mapreduceclientcore_algo-wca_measure-uemnm_serial-100_stop-75.rsf | mapreduceclientcore_algo-limbo_measure-il_serial-70_stop-50.rsf
182,WCA_vs_LIMBO,UEMNM_vs_IL,75_vs_25,100_vs_80,_vs_,85.90831919,0.0875,mapreduceclientcore_algo-wca_measure-uemnm_serial-100_stop-75.rsf | mapreduceclientcore_algo-limbo_measure-il_serial-80_stop-25.rsf
183,WCA_vs_LIMBO,UEMNM_vs_IL,75_vs_50,100_vs_80,_vs_,85.90831919,0.0875,mapreduceclientcore_algo-wca_measure-uemnm_serial-100_stop-75.rsf | mapreduceclientcore_algo-limbo_measure-il_serial-80_stop-50.rsf
184,WCA_vs_LIMBO,UEMNM_vs_IL,75_vs_75,100_vs_80,_vs_,85.90831919,0.0875,mapreduceclientcore_algo-wca_measure-uemnm_serial-100_stop-75.rsf | mapreduceclientcore_algo-limbo_measure-il_serial-80_stop-75.rsf
185,WCA_vs_LIMBO,UEMNM_vs_IL,75_vs_25,100_vs_90,_vs_,85.88334742,0.088888889,mapreduceclientcore_algo-wca_measure-uemnm_serial-100_stop-75.rsf | mapreduceclientcore_algo-limbo_measure-il_serial-90_stop-25.rsf
186,WCA_vs_LIMBO,UEMNM_vs_IL,75_vs_50,100_vs_90,_vs_,85.88334742,0.088888889,mapreduceclientcore_algo-wca_measure-uemnm_serial-100_stop-75.rsf | mapreduceclientcore_algo-limbo_measure-il_serial-90_stop-50.rsf
187,WCA_vs_LIMBO,UEMNM_vs_IL,75_vs_75,100_vs_90,_vs_,85.88334742,0.088888889,mapreduceclientcore_algo-wca_measure-uemnm_serial-100_stop-75.rsf | mapreduceclientcore_algo-limbo_measure-il_serial-90_stop-75.rsf
188,WCA_vs_LIMBO,UEMNM_vs_IL,100_vs_100,110_vs_100,_vs_,86.63034367,0.13,mapreduceclientcore_algo-wca_measure-uemnm_serial-110_stop-100.rsf | mapreduceclientcore_algo-limbo_measure-il_serial-100_stop-100.rsf
189,WCA_vs_LIMBO,UEMNM_vs_IL,100_vs_25,110_vs_100,_vs_,86.63034367,0.13,mapreduceclientcore_algo-wca_measure-uemnm_serial-110_stop-100.rsf | mapreduceclientcore_algo-limbo_measure-il_serial-100_stop-25.rsf
190,WCA_vs_LIMBO,UEMNM_vs_IL,100_vs_50,110_vs_100,_vs_,86.63034367,0.13,mapreduceclientcore_algo-wca_measure-uemnm_serial-110_stop-100.rsf | mapreduceclientcore_algo-limbo_measure-il_serial-100_stop-50.rsf
191,WCA_vs_LIMBO,UEMNM_vs_IL,100_vs_75,110_vs_100,_vs_,86.63034367,0.13,mapreduceclientcore_algo-wca_measure-uemnm_serial-110_stop-100.rsf | mapreduceclientcore_algo-limbo_measure-il_serial-100_stop-75.rsf
192,WCA_vs_LIMBO,UEMNM_vs_IL,100_vs_100,110_vs_110,_vs_,86.85308848,0.109090909,mapreduceclientcore_algo-wca_measure-uemnm_serial-110_stop-100.rsf | mapreduceclientcore_algo-limbo_measure-il_serial-110_stop-100.rsf
193,WCA_vs_LIMBO,UEMNM_vs_IL,100_vs_25,110_vs_110,_vs_,86.85308848,0.109090909,mapreduceclientcore_algo-wca_measure-uemnm_serial-110_stop-100.rsf | mapreduceclientcore_algo-limbo_measure-il_serial-110_stop-25.rsf
194,WCA_vs_LIMBO,UEMNM_vs_IL,100_vs_50,110_vs_110,_vs_,86.85308848,0.109090909,mapreduceclientcore_algo-wca_measure-uemnm_serial-110_stop-100.rsf | mapreduceclientcore_algo-limbo_measure-il_serial-110_stop-50.rsf
195,WCA_vs_LIMBO,UEMNM_vs_IL,100_vs_75,110_vs_110,_vs_,86.85308848,0.109090909,mapreduceclientcore_algo-wca_measure-uemnm_serial-110_stop-100.rsf | mapreduceclientcore_algo-limbo_measure-il_serial-110_stop-75.rsf
196,WCA_vs_LIMBO,UEMNM_vs_IL,100_vs_25,110_vs_25,_vs_,80.05192557,0.24,mapreduceclientcore_algo-wca_measure-uemnm_serial-110_stop-100.rsf | mapreduceclientcore_algo-limbo_measure-il_serial-25_stop-25.rsf
197,WCA_vs_LIMBO,UEMNM_vs_IL,100_vs_25,110_vs_30,_vs_,81.95164076,0.2,mapreduceclientcore_algo-wca_measure-uemnm_serial-110_stop-100.rsf | mapreduceclientcore_algo-limbo_measure-il_serial-30_stop-25.rsf
198,WCA_vs_LIMBO,UEMNM_vs_IL,100_vs_25,110_vs_40,_vs_,83.27601032,0.2,mapreduceclientcore_algo-wca_measure-uemnm_serial-110_stop-100.rsf | mapreduceclientcore_algo-limbo_measure-il_serial-40_stop-25.rsf
199,WCA_vs_LIMBO,UEMNM_vs_IL,100_vs_25,110_vs_50,_vs_,83.94691781,0.14,mapreduceclientcore_algo-wca_measure-uemnm_serial-110_stop-100.rsf | mapreduceclientcore_algo-limbo_measure-il_serial-50_stop-25.rsf
200,WCA_vs_LIMBO,UEMNM_vs_IL,100_vs_50,110_vs_50,_vs_,83.94691781,0.14,mapreduceclientcore_algo-wca_measure-uemnm_serial-110_stop-100.rsf | mapreduceclientcore_algo-limbo_measure-il_serial-50_stop-50.rsf
201,WCA_vs_LIMBO,UEMNM_vs_IL,100_vs_25,110_vs_60,_vs_,84.82523444,0.116666667,mapreduceclientcore_algo-wca_measure-uemnm_serial-110_stop-100.rsf | mapreduceclientcore_algo-limbo_measure-il_serial-60_stop-25.rsf
202,WCA_vs_LIMBO,UEMNM_vs_IL,100_vs_50,110_vs_60,_vs_,84.82523444,0.116666667,mapreduceclientcore_algo-wca_measure-uemnm_serial-110_stop-100.rsf | mapreduceclientcore_algo-limbo_measure-il_serial-60_stop-50.rsf
203,WCA_vs_LIMBO,UEMNM_vs_IL,100_vs_25,110_vs_70,_vs_,85.3565365,0.128571429,mapreduceclientcore_algo-wca_measure-uemnm_serial-110_stop-100.rsf | mapreduceclientcore_algo-limbo_measure-il_serial-70_stop-25.rsf
204,WCA_vs_LIMBO,UEMNM_vs_IL,100_vs_50,110_vs_70,_vs_,85.3565365,0.128571429,mapreduceclientcore_algo-wca_measure-uemnm_serial-110_stop-100.rsf | mapreduceclientcore_algo-limbo_measure-il_serial-70_stop-50.rsf
205,WCA_vs_LIMBO,UEMNM_vs_IL,100_vs_25,110_vs_80,_vs_,86.17920541,0.15,mapreduceclientcore_algo-wca_measure-uemnm_serial-110_stop-100.rsf | mapreduceclientcore_algo-limbo_measure-il_serial-80_stop-25.rsf
206,WCA_vs_LIMBO,UEMNM_vs_IL,100_vs_50,110_vs_80,_vs_,86.17920541,0.15,mapreduceclientcore_algo-wca_measure-uemnm_serial-110_stop-100.rsf | mapreduceclientcore_algo-limbo_measure-il_serial-80_stop-50.rsf
207,WCA_vs_LIMBO,UEMNM_vs_IL,100_vs_75,110_vs_80,_vs_,86.17920541,0.15,mapreduceclientcore_algo-wca_measure-uemnm_serial-110_stop-100.rsf | mapreduceclientcore_algo-limbo_measure-il_serial-80_stop-75.rsf
208,WCA_vs_LIMBO,UEMNM_vs_IL,100_vs_25,110_vs_90,_vs_,86.23737374,0.144444444,mapreduceclientcore_algo-wca_measure-uemnm_serial-110_stop-100.rsf | mapreduceclientcore_algo-limbo_measure-il_serial-90_stop-25.rsf
209,WCA_vs_LIMBO,UEMNM_vs_IL,100_vs_50,110_vs_90,_vs_,86.23737374,0.144444444,mapreduceclientcore_algo-wca_measure-uemnm_serial-110_stop-100.rsf | mapreduceclientcore_algo-limbo_measure-il_serial-90_stop-50.rsf
210,WCA_vs_LIMBO,UEMNM_vs_IL,100_vs_75,110_vs_90,_vs_,86.23737374,0.144444444,mapreduceclientcore_algo-wca_measure-uemnm_serial-110_stop-100.rsf | mapreduceclientcore_algo-limbo_measure-il_serial-90_stop-75.rsf
211,WCA_vs_LIMBO,UEMNM_vs_IL,25_vs_100,110_vs_100,_vs_,86.63034367,0.13,mapreduceclientcore_algo-wca_measure-uemnm_serial-110_stop-25.rsf | mapreduceclientcore_algo-limbo_measure-il_serial-100_stop-100.rsf
212,WCA_vs_LIMBO,UEMNM_vs_IL,25_vs_25,110_vs_100,_vs_,86.63034367,0.13,mapreduceclientcore_algo-wca_measure-uemnm_serial-110_stop-25.rsf | mapreduceclientcore_algo-limbo_measure-il_serial-100_stop-25.rsf
213,WCA_vs_LIMBO,UEMNM_vs_IL,25_vs_50,110_vs_100,_vs_,86.63034367,0.13,mapreduceclientcore_algo-wca_measure-uemnm_serial-110_stop-25.rsf | mapreduceclientcore_algo-limbo_measure-il_serial-100_stop-50.rsf
214,WCA_vs_LIMBO,UEMNM_vs_IL,25_vs_75,110_vs_100,_vs_,86.63034367,0.13,mapreduceclientcore_algo-wca_measure-uemnm_serial-110_stop-25.rsf | mapreduceclientcore_algo-limbo_measure-il_serial-100_stop-75.rsf
215,WCA_vs_LIMBO,UEMNM_vs_IL,25_vs_100,110_vs_110,_vs_,86.85308848,0.109090909,mapreduceclientcore_algo-wca_measure-uemnm_serial-110_stop-25.rsf | mapreduceclientcore_algo-limbo_measure-il_serial-110_stop-100.rsf
216,WCA_vs_LIMBO,UEMNM_vs_IL,25_vs_25,110_vs_110,_vs_,86.85308848,0.109090909,mapreduceclientcore_algo-wca_measure-uemnm_serial-110_stop-25.rsf | mapreduceclientcore_algo-limbo_measure-il_serial-110_stop-25.rsf
217,WCA_vs_LIMBO,UEMNM_vs_IL,25_vs_50,110_vs_110,_vs_,86.85308848,0.109090909,mapreduceclientcore_algo-wca_measure-uemnm_serial-110_stop-25.rsf | mapreduceclientcore_algo-limbo_measure-il_serial-110_stop-50.rsf
218,WCA_vs_LIMBO,UEMNM_vs_IL,25_vs_75,110_vs_110,_vs_,86.85308848,0.109090909,mapreduceclientcore_algo-wca_measure-uemnm_serial-110_stop-25.rsf | mapreduceclientcore_algo-limbo_measure-il_serial-110_stop-75.rsf
219,WCA_vs_LIMBO,UEMNM_vs_IL,25_vs_25,110_vs_25,_vs_,80.05192557,0.24,mapreduceclientcore_algo-wca_measure-uemnm_serial-110_stop-25.rsf | mapreduceclientcore_algo-limbo_measure-il_serial-25_stop-25.rsf
220,WCA_vs_LIMBO,UEMNM_vs_IL,25_vs_25,110_vs_30,_vs_,81.95164076,0.2,mapreduceclientcore_algo-wca_measure-uemnm_serial-110_stop-25.rsf | mapreduceclientcore_algo-limbo_measure-il_serial-30_stop-25.rsf
221,WCA_vs_LIMBO,UEMNM_vs_IL,25_vs_25,110_vs_40,_vs_,83.27601032,0.2,mapreduceclientcore_algo-wca_measure-uemnm_serial-110_stop-25.rsf | mapreduceclientcore_algo-limbo_measure-il_serial-40_stop-25.rsf
222,WCA_vs_LIMBO,UEMNM_vs_IL,25_vs_25,110_vs_50,_vs_,83.94691781,0.14,mapreduceclientcore_algo-wca_measure-uemnm_serial-110_stop-25.rsf | mapreduceclientcore_algo-limbo_measure-il_serial-50_stop-25.rsf
223,WCA_vs_LIMBO,UEMNM_vs_IL,25_vs_50,110_vs_50,_vs_,83.94691781,0.14,mapreduceclientcore_algo-wca_measure-uemnm_serial-110_stop-25.rsf | mapreduceclientcore_algo-limbo_measure-il_serial-50_stop-50.rsf
224,WCA_vs_LIMBO,UEMNM_vs_IL,25_vs_25,110_vs_60,_vs_,84.82523444,0.116666667,mapreduceclientcore_algo-wca_measure-uemnm_serial-110_stop-25.rsf | mapreduceclientcore_algo-limbo_measure-il_serial-60_stop-25.rsf
225,WCA_vs_LIMBO,UEMNM_vs_IL,25_vs_50,110_vs_60,_vs_,84.82523444,0.116666667,mapreduceclientcore_algo-wca_measure-uemnm_serial-110_stop-25.rsf | mapreduceclientcore_algo-limbo_measure-il_serial-60_stop-50.rsf
226,WCA_vs_LIMBO,UEMNM_vs_IL,25_vs_25,110_vs_70,_vs_,85.3565365,0.128571429,mapreduceclientcore_algo-wca_measure-uemnm_serial-110_stop-25.rsf | mapreduceclientcore_algo-limbo_measure-il_serial-70_stop-25.rsf
227,WCA_vs_LIMBO,UEMNM_vs_IL,25_vs_50,110_vs_70,_vs_,85.3565365,0.128571429,mapreduceclientcore_algo-wca_measure-uemnm_serial-110_stop-25.rsf | mapreduceclientcore_algo-limbo_measure-il_serial-70_stop-50.rsf
228,WCA_vs_LIMBO,UEMNM_vs_IL,25_vs_25,110_vs_80,_vs_,86.17920541,0.15,mapreduceclientcore_algo-wca_measure-uemnm_serial-110_stop-25.rsf | mapreduceclientcore_algo-limbo_measure-il_serial-80_stop-25.rsf
229,WCA_vs_LIMBO,UEMNM_vs_IL,25_vs_50,110_vs_80,_vs_,86.17920541,0.15,mapreduceclientcore_algo-wca_measure-uemnm_serial-110_stop-25.rsf | mapreduceclientcore_algo-limbo_measure-il_serial-80_stop-50.rsf
230,WCA_vs_LIMBO,UEMNM_vs_IL,25_vs_75,110_vs_80,_vs_,86.17920541,0.15,mapreduceclientcore_algo-wca_measure-uemnm_serial-110_stop-25.rsf | mapreduceclientcore_algo-limbo_measure-il_serial-80_stop-75.rsf
231,WCA_vs_LIMBO,UEMNM_vs_IL,25_vs_25,110_vs_90,_vs_,86.23737374,0.144444444,mapreduceclientcore_algo-wca_measure-uemnm_serial-110_stop-25.rsf | mapreduceclientcore_algo-limbo_measure-il_serial-90_stop-25.rsf
232,WCA_vs_LIMBO,UEMNM_vs_IL,25_vs_50,110_vs_90,_vs_,86.23737374,0.144444444,mapreduceclientcore_algo-wca_measure-uemnm_serial-110_stop-25.rsf | mapreduceclientcore_algo-limbo_measure-il_serial-90_stop-50.rsf
233,WCA_vs_LIMBO,UEMNM_vs_IL,25_vs_75,110_vs_90,_vs_,86.23737374,0.144444444,mapreduceclientcore_algo-wca_measure-uemnm_serial-110_stop-25.rsf | mapreduceclientcore_algo-limbo_measure-il_serial-90_stop-75.rsf
234,WCA_vs_LIMBO,UEMNM_vs_IL,50_vs_100,110_vs_100,_vs_,86.63034367,0.13,mapreduceclientcore_algo-wca_measure-uemnm_serial-110_stop-50.rsf | mapreduceclientcore_algo-limbo_measure-il_serial-100_stop-100.rsf
235,WCA_vs_LIMBO,UEMNM_vs_IL,50_vs_25,110_vs_100,_vs_,86.63034367,0.13,mapreduceclientcore_algo-wca_measure-uemnm_serial-110_stop-50.rsf | mapreduceclientcore_algo-limbo_measure-il_serial-100_stop-25.rsf
236,WCA_vs_LIMBO,UEMNM_vs_IL,50_vs_50,110_vs_100,_vs_,86.63034367,0.13,mapreduceclientcore_algo-wca_measure-uemnm_serial-110_stop-50.rsf | mapreduceclientcore_algo-limbo_measure-il_serial-100_stop-50.rsf
237,WCA_vs_LIMBO,UEMNM_vs_IL,50_vs_75,110_vs_100,_vs_,86.63034367,0.13,mapreduceclientcore_algo-wca_measure-uemnm_serial-110_stop-50.rsf | mapreduceclientcore_algo-limbo_measure-il_serial-100_stop-75.rsf
238,WCA_vs_LIMBO,UEMNM_vs_IL,50_vs_100,110_vs_110,_vs_,86.85308848,0.109090909,mapreduceclientcore_algo-wca_measure-uemnm_serial-110_stop-50.rsf | mapreduceclientcore_algo-limbo_measure-il_serial-110_stop-100.rsf
239,WCA_vs_LIMBO,UEMNM_vs_IL,50_vs_25,110_vs_110,_vs_,86.85308848,0.109090909,mapreduceclientcore_algo-wca_measure-uemnm_serial-110_stop-50.rsf | mapreduceclientcore_algo-limbo_measure-il_serial-110_stop-25.rsf
240,WCA_vs_LIMBO,UEMNM_vs_IL,50_vs_50,110_vs_110,_vs_,86.85308848,0.109090909,mapreduceclientcore_algo-wca_measure-uemnm_serial-110_stop-50.rsf | mapreduceclientcore_algo-limbo_measure-il_serial-110_stop-50.rsf
241,WCA_vs_LIMBO,UEMNM_vs_IL,50_vs_75,110_vs_110,_vs_,86.85308848,0.109090909,mapreduceclientcore_algo-wca_measure-uemnm_serial-110_stop-50.rsf | mapreduceclientcore_algo-limbo_measure-il_serial-110_stop-75.rsf
242,WCA_vs_LIMBO,UEMNM_vs_IL,50_vs_25,110_vs_25,_vs_,80.05192557,0.24,mapreduceclientcore_algo-wca_measure-uemnm_serial-110_stop-50.rsf | mapreduceclientcore_algo-limbo_measure-il_serial-25_stop-25.rsf
243,WCA_vs_LIMBO,UEMNM_vs_IL,50_vs_25,110_vs_30,_vs_,81.95164076,0.2,mapreduceclientcore_algo-wca_measure-uemnm_serial-110_stop-50.rsf | mapreduceclientcore_algo-limbo_measure-il_serial-30_stop-25.rsf
244,WCA_vs_LIMBO,UEMNM_vs_IL,50_vs_25,110_vs_40,_vs_,83.27601032,0.2,mapreduceclientcore_algo-wca_measure-uemnm_serial-110_stop-50.rsf | mapreduceclientcore_algo-limbo_measure-il_serial-40_stop-25.rsf
245,WCA_vs_LIMBO,UEMNM_vs_IL,50_vs_25,110_vs_50,_vs_,83.94691781,0.14,mapreduceclientcore_algo-wca_measure-uemnm_serial-110_stop-50.rsf | mapreduceclientcore_algo-limbo_measure-il_serial-50_stop-25.rsf
246,WCA_vs_LIMBO,UEMNM_vs_IL,50_vs_50,110_vs_50,_vs_,83.94691781,0.14,mapreduceclientcore_algo-wca_measure-uemnm_serial-110_stop-50.rsf | mapreduceclientcore_algo-limbo_measure-il_serial-50_stop-50.rsf
247,WCA_vs_LIMBO,UEMNM_vs_IL,50_vs_25,110_vs_60,_vs_,84.82523444,0.116666667,mapreduceclientcore_algo-wca_measure-uemnm_serial-110_stop-50.rsf | mapreduceclientcore_algo-limbo_measure-il_serial-60_stop-25.rsf
248,WCA_vs_LIMBO,UEMNM_vs_IL,50_vs_50,110_vs_60,_vs_,84.82523444,0.116666667,mapreduceclientcore_algo-wca_measure-uemnm_serial-110_stop-50.rsf | mapreduceclientcore_algo-limbo_measure-il_serial-60_stop-50.rsf
249,WCA_vs_LIMBO,UEMNM_vs_IL,50_vs_25,110_vs_70,_vs_,85.3565365,0.128571429,mapreduceclientcore_algo-wca_measure-uemnm_serial-110_stop-50.rsf | mapreduceclientcore_algo-limbo_measure-il_serial-70_stop-25.rsf
250,WCA_vs_LIMBO,UEMNM_vs_IL,50_vs_50,110_vs_70,_vs_,85.3565365,0.128571429,mapreduceclientcore_algo-wca_measure-uemnm_serial-110_stop-50.rsf | mapreduceclientcore_algo-limbo_measure-il_serial-70_stop-50.rsf
251,WCA_vs_LIMBO,UEMNM_vs_IL,50_vs_25,110_vs_80,_vs_,86.17920541,0.15,mapreduceclientcore_algo-wca_measure-uemnm_serial-110_stop-50.rsf | mapreduceclientcore_algo-limbo_measure-il_serial-80_stop-25.rsf
252,WCA_vs_LIMBO,UEMNM_vs_IL,50_vs_50,110_vs_80,_vs_,86.17920541,0.15,mapreduceclientcore_algo-wca_measure-uemnm_serial-110_stop-50.rsf | mapreduceclientcore_algo-limbo_measure-il_serial-80_stop-50.rsf
253,WCA_vs_LIMBO,UEMNM_vs_IL,50_vs_75,110_vs_80,_vs_,86.17920541,0.15,mapreduceclientcore_algo-wca_measure-uemnm_serial-110_stop-50.rsf | mapreduceclientcore_algo-limbo_measure-il_serial-80_stop-75.rsf
254,WCA_vs_LIMBO,UEMNM_vs_IL,50_vs_25,110_vs_90,_vs_,86.23737374,0.144444444,mapreduceclientcore_algo-wca_measure-uemnm_serial-110_stop-50.rsf | mapreduceclientcore_algo-limbo_measure-il_serial-90_stop-25.rsf
255,WCA_vs_LIMBO,UEMNM_vs_IL,50_vs_50,110_vs_90,_vs_,86.23737374,0.144444444,mapreduceclientcore_algo-wca_measure-uemnm_serial-110_stop-50.rsf | mapreduceclientcore_algo-limbo_measure-il_serial-90_stop-50.rsf
256,WCA_vs_LIMBO,UEMNM_vs_IL,50_vs_75,110_vs_90,_vs_,86.23737374,0.144444444,mapreduceclientcore_algo-wca_measure-uemnm_serial-110_stop-50.rsf | mapreduceclientcore_algo-limbo_measure-il_serial-90_stop-75.rsf
257,WCA_vs_LIMBO,UEMNM_vs_IL,75_vs_100,110_vs_100,_vs_,86.63034367,0.13,mapreduceclientcore_algo-wca_measure-uemnm_serial-110_stop-75.rsf | mapreduceclientcore_algo-limbo_measure-il_serial-100_stop-100.rsf
258,WCA_vs_LIMBO,UEMNM_vs_IL,75_vs_25,110_vs_100,_vs_,86.63034367,0.13,mapreduceclientcore_algo-wca_measure-uemnm_serial-110_stop-75.rsf | mapreduceclientcore_algo-limbo_measure-il_serial-100_stop-25.rsf
259,WCA_vs_LIMBO,UEMNM_vs_IL,75_vs_50,110_vs_100,_vs_,86.63034367,0.13,mapreduceclientcore_algo-wca_measure-uemnm_serial-110_stop-75.rsf | mapreduceclientcore_algo-limbo_measure-il_serial-100_stop-50.rsf
260,WCA_vs_LIMBO,UEMNM_vs_IL,75_vs_75,110_vs_100,_vs_,86.63034367,0.13,mapreduceclientcore_algo-wca_measure-uemnm_serial-110_stop-75.rsf | mapreduceclientcore_algo-limbo_measure-il_serial-100_stop-75.rsf
261,WCA_vs_LIMBO,UEMNM_vs_IL,75_vs_100,110_vs_110,_vs_,86.85308848,0.109090909,mapreduceclientcore_algo-wca_measure-uemnm_serial-110_stop-75.rsf | mapreduceclientcore_algo-limbo_measure-il_serial-110_stop-100.rsf
262,WCA_vs_LIMBO,UEMNM_vs_IL,75_vs_25,110_vs_110,_vs_,86.85308848,0.109090909,mapreduceclientcore_algo-wca_measure-uemnm_serial-110_stop-75.rsf | mapreduceclientcore_algo-limbo_measure-il_serial-110_stop-25.rsf
263,WCA_vs_LIMBO,UEMNM_vs_IL,75_vs_50,110_vs_110,_vs_,86.85308848,0.109090909,mapreduceclientcore_algo-wca_measure-uemnm_serial-110_stop-75.rsf | mapreduceclientcore_algo-limbo_measure-il_serial-110_stop-50.rsf
264,WCA_vs_LIMBO,UEMNM_vs_IL,75_vs_75,110_vs_110,_vs_,86.85308848,0.109090909,mapreduceclientcore_algo-wca_measure-uemnm_serial-110_stop-75.rsf | mapreduceclientcore_algo-limbo_measure-il_serial-110_stop-75.rsf
265,WCA_vs_LIMBO,UEMNM_vs_IL,75_vs_25,110_vs_25,_vs_,80.05192557,0.24,mapreduceclientcore_algo-wca_measure-uemnm_serial-110_stop-75.rsf | mapreduceclientcore_algo-limbo_measure-il_serial-25_stop-25.rsf
266,WCA_vs_LIMBO,UEMNM_vs_IL,75_vs_25,110_vs_30,_vs_,81.95164076,0.2,mapreduceclientcore_algo-wca_measure-uemnm_serial-110_stop-75.rsf | mapreduceclientcore_algo-limbo_measure-il_serial-30_stop-25.rsf
267,WCA_vs_LIMBO,UEMNM_vs_IL,75_vs_25,110_vs_40,_vs_,83.27601032,0.2,mapreduceclientcore_algo-wca_measure-uemnm_serial-110_stop-75.rsf | mapreduceclientcore_algo-limbo_measure-il_serial-40_stop-25.rsf
268,WCA_vs_LIMBO,UEMNM_vs_IL,75_vs_25,110_vs_50,_vs_,83.94691781,0.14,mapreduceclientcore_algo-wca_measure-uemnm_serial-110_stop-75.rsf | mapreduceclientcore_algo-limbo_measure-il_serial-50_stop-25.rsf
269,WCA_vs_LIMBO,UEMNM_vs_IL,75_vs_50,110_vs_50,_vs_,83.94691781,0.14,mapreduceclientcore_algo-wca_measure-uemnm_serial-110_stop-75.rsf | mapreduceclientcore_algo-limbo_measure-il_serial-50_stop-50.rsf
270,WCA_vs_LIMBO,UEMNM_vs_IL,75_vs_25,110_vs_60,_vs_,84.82523444,0.116666667,mapreduceclientcore_algo-wca_measure-uemnm_serial-110_stop-75.rsf | mapreduceclientcore_algo-limbo_measure-il_serial-60_stop-25.rsf
271,WCA_vs_LIMBO,UEMNM_vs_IL,75_vs_50,110_vs_60,_vs_,84.82523444,0.116666667,mapreduceclientcore_algo-wca_measure-uemnm_serial-110_stop-75.rsf | mapreduceclientcore_algo-limbo_measure-il_serial-60_stop-50.rsf
272,WCA_vs_LIMBO,UEMNM_vs_IL,75_vs_25,110_vs_70,_vs_,85.3565365,0.128571429,mapreduceclientcore_algo-wca_measure-uemnm_serial-110_stop-75.rsf | mapreduceclientcore_algo-limbo_measure-il_serial-70_stop-25.rsf
273,WCA_vs_LIMBO,UEMNM_vs_IL,75_vs_50,110_vs_70,_vs_,85.3565365,0.128571429,mapreduceclientcore_algo-wca_measure-uemnm_serial-110_stop-75.rsf | mapreduceclientcore_algo-limbo_measure-il_serial-70_stop-50.rsf
274,WCA_vs_LIMBO,UEMNM_vs_IL,75_vs_25,110_vs_80,_vs_,86.17920541,0.15,mapreduceclientcore_algo-wca_measure-uemnm_serial-110_stop-75.rsf | mapreduceclientcore_algo-limbo_measure-il_serial-80_stop-25.rsf
275,WCA_vs_LIMBO,UEMNM_vs_IL,75_vs_50,110_vs_80,_vs_,86.17920541,0.15,mapreduceclientcore_algo-wca_measure-uemnm_serial-110_stop-75.rsf | mapreduceclientcore_algo-limbo_measure-il_serial-80_stop-50.rsf
276,WCA_vs_LIMBO,UEMNM_vs_IL,75_vs_75,110_vs_80,_vs_,86.17920541,0.15,mapreduceclientcore_algo-wca_measure-uemnm_serial-110_stop-75.rsf | mapreduceclientcore_algo-limbo_measure-il_serial-80_stop-75.rsf
277,WCA_vs_LIMBO,UEMNM_vs_IL,75_vs_25,110_vs_90,_vs_,86.23737374,0.144444444,mapreduceclientcore_algo-wca_measure-uemnm_serial-110_stop-75.rsf | mapreduceclientcore_algo-limbo_measure-il_serial-90_stop-25.rsf
278,WCA_vs_LIMBO,UEMNM_vs_IL,75_vs_50,110_vs_90,_vs_,86.23737374,0.144444444,mapreduceclientcore_algo-wca_measure-uemnm_serial-110_stop-75.rsf | mapreduceclientcore_algo-limbo_measure-il_serial-90_stop-50.rsf
279,WCA_vs_LIMBO,UEMNM_vs_IL,75_vs_75,110_vs_90,_vs_,86.23737374,0.144444444,mapreduceclientcore_algo-wca_measure-uemnm_serial-110_stop-75.rsf | mapreduceclientcore_algo-limbo_measure-il_serial-90_stop-75.rsf
280,WCA_vs_LIMBO,UEMNM_vs_IL,100_vs_100,120_vs_100,_vs_,87.1869783,0.21,mapreduceclientcore_algo-wca_measure-uemnm_serial-120_stop-100.rsf | mapreduceclientcore_algo-limbo_measure-il_serial-100_stop-100.rsf
281,WCA_vs_LIMBO,UEMNM_vs_IL,100_vs_25,120_vs_100,_vs_,87.1869783,0.21,mapreduceclientcore_algo-wca_measure-uemnm_serial-120_stop-100.rsf | mapreduceclientcore_algo-limbo_measure-il_serial-100_stop-25.rsf
282,WCA_vs_LIMBO,UEMNM_vs_IL,100_vs_50,120_vs_100,_vs_,87.1869783,0.21,mapreduceclientcore_algo-wca_measure-uemnm_serial-120_stop-100.rsf | mapreduceclientcore_algo-limbo_measure-il_serial-100_stop-50.rsf
283,WCA_vs_LIMBO,UEMNM_vs_IL,100_vs_75,120_vs_100,_vs_,87.1869783,0.21,mapreduceclientcore_algo-wca_measure-uemnm_serial-120_stop-100.rsf | mapreduceclientcore_algo-limbo_measure-il_serial-100_stop-75.rsf
284,WCA_vs_LIMBO,UEMNM_vs_IL,100_vs_100,120_vs_110,_vs_,87.44804655,0.190909091,mapreduceclientcore_algo-wca_measure-uemnm_serial-120_stop-100.rsf | mapreduceclientcore_algo-limbo_measure-il_serial-110_stop-100.rsf
285,WCA_vs_LIMBO,UEMNM_vs_IL,100_vs_25,120_vs_110,_vs_,87.44804655,0.190909091,mapreduceclientcore_algo-wca_measure-uemnm_serial-120_stop-100.rsf | mapreduceclientcore_algo-limbo_measure-il_serial-110_stop-25.rsf
286,WCA_vs_LIMBO,UEMNM_vs_IL,100_vs_50,120_vs_110,_vs_,87.44804655,0.190909091,mapreduceclientcore_algo-wca_measure-uemnm_serial-120_stop-100.rsf | mapreduceclientcore_algo-limbo_measure-il_serial-110_stop-50.rsf
287,WCA_vs_LIMBO,UEMNM_vs_IL,100_vs_75,120_vs_110,_vs_,87.44804655,0.190909091,mapreduceclientcore_algo-wca_measure-uemnm_serial-120_stop-100.rsf | mapreduceclientcore_algo-limbo_measure-il_serial-110_stop-75.rsf
288,WCA_vs_LIMBO,UEMNM_vs_IL,100_vs_25,120_vs_25,_vs_,79.5777682,0.36,mapreduceclientcore_algo-wca_measure-uemnm_serial-120_stop-100.rsf | mapreduceclientcore_algo-limbo_measure-il_serial-25_stop-25.rsf
289,WCA_vs_LIMBO,UEMNM_vs_IL,100_vs_25,120_vs_30,_vs_,81.34135856,0.3,mapreduceclientcore_algo-wca_measure-uemnm_serial-120_stop-100.rsf | mapreduceclientcore_algo-limbo_measure-il_serial-30_stop-25.rsf
290,WCA_vs_LIMBO,UEMNM_vs_IL,100_vs_25,120_vs_40,_vs_,83.09075342,0.3,mapreduceclientcore_algo-wca_measure-uemnm_serial-120_stop-100.rsf | mapreduceclientcore_algo-limbo_measure-il_serial-40_stop-25.rsf
291,WCA_vs_LIMBO,UEMNM_vs_IL,100_vs_25,120_vs_50,_vs_,83.84484228,0.26,mapreduceclientcore_algo-wca_measure-uemnm_serial-120_stop-100.rsf | mapreduceclientcore_algo-limbo_measure-il_serial-50_stop-25.rsf
292,WCA_vs_LIMBO,UEMNM_vs_IL,100_vs_50,120_vs_50,_vs_,83.84484228,0.26,mapreduceclientcore_algo-wca_measure-uemnm_serial-120_stop-100.rsf | mapreduceclientcore_algo-limbo_measure-il_serial-50_stop-50.rsf
293,WCA_vs_LIMBO,UEMNM_vs_IL,100_vs_25,120_vs_60,_vs_,84.71986418,0.216666667,mapreduceclientcore_algo-wca_measure-uemnm_serial-120_stop-100.rsf | mapreduceclientcore_algo-limbo_measure-il_serial-60_stop-25.rsf
294,WCA_vs_LIMBO,UEMNM_vs_IL,100_vs_50,120_vs_60,_vs_,84.71986418,0.216666667,mapreduceclientcore_algo-wca_measure-uemnm_serial-120_stop-100.rsf | mapreduceclientcore_algo-limbo_measure-il_serial-60_stop-50.rsf
295,WCA_vs_LIMBO,UEMNM_vs_IL,100_vs_25,120_vs_70,_vs_,85.46069315,0.228571429,mapreduceclientcore_algo-wca_measure-uemnm_serial-120_stop-100.rsf | mapreduceclientcore_algo-limbo_measure-il_serial-70_stop-25.rsf
296,WCA_vs_LIMBO,UEMNM_vs_IL,100_vs_50,120_vs_70,_vs_,85.46069315,0.228571429,mapreduceclientcore_algo-wca_measure-uemnm_serial-120_stop-100.rsf | mapreduceclientcore_algo-limbo_measure-il_serial-70_stop-50.rsf
297,WCA_vs_LIMBO,UEMNM_vs_IL,100_vs_25,120_vs_80,_vs_,86.57407407,0.2375,mapreduceclientcore_algo-wca_measure-uemnm_serial-120_stop-100.rsf | mapreduceclientcore_algo-limbo_measure-il_serial-80_stop-25.rsf
298,WCA_vs_LIMBO,UEMNM_vs_IL,100_vs_50,120_vs_80,_vs_,86.57407407,0.2375,mapreduceclientcore_algo-wca_measure-uemnm_serial-120_stop-100.rsf | mapreduceclientcore_algo-limbo_measure-il_serial-80_stop-50.rsf
299,WCA_vs_LIMBO,UEMNM_vs_IL,100_vs_75,120_vs_80,_vs_,86.57407407,0.2375,mapreduceclientcore_algo-wca_measure-uemnm_serial-120_stop-100.rsf | mapreduceclientcore_algo-limbo_measure-il_serial-80_stop-75.rsf
300,WCA_vs_LIMBO,UEMNM_vs_IL,100_vs_25,120_vs_90,_vs_,86.75607712,0.233333333,mapreduceclientcore_algo-wca_measure-uemnm_serial-120_stop-100.rsf | mapreduceclientcore_algo-limbo_measure-il_serial-90_stop-25.rsf
301,WCA_vs_LIMBO,UEMNM_vs_IL,100_vs_50,120_vs_90,_vs_,86.75607712,0.233333333,mapreduceclientcore_algo-wca_measure-uemnm_serial-120_stop-100.rsf | mapreduceclientcore_algo-limbo_measure-il_serial-90_stop-50.rsf
302,WCA_vs_LIMBO,UEMNM_vs_IL,100_vs_75,120_vs_90,_vs_,86.75607712,0.233333333,mapreduceclientcore_algo-wca_measure-uemnm_serial-120_stop-100.rsf | mapreduceclientcore_algo-limbo_measure-il_serial-90_stop-75.rsf
303,WCA_vs_LIMBO,UEMNM_vs_IL,25_vs_100,120_vs_100,_vs_,87.1869783,0.21,mapreduceclientcore_algo-wca_measure-uemnm_serial-120_stop-25.rsf | mapreduceclientcore_algo-limbo_measure-il_serial-100_stop-100.rsf
304,WCA_vs_LIMBO,UEMNM_vs_IL,25_vs_25,120_vs_100,_vs_,87.1869783,0.21,mapreduceclientcore_algo-wca_measure-uemnm_serial-120_stop-25.rsf | mapreduceclientcore_algo-limbo_measure-il_serial-100_stop-25.rsf
305,WCA_vs_LIMBO,UEMNM_vs_IL,25_vs_50,120_vs_100,_vs_,87.1869783,0.21,mapreduceclientcore_algo-wca_measure-uemnm_serial-120_stop-25.rsf | mapreduceclientcore_algo-limbo_measure-il_serial-100_stop-50.rsf
306,WCA_vs_LIMBO,UEMNM_vs_IL,25_vs_75,120_vs_100,_vs_,87.1869783,0.21,mapreduceclientcore_algo-wca_measure-uemnm_serial-120_stop-25.rsf | mapreduceclientcore_algo-limbo_measure-il_serial-100_stop-75.rsf
307,WCA_vs_LIMBO,UEMNM_vs_IL,25_vs_100,120_vs_110,_vs_,87.44804655,0.190909091,mapreduceclientcore_algo-wca_measure-uemnm_serial-120_stop-25.rsf | mapreduceclientcore_algo-limbo_measure-il_serial-110_stop-100.rsf
308,WCA_vs_LIMBO,UEMNM_vs_IL,25_vs_25,120_vs_110,_vs_,87.44804655,0.190909091,mapreduceclientcore_algo-wca_measure-uemnm_serial-120_stop-25.rsf | mapreduceclientcore_algo-limbo_measure-il_serial-110_stop-25.rsf
309,WCA_vs_LIMBO,UEMNM_vs_IL,25_vs_50,120_vs_110,_vs_,87.44804655,0.190909091,mapreduceclientcore_algo-wca_measure-uemnm_serial-120_stop-25.rsf | mapreduceclientcore_algo-limbo_measure-il_serial-110_stop-50.rsf
310,WCA_vs_LIMBO,UEMNM_vs_IL,25_vs_75,120_vs_110,_vs_,87.44804655,0.190909091,mapreduceclientcore_algo-wca_measure-uemnm_serial-120_stop-25.rsf | mapreduceclientcore_algo-limbo_measure-il_serial-110_stop-75.rsf
311,WCA_vs_LIMBO,UEMNM_vs_IL,25_vs_25,120_vs_25,_vs_,79.5777682,0.36,mapreduceclientcore_algo-wca_measure-uemnm_serial-120_stop-25.rsf | mapreduceclientcore_algo-limbo_measure-il_serial-25_stop-25.rsf
312,WCA_vs_LIMBO,UEMNM_vs_IL,25_vs_25,120_vs_30,_vs_,81.34135856,0.3,mapreduceclientcore_algo-wca_measure-uemnm_serial-120_stop-25.rsf | mapreduceclientcore_algo-limbo_measure-il_serial-30_stop-25.rsf
313,WCA_vs_LIMBO,UEMNM_vs_IL,25_vs_25,120_vs_40,_vs_,83.09075342,0.3,mapreduceclientcore_algo-wca_measure-uemnm_serial-120_stop-25.rsf | mapreduceclientcore_algo-limbo_measure-il_serial-40_stop-25.rsf
314,WCA_vs_LIMBO,UEMNM_vs_IL,25_vs_25,120_vs_50,_vs_,83.84484228,0.26,mapreduceclientcore_algo-wca_measure-uemnm_serial-120_stop-25.rsf | mapreduceclientcore_algo-limbo_measure-il_serial-50_stop-25.rsf
315,WCA_vs_LIMBO,UEMNM_vs_IL,25_vs_50,120_vs_50,_vs_,83.84484228,0.26,mapreduceclientcore_algo-wca_measure-uemnm_serial-120_stop-25.rsf | mapreduceclientcore_algo-limbo_measure-il_serial-50_stop-50.rsf
316,WCA_vs_LIMBO,UEMNM_vs_IL,25_vs_25,120_vs_60,_vs_,84.71986418,0.216666667,mapreduceclientcore_algo-wca_measure-uemnm_serial-120_stop-25.rsf | mapreduceclientcore_algo-limbo_measure-il_serial-60_stop-25.rsf
317,WCA_vs_LIMBO,UEMNM_vs_IL,25_vs_50,120_vs_60,_vs_,84.71986418,0.216666667,mapreduceclientcore_algo-wca_measure-uemnm_serial-120_stop-25.rsf | mapreduceclientcore_algo-limbo_measure-il_serial-60_stop-50.rsf
318,WCA_vs_LIMBO,UEMNM_vs_IL,25_vs_25,120_vs_70,_vs_,85.46069315,0.228571429,mapreduceclientcore_algo-wca_measure-uemnm_serial-120_stop-25.rsf | mapreduceclientcore_algo-limbo_measure-il_serial-70_stop-25.rsf
319,WCA_vs_LIMBO,UEMNM_vs_IL,25_vs_50,120_vs_70,_vs_,85.46069315,0.228571429,mapreduceclientcore_algo-wca_measure-uemnm_serial-120_stop-25.rsf | mapreduceclientcore_algo-limbo_measure-il_serial-70_stop-50.rsf
320,WCA_vs_LIMBO,UEMNM_vs_IL,25_vs_25,120_vs_80,_vs_,86.57407407,0.2375,mapreduceclientcore_algo-wca_measure-uemnm_serial-120_stop-25.rsf | mapreduceclientcore_algo-limbo_measure-il_serial-80_stop-25.rsf
321,WCA_vs_LIMBO,UEMNM_vs_IL,25_vs_50,120_vs_80,_vs_,86.57407407,0.2375,mapreduceclientcore_algo-wca_measure-uemnm_serial-120_stop-25.rsf | mapreduceclientcore_algo-limbo_measure-il_serial-80_stop-50.rsf
322,WCA_vs_LIMBO,UEMNM_vs_IL,25_vs_75,120_vs_80,_vs_,86.57407407,0.2375,mapreduceclientcore_algo-wca_measure-uemnm_serial-120_stop-25.rsf | mapreduceclientcore_algo-limbo_measure-il_serial-80_stop-75.rsf
323,WCA_vs_LIMBO,UEMNM_vs_IL,25_vs_25,120_vs_90,_vs_,86.75607712,0.233333333,mapreduceclientcore_algo-wca_measure-uemnm_serial-120_stop-25.rsf | mapreduceclientcore_algo-limbo_measure-il_serial-90_stop-25.rsf
324,WCA_vs_LIMBO,UEMNM_vs_IL,25_vs_50,120_vs_90,_vs_,86.75607712,0.233333333,mapreduceclientcore_algo-wca_measure-uemnm_serial-120_stop-25.rsf | mapreduceclientcore_algo-limbo_measure-il_serial-90_stop-50.rsf
325,WCA_vs_LIMBO,UEMNM_vs_IL,25_vs_75,120_vs_90,_vs_,86.75607712,0.233333333,mapreduceclientcore_algo-wca_measure-uemnm_serial-120_stop-25.rsf | mapreduceclientcore_algo-limbo_measure-il_serial-90_stop-75.rsf
326,WCA_vs_LIMBO,UEMNM_vs_IL,50_vs_100,120_vs_100,_vs_,87.1869783,0.21,mapreduceclientcore_algo-wca_measure-uemnm_serial-120_stop-50.rsf | mapreduceclientcore_algo-limbo_measure-il_serial-100_stop-100.rsf
327,WCA_vs_LIMBO,UEMNM_vs_IL,50_vs_25,120_vs_100,_vs_,87.1869783,0.21,mapreduceclientcore_algo-wca_measure-uemnm_serial-120_stop-50.rsf | mapreduceclientcore_algo-limbo_measure-il_serial-100_stop-25.rsf
328,WCA_vs_LIMBO,UEMNM_vs_IL,50_vs_50,120_vs_100,_vs_,87.1869783,0.21,mapreduceclientcore_algo-wca_measure-uemnm_serial-120_stop-50.rsf | mapreduceclientcore_algo-limbo_measure-il_serial-100_stop-50.rsf
329,WCA_vs_LIMBO,UEMNM_vs_IL,50_vs_75,120_vs_100,_vs_,87.1869783,0.21,mapreduceclientcore_algo-wca_measure-uemnm_serial-120_stop-50.rsf | mapreduceclientcore_algo-limbo_measure-il_serial-100_stop-75.rsf
330,WCA_vs_LIMBO,UEMNM_vs_IL,50_vs_100,120_vs_110,_vs_,87.44804655,0.190909091,mapreduceclientcore_algo-wca_measure-uemnm_serial-120_stop-50.rsf | mapreduceclientcore_algo-limbo_measure-il_serial-110_stop-100.rsf
331,WCA_vs_LIMBO,UEMNM_vs_IL,50_vs_25,120_vs_110,_vs_,87.44804655,0.190909091,mapreduceclientcore_algo-wca_measure-uemnm_serial-120_stop-50.rsf | mapreduceclientcore_algo-limbo_measure-il_serial-110_stop-25.rsf
332,WCA_vs_LIMBO,UEMNM_vs_IL,50_vs_50,120_vs_110,_vs_,87.44804655,0.190909091,mapreduceclientcore_algo-wca_measure-uemnm_serial-120_stop-50.rsf | mapreduceclientcore_algo-limbo_measure-il_serial-110_stop-50.rsf
333,WCA_vs_LIMBO,UEMNM_vs_IL,50_vs_75,120_vs_110,_vs_,87.44804655,0.190909091,mapreduceclientcore_algo-wca_measure-uemnm_serial-120_stop-50.rsf | mapreduceclientcore_algo-limbo_measure-il_serial-110_stop-75.rsf
334,WCA_vs_LIMBO,UEMNM_vs_IL,50_vs_25,120_vs_25,_vs_,79.5777682,0.36,mapreduceclientcore_algo-wca_measure-uemnm_serial-120_stop-50.rsf | mapreduceclientcore_algo-limbo_measure-il_serial-25_stop-25.rsf
335,WCA_vs_LIMBO,UEMNM_vs_IL,50_vs_25,120_vs_30,_vs_,81.34135856,0.3,mapreduceclientcore_algo-wca_measure-uemnm_serial-120_stop-50.rsf | mapreduceclientcore_algo-limbo_measure-il_serial-30_stop-25.rsf
336,WCA_vs_LIMBO,UEMNM_vs_IL,50_vs_25,120_vs_40,_vs_,83.09075342,0.3,mapreduceclientcore_algo-wca_measure-uemnm_serial-120_stop-50.rsf | mapreduceclientcore_algo-limbo_measure-il_serial-40_stop-25.rsf
337,WCA_vs_LIMBO,UEMNM_vs_IL,50_vs_25,120_vs_50,_vs_,83.84484228,0.26,mapreduceclientcore_algo-wca_measure-uemnm_serial-120_stop-50.rsf | mapreduceclientcore_algo-limbo_measure-il_serial-50_stop-25.rsf
338,WCA_vs_LIMBO,UEMNM_vs_IL,50_vs_50,120_vs_50,_vs_,83.84484228,0.26,mapreduceclientcore_algo-wca_measure-uemnm_serial-120_stop-50.rsf | mapreduceclientcore_algo-limbo_measure-il_serial-50_stop-50.rsf
339,WCA_vs_LIMBO,UEMNM_vs_IL,50_vs_25,120_vs_60,_vs_,84.71986418,0.216666667,mapreduceclientcore_algo-wca_measure-uemnm_serial-120_stop-50.rsf | mapreduceclientcore_algo-limbo_measure-il_serial-60_stop-25.rsf
340,WCA_vs_LIMBO,UEMNM_vs_IL,50_vs_50,120_vs_60,_vs_,84.71986418,0.216666667,mapreduceclientcore_algo-wca_measure-uemnm_serial-120_stop-50.rsf | mapreduceclientcore_algo-limbo_measure-il_serial-60_stop-50.rsf
341,WCA_vs_LIMBO,UEMNM_vs_IL,50_vs_25,120_vs_70,_vs_,85.46069315,0.228571429,mapreduceclientcore_algo-wca_measure-uemnm_serial-120_stop-50.rsf | mapreduceclientcore_algo-limbo_measure-il_serial-70_stop-25.rsf
342,WCA_vs_LIMBO,UEMNM_vs_IL,50_vs_50,120_vs_70,_vs_,85.46069315,0.228571429,mapreduceclientcore_algo-wca_measure-uemnm_serial-120_stop-50.rsf | mapreduceclientcore_algo-limbo_measure-il_serial-70_stop-50.rsf
343,WCA_vs_LIMBO,UEMNM_vs_IL,50_vs_25,120_vs_80,_vs_,86.57407407,0.2375,mapreduceclientcore_algo-wca_measure-uemnm_serial-120_stop-50.rsf | mapreduceclientcore_algo-limbo_measure-il_serial-80_stop-25.rsf
344,WCA_vs_LIMBO,UEMNM_vs_IL,50_vs_50,120_vs_80,_vs_,86.57407407,0.2375,mapreduceclientcore_algo-wca_measure-uemnm_serial-120_stop-50.rsf | mapreduceclientcore_algo-limbo_measure-il_serial-80_stop-50.rsf
345,WCA_vs_LIMBO,UEMNM_vs_IL,50_vs_75,120_vs_80,_vs_,86.57407407,0.2375,mapreduceclientcore_algo-wca_measure-uemnm_serial-120_stop-50.rsf | mapreduceclientcore_algo-limbo_measure-il_serial-80_stop-75.rsf
346,WCA_vs_LIMBO,UEMNM_vs_IL,50_vs_25,120_vs_90,_vs_,86.75607712,0.233333333,mapreduceclientcore_algo-wca_measure-uemnm_serial-120_stop-50.rsf | mapreduceclientcore_algo-limbo_measure-il_serial-90_stop-25.rsf
347,WCA_vs_LIMBO,UEMNM_vs_IL,50_vs_50,120_vs_90,_vs_,86.75607712,0.233333333,mapreduceclientcore_algo-wca_measure-uemnm_serial-120_stop-50.rsf | mapreduceclientcore_algo-limbo_measure-il_serial-90_stop-50.rsf
348,WCA_vs_LIMBO,UEMNM_vs_IL,50_vs_75,120_vs_90,_vs_,86.75607712,0.233333333,mapreduceclientcore_algo-wca_measure-uemnm_serial-120_stop-50.rsf | mapreduceclientcore_algo-limbo_measure-il_serial-90_stop-75.rsf
349,WCA_vs_LIMBO,UEMNM_vs_IL,75_vs_100,120_vs_100,_vs_,87.1869783,0.21,mapreduceclientcore_algo-wca_measure-uemnm_serial-120_stop-75.rsf | mapreduceclientcore_algo-limbo_measure-il_serial-100_stop-100.rsf
350,WCA_vs_LIMBO,UEMNM_vs_IL,75_vs_25,120_vs_100,_vs_,87.1869783,0.21,mapreduceclientcore_algo-wca_measure-uemnm_serial-120_stop-75.rsf | mapreduceclientcore_algo-limbo_measure-il_serial-100_stop-25.rsf
351,WCA_vs_LIMBO,UEMNM_vs_IL,75_vs_50,120_vs_100,_vs_,87.1869783,0.21,mapreduceclientcore_algo-wca_measure-uemnm_serial-120_stop-75.rsf | mapreduceclientcore_algo-limbo_measure-il_serial-100_stop-50.rsf
352,WCA_vs_LIMBO,UEMNM_vs_IL,75_vs_75,120_vs_100,_vs_,87.1869783,0.21,mapreduceclientcore_algo-wca_measure-uemnm_serial-120_stop-75.rsf | mapreduceclientcore_algo-limbo_measure-il_serial-100_stop-75.rsf
353,WCA_vs_LIMBO,UEMNM_vs_IL,75_vs_100,120_vs_110,_vs_,87.44804655,0.190909091,mapreduceclientcore_algo-wca_measure-uemnm_serial-120_stop-75.rsf | mapreduceclientcore_algo-limbo_measure-il_serial-110_stop-100.rsf
354,WCA_vs_LIMBO,UEMNM_vs_IL,75_vs_25,120_vs_110,_vs_,87.44804655,0.190909091,mapreduceclientcore_algo-wca_measure-uemnm_serial-120_stop-75.rsf | mapreduceclientcore_algo-limbo_measure-il_serial-110_stop-25.rsf
355,WCA_vs_LIMBO,UEMNM_vs_IL,75_vs_50,120_vs_110,_vs_,87.44804655,0.190909091,mapreduceclientcore_algo-wca_measure-uemnm_serial-120_stop-75.rsf | mapreduceclientcore_algo-limbo_measure-il_serial-110_stop-50.rsf
356,WCA_vs_LIMBO,UEMNM_vs_IL,75_vs_75,120_vs_110,_vs_,87.44804655,0.190909091,mapreduceclientcore_algo-wca_measure-uemnm_serial-120_stop-75.rsf | mapreduceclientcore_algo-limbo_measure-il_serial-110_stop-75.rsf
357,WCA_vs_LIMBO,UEMNM_vs_IL,75_vs_25,120_vs_25,_vs_,79.5777682,0.36,mapreduceclientcore_algo-wca_measure-uemnm_serial-120_stop-75.rsf | mapreduceclientcore_algo-limbo_measure-il_serial-25_stop-25.rsf
358,WCA_vs_LIMBO,UEMNM_vs_IL,75_vs_25,120_vs_30,_vs_,81.34135856,0.3,mapreduceclientcore_algo-wca_measure-uemnm_serial-120_stop-75.rsf | mapreduceclientcore_algo-limbo_measure-il_serial-30_stop-25.rsf
359,WCA_vs_LIMBO,UEMNM_vs_IL,75_vs_25,120_vs_40,_vs_,83.09075342,0.3,mapreduceclientcore_algo-wca_measure-uemnm_serial-120_stop-75.rsf | mapreduceclientcore_algo-limbo_measure-il_serial-40_stop-25.rsf
360,WCA_vs_LIMBO,UEMNM_vs_IL,75_vs_25,120_vs_50,_vs_,83.84484228,0.26,mapreduceclientcore_algo-wca_measure-uemnm_serial-120_stop-75.rsf | mapreduceclientcore_algo-limbo_measure-il_serial-50_stop-25.rsf
361,WCA_vs_LIMBO,UEMNM_vs_IL,75_vs_50,120_vs_50,_vs_,83.84484228,0.26,mapreduceclientcore_algo-wca_measure-uemnm_serial-120_stop-75.rsf | mapreduceclientcore_algo-limbo_measure-il_serial-50_stop-50.rsf
362,WCA_vs_LIMBO,UEMNM_vs_IL,75_vs_25,120_vs_60,_vs_,84.71986418,0.216666667,mapreduceclientcore_algo-wca_measure-uemnm_serial-120_stop-75.rsf | mapreduceclientcore_algo-limbo_measure-il_serial-60_stop-25.rsf
363,WCA_vs_LIMBO,UEMNM_vs_IL,75_vs_50,120_vs_60,_vs_,84.71986418,0.216666667,mapreduceclientcore_algo-wca_measure-uemnm_serial-120_stop-75.rsf | mapreduceclientcore_algo-limbo_measure-il_serial-60_stop-50.rsf
364,WCA_vs_LIMBO,UEMNM_vs_IL,75_vs_25,120_vs_70,_vs_,85.46069315,0.228571429,mapreduceclientcore_algo-wca_measure-uemnm_serial-120_stop-75.rsf | mapreduceclientcore_algo-limbo_measure-il_serial-70_stop-25.rsf
365,WCA_vs_LIMBO,UEMNM_vs_IL,75_vs_50,120_vs_70,_vs_,85.46069315,0.228571429,mapreduceclientcore_algo-wca_measure-uemnm_serial-120_stop-75.rsf | mapreduceclientcore_algo-limbo_measure-il_serial-70_stop-50.rsf
366,WCA_vs_LIMBO,UEMNM_vs_IL,75_vs_25,120_vs_80,_vs_,86.57407407,0.2375,mapreduceclientcore_algo-wca_measure-uemnm_serial-120_stop-75.rsf | mapreduceclientcore_algo-limbo_measure-il_serial-80_stop-25.rsf
367,WCA_vs_LIMBO,UEMNM_vs_IL,75_vs_50,120_vs_80,_vs_,86.57407407,0.2375,mapreduceclientcore_algo-wca_measure-uemnm_serial-120_stop-75.rsf | mapreduceclientcore_algo-limbo_measure-il_serial-80_stop-50.rsf
368,WCA_vs_LIMBO,UEMNM_vs_IL,75_vs_75,120_vs_80,_vs_,86.57407407,0.2375,mapreduceclientcore_algo-wca_measure-uemnm_serial-120_stop-75.rsf | mapreduceclientcore_algo-limbo_measure-il_serial-80_stop-75.rsf
369,WCA_vs_LIMBO,UEMNM_vs_IL,75_vs_25,120_vs_90,_vs_,86.75607712,0.233333333,mapreduceclientcore_algo-wca_measure-uemnm_serial-120_stop-75.rsf | mapreduceclientcore_algo-limbo_measure-il_serial-90_stop-25.rsf
370,WCA_vs_LIMBO,UEMNM_vs_IL,75_vs_50,120_vs_90,_vs_,86.75607712,0.233333333,mapreduceclientcore_algo-wca_measure-uemnm_serial-120_stop-75.rsf | mapreduceclientcore_algo-limbo_measure-il_serial-90_stop-50.rsf
371,WCA_vs_LIMBO,UEMNM_vs_IL,75_vs_75,120_vs_90,_vs_,86.75607712,0.233333333,mapreduceclientcore_algo-wca_measure-uemnm_serial-120_stop-75.rsf | mapreduceclientcore_algo-limbo_measure-il_serial-90_stop-75.rsf
372,WCA_vs_LIMBO,UEMNM_vs_IL,100_vs_100,130_vs_100,_vs_,87.57273483,0.3,mapreduceclientcore_algo-wca_measure-uemnm_serial-130_stop-100.rsf | mapreduceclientcore_algo-limbo_measure-il_serial-100_stop-100.rsf
373,WCA_vs_LIMBO,UEMNM_vs_IL,100_vs_25,130_vs_100,_vs_,87.57273483,0.3,mapreduceclientcore_algo-wca_measure-uemnm_serial-130_stop-100.rsf | mapreduceclientcore_algo-limbo_measure-il_serial-100_stop-25.rsf
374,WCA_vs_LIMBO,UEMNM_vs_IL,100_vs_50,130_vs_100,_vs_,87.57273483,0.3,mapreduceclientcore_algo-wca_measure-uemnm_serial-130_stop-100.rsf | mapreduceclientcore_algo-limbo_measure-il_serial-100_stop-50.rsf
375,WCA_vs_LIMBO,UEMNM_vs_IL,100_vs_75,130_vs_100,_vs_,87.57273483,0.3,mapreduceclientcore_algo-wca_measure-uemnm_serial-130_stop-100.rsf | mapreduceclientcore_algo-limbo_measure-il_serial-100_stop-75.rsf
376,WCA_vs_LIMBO,UEMNM_vs_IL,100_vs_100,130_vs_110,_vs_,87.83112583,0.272727273,mapreduceclientcore_algo-wca_measure-uemnm_serial-130_stop-100.rsf | mapreduceclientcore_algo-limbo_measure-il_serial-110_stop-100.rsf
377,WCA_vs_LIMBO,UEMNM_vs_IL,100_vs_25,130_vs_110,_vs_,87.83112583,0.272727273,mapreduceclientcore_algo-wca_measure-uemnm_serial-130_stop-100.rsf | mapreduceclientcore_algo-limbo_measure-il_serial-110_stop-25.rsf
378,WCA_vs_LIMBO,UEMNM_vs_IL,100_vs_50,130_vs_110,_vs_,87.83112583,0.272727273,mapreduceclientcore_algo-wca_measure-uemnm_serial-130_stop-100.rsf | mapreduceclientcore_algo-limbo_measure-il_serial-110_stop-50.rsf
379,WCA_vs_LIMBO,UEMNM_vs_IL,100_vs_75,130_vs_110,_vs_,87.83112583,0.272727273,mapreduceclientcore_algo-wca_measure-uemnm_serial-130_stop-100.rsf | mapreduceclientcore_algo-limbo_measure-il_serial-110_stop-75.rsf
380,WCA_vs_LIMBO,UEMNM_vs_IL,100_vs_25,130_vs_25,_vs_,79.06477906,0.48,mapreduceclientcore_algo-wca_measure-uemnm_serial-130_stop-100.rsf | mapreduceclientcore_algo-limbo_measure-il_serial-25_stop-25.rsf
381,WCA_vs_LIMBO,UEMNM_vs_IL,100_vs_25,130_vs_30,_vs_,80.82191781,0.4,mapreduceclientcore_algo-wca_measure-uemnm_serial-130_stop-100.rsf | mapreduceclientcore_algo-limbo_measure-il_serial-30_stop-25.rsf
382,WCA_vs_LIMBO,UEMNM_vs_IL,100_vs_25,130_vs_40,_vs_,82.6513214,0.375,mapreduceclientcore_algo-wca_measure-uemnm_serial-130_stop-100.rsf | mapreduceclientcore_algo-limbo_measure-il_serial-40_stop-25.rsf
383,WCA_vs_LIMBO,UEMNM_vs_IL,100_vs_25,130_vs_50,_vs_,83.7860781,0.34,mapreduceclientcore_algo-wca_measure-uemnm_serial-130_stop-100.rsf | mapreduceclientcore_algo-limbo_measure-il_serial-50_stop-25.rsf
384,WCA_vs_LIMBO,UEMNM_vs_IL,100_vs_50,130_vs_50,_vs_,83.7860781,0.34,mapreduceclientcore_algo-wca_measure-uemnm_serial-130_stop-100.rsf | mapreduceclientcore_algo-limbo_measure-il_serial-50_stop-50.rsf
385,WCA_vs_LIMBO,UEMNM_vs_IL,100_vs_25,130_vs_60,_vs_,84.78444632,0.283333333,mapreduceclientcore_algo-wca_measure-uemnm_serial-130_stop-100.rsf | mapreduceclientcore_algo-limbo_measure-il_serial-60_stop-25.rsf
386,WCA_vs_LIMBO,UEMNM_vs_IL,100_vs_50,130_vs_60,_vs_,84.78444632,0.283333333,mapreduceclientcore_algo-wca_measure-uemnm_serial-130_stop-100.rsf | mapreduceclientcore_algo-limbo_measure-il_serial-60_stop-50.rsf
387,WCA_vs_LIMBO,UEMNM_vs_IL,100_vs_25,130_vs_70,_vs_,85.73232323,0.285714286,mapreduceclientcore_algo-wca_measure-uemnm_serial-130_stop-100.rsf | mapreduceclientcore_algo-limbo_measure-il_serial-70_stop-25.rsf
388,WCA_vs_LIMBO,UEMNM_vs_IL,100_vs_50,130_vs_70,_vs_,85.73232323,0.285714286,mapreduceclientcore_algo-wca_measure-uemnm_serial-130_stop-100.rsf | mapreduceclientcore_algo-limbo_measure-il_serial-70_stop-50.rsf
389,WCA_vs_LIMBO,UEMNM_vs_IL,100_vs_25,130_vs_80,_vs_,86.88181056,0.3,mapreduceclientcore_algo-wca_measure-uemnm_serial-130_stop-100.rsf | mapreduceclientcore_algo-limbo_measure-il_serial-80_stop-25.rsf
390,WCA_vs_LIMBO,UEMNM_vs_IL,100_vs_50,130_vs_80,_vs_,86.88181056,0.3,mapreduceclientcore_algo-wca_measure-uemnm_serial-130_stop-100.rsf | mapreduceclientcore_algo-limbo_measure-il_serial-80_stop-50.rsf
391,WCA_vs_LIMBO,UEMNM_vs_IL,100_vs_75,130_vs_80,_vs_,86.88181056,0.3,mapreduceclientcore_algo-wca_measure-uemnm_serial-130_stop-100.rsf | mapreduceclientcore_algo-limbo_measure-il_serial-80_stop-75.rsf
392,WCA_vs_LIMBO,UEMNM_vs_IL,100_vs_25,130_vs_90,_vs_,87.06176962,0.288888889,mapreduceclientcore_algo-wca_measure-uemnm_serial-130_stop-100.rsf | mapreduceclientcore_algo-limbo_measure-il_serial-90_stop-25.rsf
393,WCA_vs_LIMBO,UEMNM_vs_IL,100_vs_50,130_vs_90,_vs_,87.06176962,0.288888889,mapreduceclientcore_algo-wca_measure-uemnm_serial-130_stop-100.rsf | mapreduceclientcore_algo-limbo_measure-il_serial-90_stop-50.rsf
394,WCA_vs_LIMBO,UEMNM_vs_IL,100_vs_75,130_vs_90,_vs_,87.06176962,0.288888889,mapreduceclientcore_algo-wca_measure-uemnm_serial-130_stop-100.rsf | mapreduceclientcore_algo-limbo_measure-il_serial-90_stop-75.rsf
395,WCA_vs_LIMBO,UEMNM_vs_IL,25_vs_100,130_vs_100,_vs_,87.57273483,0.3,mapreduceclientcore_algo-wca_measure-uemnm_serial-130_stop-25.rsf | mapreduceclientcore_algo-limbo_measure-il_serial-100_stop-100.rsf
396,WCA_vs_LIMBO,UEMNM_vs_IL,25_vs_25,130_vs_100,_vs_,87.57273483,0.3,mapreduceclientcore_algo-wca_measure-uemnm_serial-130_stop-25.rsf | mapreduceclientcore_algo-limbo_measure-il_serial-100_stop-25.rsf
397,WCA_vs_LIMBO,UEMNM_vs_IL,25_vs_50,130_vs_100,_vs_,87.57273483,0.3,mapreduceclientcore_algo-wca_measure-uemnm_serial-130_stop-25.rsf | mapreduceclientcore_algo-limbo_measure-il_serial-100_stop-50.rsf
398,WCA_vs_LIMBO,UEMNM_vs_IL,25_vs_75,130_vs_100,_vs_,87.57273483,0.3,mapreduceclientcore_algo-wca_measure-uemnm_serial-130_stop-25.rsf | mapreduceclientcore_algo-limbo_measure-il_serial-100_stop-75.rsf
399,WCA_vs_LIMBO,UEMNM_vs_IL,25_vs_100,130_vs_110,_vs_,87.83112583,0.272727273,mapreduceclientcore_algo-wca_measure-uemnm_serial-130_stop-25.rsf | mapreduceclientcore_algo-limbo_measure-il_serial-110_stop-100.rsf
400,WCA_vs_LIMBO,UEMNM_vs_IL,25_vs_25,130_vs_110,_vs_,87.83112583,0.272727273,mapreduceclientcore_algo-wca_measure-uemnm_serial-130_stop-25.rsf | mapreduceclientcore_algo-limbo_measure-il_serial-110_stop-25.rsf
401,WCA_vs_LIMBO,UEMNM_vs_IL,25_vs_50,130_vs_110,_vs_,87.83112583,0.272727273,mapreduceclientcore_algo-wca_measure-uemnm_serial-130_stop-25.rsf | mapreduceclientcore_algo-limbo_measure-il_serial-110_stop-50.rsf
402,WCA_vs_LIMBO,UEMNM_vs_IL,25_vs_75,130_vs_110,_vs_,87.83112583,0.272727273,mapreduceclientcore_algo-wca_measure-uemnm_serial-130_stop-25.rsf | mapreduceclientcore_algo-limbo_measure-il_serial-110_stop-75.rsf
403,WCA_vs_LIMBO,UEMNM_vs_IL,25_vs_25,130_vs_25,_vs_,79.06477906,0.48,mapreduceclientcore_algo-wca_measure-uemnm_serial-130_stop-25.rsf | mapreduceclientcore_algo-limbo_measure-il_serial-25_stop-25.rsf
404,WCA_vs_LIMBO,UEMNM_vs_IL,25_vs_25,130_vs_30,_vs_,80.82191781,0.4,mapreduceclientcore_algo-wca_measure-uemnm_serial-130_stop-25.rsf | mapreduceclientcore_algo-limbo_measure-il_serial-30_stop-25.rsf
405,WCA_vs_LIMBO,UEMNM_vs_IL,25_vs_25,130_vs_40,_vs_,82.6513214,0.375,mapreduceclientcore_algo-wca_measure-uemnm_serial-130_stop-25.rsf | mapreduceclientcore_algo-limbo_measure-il_serial-40_stop-25.rsf
406,WCA_vs_LIMBO,UEMNM_vs_IL,25_vs_25,130_vs_50,_vs_,83.7860781,0.34,mapreduceclientcore_algo-wca_measure-uemnm_serial-130_stop-25.rsf | mapreduceclientcore_algo-limbo_measure-il_serial-50_stop-25.rsf
407,WCA_vs_LIMBO,UEMNM_vs_IL,25_vs_50,130_vs_50,_vs_,83.7860781,0.34,mapreduceclientcore_algo-wca_measure-uemnm_serial-130_stop-25.rsf | mapreduceclientcore_algo-limbo_measure-il_serial-50_stop-50.rsf
408,WCA_vs_LIMBO,UEMNM_vs_IL,25_vs_25,130_vs_60,_vs_,84.78444632,0.283333333,mapreduceclientcore_algo-wca_measure-uemnm_serial-130_stop-25.rsf | mapreduceclientcore_algo-limbo_measure-il_serial-60_stop-25.rsf
409,WCA_vs_LIMBO,UEMNM_vs_IL,25_vs_50,130_vs_60,_vs_,84.78444632,0.283333333,mapreduceclientcore_algo-wca_measure-uemnm_serial-130_stop-25.rsf | mapreduceclientcore_algo-limbo_measure-il_serial-60_stop-50.rsf
410,WCA_vs_LIMBO,UEMNM_vs_IL,25_vs_25,130_vs_70,_vs_,85.73232323,0.285714286,mapreduceclientcore_algo-wca_measure-uemnm_serial-130_stop-25.rsf | mapreduceclientcore_algo-limbo_measure-il_serial-70_stop-25.rsf
411,WCA_vs_LIMBO,UEMNM_vs_IL,25_vs_50,130_vs_70,_vs_,85.73232323,0.285714286,mapreduceclientcore_algo-wca_measure-uemnm_serial-130_stop-25.rsf | mapreduceclientcore_algo-limbo_measure-il_serial-70_stop-50.rsf
412,WCA_vs_LIMBO,UEMNM_vs_IL,25_vs_25,130_vs_80,_vs_,86.88181056,0.3,mapreduceclientcore_algo-wca_measure-uemnm_serial-130_stop-25.rsf | mapreduceclientcore_algo-limbo_measure-il_serial-80_stop-25.rsf
413,WCA_vs_LIMBO,UEMNM_vs_IL,25_vs_50,130_vs_80,_vs_,86.88181056,0.3,mapreduceclientcore_algo-wca_measure-uemnm_serial-130_stop-25.rsf | mapreduceclientcore_algo-limbo_measure-il_serial-80_stop-50.rsf
414,WCA_vs_LIMBO,UEMNM_vs_IL,25_vs_75,130_vs_80,_vs_,86.88181056,0.3,mapreduceclientcore_algo-wca_measure-uemnm_serial-130_stop-25.rsf | mapreduceclientcore_algo-limbo_measure-il_serial-80_stop-75.rsf
415,WCA_vs_LIMBO,UEMNM_vs_IL,25_vs_25,130_vs_90,_vs_,87.06176962,0.288888889,mapreduceclientcore_algo-wca_measure-uemnm_serial-130_stop-25.rsf | mapreduceclientcore_algo-limbo_measure-il_serial-90_stop-25.rsf
416,WCA_vs_LIMBO,UEMNM_vs_IL,25_vs_50,130_vs_90,_vs_,87.06176962,0.288888889,mapreduceclientcore_algo-wca_measure-uemnm_serial-130_stop-25.rsf | mapreduceclientcore_algo-limbo_measure-il_serial-90_stop-50.rsf
417,WCA_vs_LIMBO,UEMNM_vs_IL,25_vs_75,130_vs_90,_vs_,87.06176962,0.288888889,mapreduceclientcore_algo-wca_measure-uemnm_serial-130_stop-25.rsf | mapreduceclientcore_algo-limbo_measure-il_serial-90_stop-75.rsf
418,WCA_vs_LIMBO,UEMNM_vs_IL,50_vs_100,130_vs_100,_vs_,87.57273483,0.3,mapreduceclientcore_algo-wca_measure-uemnm_serial-130_stop-50.rsf | mapreduceclientcore_algo-limbo_measure-il_serial-100_stop-100.rsf
419,WCA_vs_LIMBO,UEMNM_vs_IL,50_vs_25,130_vs_100,_vs_,87.57273483,0.3,mapreduceclientcore_algo-wca_measure-uemnm_serial-130_stop-50.rsf | mapreduceclientcore_algo-limbo_measure-il_serial-100_stop-25.rsf
420,WCA_vs_LIMBO,UEMNM_vs_IL,50_vs_50,130_vs_100,_vs_,87.57273483,0.3,mapreduceclientcore_algo-wca_measure-uemnm_serial-130_stop-50.rsf | mapreduceclientcore_algo-limbo_measure-il_serial-100_stop-50.rsf
421,WCA_vs_LIMBO,UEMNM_vs_IL,50_vs_75,130_vs_100,_vs_,87.57273483,0.3,mapreduceclientcore_algo-wca_measure-uemnm_serial-130_stop-50.rsf | mapreduceclientcore_algo-limbo_measure-il_serial-100_stop-75.rsf
422,WCA_vs_LIMBO,UEMNM_vs_IL,50_vs_100,130_vs_110,_vs_,87.83112583,0.272727273,mapreduceclientcore_algo-wca_measure-uemnm_serial-130_stop-50.rsf | mapreduceclientcore_algo-limbo_measure-il_serial-110_stop-100.rsf
423,WCA_vs_LIMBO,UEMNM_vs_IL,50_vs_25,130_vs_110,_vs_,87.83112583,0.272727273,mapreduceclientcore_algo-wca_measure-uemnm_serial-130_stop-50.rsf | mapreduceclientcore_algo-limbo_measure-il_serial-110_stop-25.rsf
424,WCA_vs_LIMBO,UEMNM_vs_IL,50_vs_50,130_vs_110,_vs_,87.83112583,0.272727273,mapreduceclientcore_algo-wca_measure-uemnm_serial-130_stop-50.rsf | mapreduceclientcore_algo-limbo_measure-il_serial-110_stop-50.rsf
425,WCA_vs_LIMBO,UEMNM_vs_IL,50_vs_75,130_vs_110,_vs_,87.83112583,0.272727273,mapreduceclientcore_algo-wca_measure-uemnm_serial-130_stop-50.rsf | mapreduceclientcore_algo-limbo_measure-il_serial-110_stop-75.rsf
426,WCA_vs_LIMBO,UEMNM_vs_IL,50_vs_25,130_vs_25,_vs_,79.06477906,0.48,mapreduceclientcore_algo-wca_measure-uemnm_serial-130_stop-50.rsf | mapreduceclientcore_algo-limbo_measure-il_serial-25_stop-25.rsf
427,WCA_vs_LIMBO,UEMNM_vs_IL,50_vs_25,130_vs_30,_vs_,80.82191781,0.4,mapreduceclientcore_algo-wca_measure-uemnm_serial-130_stop-50.rsf | mapreduceclientcore_algo-limbo_measure-il_serial-30_stop-25.rsf
428,WCA_vs_LIMBO,UEMNM_vs_IL,50_vs_25,130_vs_40,_vs_,82.6513214,0.375,mapreduceclientcore_algo-wca_measure-uemnm_serial-130_stop-50.rsf | mapreduceclientcore_algo-limbo_measure-il_serial-40_stop-25.rsf
429,WCA_vs_LIMBO,UEMNM_vs_IL,50_vs_25,130_vs_50,_vs_,83.7860781,0.34,mapreduceclientcore_algo-wca_measure-uemnm_serial-130_stop-50.rsf | mapreduceclientcore_algo-limbo_measure-il_serial-50_stop-25.rsf
430,WCA_vs_LIMBO,UEMNM_vs_IL,50_vs_50,130_vs_50,_vs_,83.7860781,0.34,mapreduceclientcore_algo-wca_measure-uemnm_serial-130_stop-50.rsf | mapreduceclientcore_algo-limbo_measure-il_serial-50_stop-50.rsf
431,WCA_vs_LIMBO,UEMNM_vs_IL,50_vs_25,130_vs_60,_vs_,84.78444632,0.283333333,mapreduceclientcore_algo-wca_measure-uemnm_serial-130_stop-50.rsf | mapreduceclientcore_algo-limbo_measure-il_serial-60_stop-25.rsf
432,WCA_vs_LIMBO,UEMNM_vs_IL,50_vs_50,130_vs_60,_vs_,84.78444632,0.283333333,mapreduceclientcore_algo-wca_measure-uemnm_serial-130_stop-50.rsf | mapreduceclientcore_algo-limbo_measure-il_serial-60_stop-50.rsf
433,WCA_vs_LIMBO,UEMNM_vs_IL,50_vs_25,130_vs_70,_vs_,85.73232323,0.285714286,mapreduceclientcore_algo-wca_measure-uemnm_serial-130_stop-50.rsf | mapreduceclientcore_algo-limbo_measure-il_serial-70_stop-25.rsf
434,WCA_vs_LIMBO,UEMNM_vs_IL,50_vs_50,130_vs_70,_vs_,85.73232323,0.285714286,mapreduceclientcore_algo-wca_measure-uemnm_serial-130_stop-50.rsf | mapreduceclientcore_algo-limbo_measure-il_serial-70_stop-50.rsf
435,WCA_vs_LIMBO,UEMNM_vs_IL,50_vs_25,130_vs_80,_vs_,86.88181056,0.3,mapreduceclientcore_algo-wca_measure-uemnm_serial-130_stop-50.rsf | mapreduceclientcore_algo-limbo_measure-il_serial-80_stop-25.rsf
436,WCA_vs_LIMBO,UEMNM_vs_IL,50_vs_50,130_vs_80,_vs_,86.88181056,0.3,mapreduceclientcore_algo-wca_measure-uemnm_serial-130_stop-50.rsf | mapreduceclientcore_algo-limbo_measure-il_serial-80_stop-50.rsf
437,WCA_vs_LIMBO,UEMNM_vs_IL,50_vs_75,130_vs_80,_vs_,86.88181056,0.3,mapreduceclientcore_algo-wca_measure-uemnm_serial-130_stop-50.rsf | mapreduceclientcore_algo-limbo_measure-il_serial-80_stop-75.rsf
438,WCA_vs_LIMBO,UEMNM_vs_IL,50_vs_25,130_vs_90,_vs_,87.06176962,0.288888889,mapreduceclientcore_algo-wca_measure-uemnm_serial-130_stop-50.rsf | mapreduceclientcore_algo-limbo_measure-il_serial-90_stop-25.rsf
439,WCA_vs_LIMBO,UEMNM_vs_IL,50_vs_50,130_vs_90,_vs_,87.06176962,0.288888889,mapreduceclientcore_algo-wca_measure-uemnm_serial-130_stop-50.rsf | mapreduceclientcore_algo-limbo_measure-il_serial-90_stop-50.rsf
440,WCA_vs_LIMBO,UEMNM_vs_IL,50_vs_75,130_vs_90,_vs_,87.06176962,0.288888889,mapreduceclientcore_algo-wca_measure-uemnm_serial-130_stop-50.rsf | mapreduceclientcore_algo-limbo_measure-il_serial-90_stop-75.rsf
441,WCA_vs_LIMBO,UEMNM_vs_IL,75_vs_100,130_vs_100,_vs_,87.57273483,0.3,mapreduceclientcore_algo-wca_measure-uemnm_serial-130_stop-75.rsf | mapreduceclientcore_algo-limbo_measure-il_serial-100_stop-100.rsf
442,WCA_vs_LIMBO,UEMNM_vs_IL,75_vs_25,130_vs_100,_vs_,87.57273483,0.3,mapreduceclientcore_algo-wca_measure-uemnm_serial-130_stop-75.rsf | mapreduceclientcore_algo-limbo_measure-il_serial-100_stop-25.rsf
443,WCA_vs_LIMBO,UEMNM_vs_IL,75_vs_50,130_vs_100,_vs_,87.57273483,0.3,mapreduceclientcore_algo-wca_measure-uemnm_serial-130_stop-75.rsf | mapreduceclientcore_algo-limbo_measure-il_serial-100_stop-50.rsf
444,WCA_vs_LIMBO,UEMNM_vs_IL,75_vs_75,130_vs_100,_vs_,87.57273483,0.3,mapreduceclientcore_algo-wca_measure-uemnm_serial-130_stop-75.rsf | mapreduceclientcore_algo-limbo_measure-il_serial-100_stop-75.rsf
445,WCA_vs_LIMBO,UEMNM_vs_IL,75_vs_100,130_vs_110,_vs_,87.83112583,0.272727273,mapreduceclientcore_algo-wca_measure-uemnm_serial-130_stop-75.rsf | mapreduceclientcore_algo-limbo_measure-il_serial-110_stop-100.rsf
446,WCA_vs_LIMBO,UEMNM_vs_IL,75_vs_25,130_vs_110,_vs_,87.83112583,0.272727273,mapreduceclientcore_algo-wca_measure-uemnm_serial-130_stop-75.rsf | mapreduceclientcore_algo-limbo_measure-il_serial-110_stop-25.rsf
447,WCA_vs_LIMBO,UEMNM_vs_IL,75_vs_50,130_vs_110,_vs_,87.83112583,0.272727273,mapreduceclientcore_algo-wca_measure-uemnm_serial-130_stop-75.rsf | mapreduceclientcore_algo-limbo_measure-il_serial-110_stop-50.rsf
448,WCA_vs_LIMBO,UEMNM_vs_IL,75_vs_75,130_vs_110,_vs_,87.83112583,0.272727273,mapreduceclientcore_algo-wca_measure-uemnm_serial-130_stop-75.rsf | mapreduceclientcore_algo-limbo_measure-il_serial-110_stop-75.rsf
449,WCA_vs_LIMBO,UEMNM_vs_IL,75_vs_25,130_vs_25,_vs_,79.06477906,0.48,mapreduceclientcore_algo-wca_measure-uemnm_serial-130_stop-75.rsf | mapreduceclientcore_algo-limbo_measure-il_serial-25_stop-25.rsf
450,WCA_vs_LIMBO,UEMNM_vs_IL,75_vs_25,130_vs_30,_vs_,80.82191781,0.4,mapreduceclientcore_algo-wca_measure-uemnm_serial-130_stop-75.rsf | mapreduceclientcore_algo-limbo_measure-il_serial-30_stop-25.rsf
451,WCA_vs_LIMBO,UEMNM_vs_IL,75_vs_25,130_vs_40,_vs_,82.6513214,0.375,mapreduceclientcore_algo-wca_measure-uemnm_serial-130_stop-75.rsf | mapreduceclientcore_algo-limbo_measure-il_serial-40_stop-25.rsf
452,WCA_vs_LIMBO,UEMNM_vs_IL,75_vs_25,130_vs_50,_vs_,83.7860781,0.34,mapreduceclientcore_algo-wca_measure-uemnm_serial-130_stop-75.rsf | mapreduceclientcore_algo-limbo_measure-il_serial-50_stop-25.rsf
453,WCA_vs_LIMBO,UEMNM_vs_IL,75_vs_50,130_vs_50,_vs_,83.7860781,0.34,mapreduceclientcore_algo-wca_measure-uemnm_serial-130_stop-75.rsf | mapreduceclientcore_algo-limbo_measure-il_serial-50_stop-50.rsf
454,WCA_vs_LIMBO,UEMNM_vs_IL,75_vs_25,130_vs_60,_vs_,84.78444632,0.283333333,mapreduceclientcore_algo-wca_measure-uemnm_serial-130_stop-75.rsf | mapreduceclientcore_algo-limbo_measure-il_serial-60_stop-25.rsf
455,WCA_vs_LIMBO,UEMNM_vs_IL,75_vs_50,130_vs_60,_vs_,84.78444632,0.283333333,mapreduceclientcore_algo-wca_measure-uemnm_serial-130_stop-75.rsf | mapreduceclientcore_algo-limbo_measure-il_serial-60_stop-50.rsf
456,WCA_vs_LIMBO,UEMNM_vs_IL,75_vs_25,130_vs_70,_vs_,85.73232323,0.285714286,mapreduceclientcore_algo-wca_measure-uemnm_serial-130_stop-75.rsf | mapreduceclientcore_algo-limbo_measure-il_serial-70_stop-25.rsf
457,WCA_vs_LIMBO,UEMNM_vs_IL,75_vs_50,130_vs_70,_vs_,85.73232323,0.285714286,mapreduceclientcore_algo-wca_measure-uemnm_serial-130_stop-75.rsf | mapreduceclientcore_algo-limbo_measure-il_serial-70_stop-50.rsf
458,WCA_vs_LIMBO,UEMNM_vs_IL,75_vs_25,130_vs_80,_vs_,86.88181056,0.3,mapreduceclientcore_algo-wca_measure-uemnm_serial-130_stop-75.rsf | mapreduceclientcore_algo-limbo_measure-il_serial-80_stop-25.rsf
459,WCA_vs_LIMBO,UEMNM_vs_IL,75_vs_50,130_vs_80,_vs_,86.88181056,0.3,mapreduceclientcore_algo-wca_measure-uemnm_serial-130_stop-75.rsf | mapreduceclientcore_algo-limbo_measure-il_serial-80_stop-50.rsf
460,WCA_vs_LIMBO,UEMNM_vs_IL,75_vs_75,130_vs_80,_vs_,86.88181056,0.3,mapreduceclientcore_algo-wca_measure-uemnm_serial-130_stop-75.rsf | mapreduceclientcore_algo-limbo_measure-il_serial-80_stop-75.rsf
461,WCA_vs_LIMBO,UEMNM_vs_IL,75_vs_25,130_vs_90,_vs_,87.06176962,0.288888889,mapreduceclientcore_algo-wca_measure-uemnm_serial-130_stop-75.rsf | mapreduceclientcore_algo-limbo_measure-il_serial-90_stop-25.rsf
462,WCA_vs_LIMBO,UEMNM_vs_IL,75_vs_50,130_vs_90,_vs_,87.06176962,0.288888889,mapreduceclientcore_algo-wca_measure-uemnm_serial-130_stop-75.rsf | mapreduceclientcore_algo-limbo_measure-il_serial-90_stop-50.rsf
463,WCA_vs_LIMBO,UEMNM_vs_IL,75_vs_75,130_vs_90,_vs_,87.06176962,0.288888889,mapreduceclientcore_algo-wca_measure-uemnm_serial-130_stop-75.rsf | mapreduceclientcore_algo-limbo_measure-il_serial-90_stop-75.rsf
464,WCA_vs_LIMBO,UEMNM_vs_IL,100_vs_100,140_vs_100,_vs_,87.54139073,0.34,mapreduceclientcore_algo-wca_measure-uemnm_serial-140_stop-100.rsf | mapreduceclientcore_algo-limbo_measure-il_serial-100_stop-100.rsf
465,WCA_vs_LIMBO,UEMNM_vs_IL,100_vs_25,140_vs_100,_vs_,87.54139073,0.34,mapreduceclientcore_algo-wca_measure-uemnm_serial-140_stop-100.rsf | mapreduceclientcore_algo-limbo_measure-il_serial-100_stop-25.rsf
466,WCA_vs_LIMBO,UEMNM_vs_IL,100_vs_50,140_vs_100,_vs_,87.54139073,0.34,mapreduceclientcore_algo-wca_measure-uemnm_serial-140_stop-100.rsf | mapreduceclientcore_algo-limbo_measure-il_serial-100_stop-50.rsf
467,WCA_vs_LIMBO,UEMNM_vs_IL,100_vs_75,140_vs_100,_vs_,87.54139073,0.34,mapreduceclientcore_algo-wca_measure-uemnm_serial-140_stop-100.rsf | mapreduceclientcore_algo-limbo_measure-il_serial-100_stop-75.rsf
468,WCA_vs_LIMBO,UEMNM_vs_IL,100_vs_100,140_vs_110,_vs_,87.79884584,0.318181818,mapreduceclientcore_algo-wca_measure-uemnm_serial-140_stop-100.rsf | mapreduceclientcore_algo-limbo_measure-il_serial-110_stop-100.rsf
469,WCA_vs_LIMBO,UEMNM_vs_IL,100_vs_25,140_vs_110,_vs_,87.79884584,0.318181818,mapreduceclientcore_algo-wca_measure-uemnm_serial-140_stop-100.rsf | mapreduceclientcore_algo-limbo_measure-il_serial-110_stop-25.rsf
470,WCA_vs_LIMBO,UEMNM_vs_IL,100_vs_50,140_vs_110,_vs_,87.79884584,0.318181818,mapreduceclientcore_algo-wca_measure-uemnm_serial-140_stop-100.rsf | mapreduceclientcore_algo-limbo_measure-il_serial-110_stop-50.rsf
471,WCA_vs_LIMBO,UEMNM_vs_IL,100_vs_75,140_vs_110,_vs_,87.79884584,0.318181818,mapreduceclientcore_algo-wca_measure-uemnm_serial-140_stop-100.rsf | mapreduceclientcore_algo-limbo_measure-il_serial-110_stop-75.rsf
472,WCA_vs_LIMBO,UEMNM_vs_IL,100_vs_25,140_vs_25,_vs_,78.72703973,0.48,mapreduceclientcore_algo-wca_measure-uemnm_serial-140_stop-100.rsf | mapreduceclientcore_algo-limbo_measure-il_serial-25_stop-25.rsf
473,WCA_vs_LIMBO,UEMNM_vs_IL,100_vs_25,140_vs_30,_vs_,80.47740835,0.4,mapreduceclientcore_algo-wca_measure-uemnm_serial-140_stop-100.rsf | mapreduceclientcore_algo-limbo_measure-il_serial-30_stop-25.rsf
474,WCA_vs_LIMBO,UEMNM_vs_IL,100_vs_25,140_vs_40,_vs_,82.38539898,0.375,mapreduceclientcore_algo-wca_measure-uemnm_serial-140_stop-100.rsf | mapreduceclientcore_algo-limbo_measure-il_serial-40_stop-25.rsf
475,WCA_vs_LIMBO,UEMNM_vs_IL,100_vs_25,140_vs_50,_vs_,83.68554522,0.42,mapreduceclientcore_algo-wca_measure-uemnm_serial-140_stop-100.rsf | mapreduceclientcore_algo-limbo_measure-il_serial-50_stop-25.rsf
476,WCA_vs_LIMBO,UEMNM_vs_IL,100_vs_50,140_vs_50,_vs_,83.68554522,0.42,mapreduceclientcore_algo-wca_measure-uemnm_serial-140_stop-100.rsf | mapreduceclientcore_algo-limbo_measure-il_serial-50_stop-50.rsf
477,WCA_vs_LIMBO,UEMNM_vs_IL,100_vs_25,140_vs_60,_vs_,84.68013468,0.35,mapreduceclientcore_algo-wca_measure-uemnm_serial-140_stop-100.rsf | mapreduceclientcore_algo-limbo_measure-il_serial-60_stop-25.rsf
478,WCA_vs_LIMBO,UEMNM_vs_IL,100_vs_50,140_vs_60,_vs_,84.68013468,0.35,mapreduceclientcore_algo-wca_measure-uemnm_serial-140_stop-100.rsf | mapreduceclientcore_algo-limbo_measure-il_serial-60_stop-50.rsf
479,WCA_vs_LIMBO,UEMNM_vs_IL,100_vs_25,140_vs_70,_vs_,85.70829841,0.357142857,mapreduceclientcore_algo-wca_measure-uemnm_serial-140_stop-100.rsf | mapreduceclientcore_algo-limbo_measure-il_serial-70_stop-25.rsf
480,WCA_vs_LIMBO,UEMNM_vs_IL,100_vs_50,140_vs_70,_vs_,85.70829841,0.357142857,mapreduceclientcore_algo-wca_measure-uemnm_serial-140_stop-100.rsf | mapreduceclientcore_algo-limbo_measure-il_serial-70_stop-50.rsf
481,WCA_vs_LIMBO,UEMNM_vs_IL,100_vs_25,140_vs_80,_vs_,86.81135225,0.3625,mapreduceclientcore_algo-wca_measure-uemnm_serial-140_stop-100.rsf | mapreduceclientcore_algo-limbo_measure-il_serial-80_stop-25.rsf
482,WCA_vs_LIMBO,UEMNM_vs_IL,100_vs_50,140_vs_80,_vs_,86.81135225,0.3625,mapreduceclientcore_algo-wca_measure-uemnm_serial-140_stop-100.rsf | mapreduceclientcore_algo-limbo_measure-il_serial-80_stop-50.rsf
483,WCA_vs_LIMBO,UEMNM_vs_IL,100_vs_75,140_vs_80,_vs_,86.81135225,0.3625,mapreduceclientcore_algo-wca_measure-uemnm_serial-140_stop-100.rsf | mapreduceclientcore_algo-limbo_measure-il_serial-80_stop-75.rsf
484,WCA_vs_LIMBO,UEMNM_vs_IL,100_vs_25,140_vs_90,_vs_,87.03241895,0.333333333,mapreduceclientcore_algo-wca_measure-uemnm_serial-140_stop-100.rsf | mapreduceclientcore_algo-limbo_measure-il_serial-90_stop-25.rsf
485,WCA_vs_LIMBO,UEMNM_vs_IL,100_vs_50,140_vs_90,_vs_,87.03241895,0.333333333,mapreduceclientcore_algo-wca_measure-uemnm_serial-140_stop-100.rsf | mapreduceclientcore_algo-limbo_measure-il_serial-90_stop-50.rsf
486,WCA_vs_LIMBO,UEMNM_vs_IL,100_vs_75,140_vs_90,_vs_,87.03241895,0.333333333,mapreduceclientcore_algo-wca_measure-uemnm_serial-140_stop-100.rsf | mapreduceclientcore_algo-limbo_measure-il_serial-90_stop-75.rsf
487,WCA_vs_LIMBO,UEMNM_vs_IL,25_vs_100,140_vs_100,_vs_,87.54139073,0.34,mapreduceclientcore_algo-wca_measure-uemnm_serial-140_stop-25.rsf | mapreduceclientcore_algo-limbo_measure-il_serial-100_stop-100.rsf
488,WCA_vs_LIMBO,UEMNM_vs_IL,25_vs_25,140_vs_100,_vs_,87.54139073,0.34,mapreduceclientcore_algo-wca_measure-uemnm_serial-140_stop-25.rsf | mapreduceclientcore_algo-limbo_measure-il_serial-100_stop-25.rsf
489,WCA_vs_LIMBO,UEMNM_vs_IL,25_vs_50,140_vs_100,_vs_,87.54139073,0.34,mapreduceclientcore_algo-wca_measure-uemnm_serial-140_stop-25.rsf | mapreduceclientcore_algo-limbo_measure-il_serial-100_stop-50.rsf
490,WCA_vs_LIMBO,UEMNM_vs_IL,25_vs_75,140_vs_100,_vs_,87.54139073,0.34,mapreduceclientcore_algo-wca_measure-uemnm_serial-140_stop-25.rsf | mapreduceclientcore_algo-limbo_measure-il_serial-100_stop-75.rsf
491,WCA_vs_LIMBO,UEMNM_vs_IL,25_vs_100,140_vs_110,_vs_,87.79884584,0.318181818,mapreduceclientcore_algo-wca_measure-uemnm_serial-140_stop-25.rsf | mapreduceclientcore_algo-limbo_measure-il_serial-110_stop-100.rsf
492,WCA_vs_LIMBO,UEMNM_vs_IL,25_vs_25,140_vs_110,_vs_,87.79884584,0.318181818,mapreduceclientcore_algo-wca_measure-uemnm_serial-140_stop-25.rsf | mapreduceclientcore_algo-limbo_measure-il_serial-110_stop-25.rsf
493,WCA_vs_LIMBO,UEMNM_vs_IL,25_vs_50,140_vs_110,_vs_,87.79884584,0.318181818,mapreduceclientcore_algo-wca_measure-uemnm_serial-140_stop-25.rsf | mapreduceclientcore_algo-limbo_measure-il_serial-110_stop-50.rsf
494,WCA_vs_LIMBO,UEMNM_vs_IL,25_vs_75,140_vs_110,_vs_,87.79884584,0.318181818,mapreduceclientcore_algo-wca_measure-uemnm_serial-140_stop-25.rsf | mapreduceclientcore_algo-limbo_measure-il_serial-110_stop-75.rsf
495,WCA_vs_LIMBO,UEMNM_vs_IL,25_vs_25,140_vs_25,_vs_,78.72703973,0.48,mapreduceclientcore_algo-wca_measure-uemnm_serial-140_stop-25.rsf | mapreduceclientcore_algo-limbo_measure-il_serial-25_stop-25.rsf
496,WCA_vs_LIMBO,UEMNM_vs_IL,25_vs_25,140_vs_30,_vs_,80.47740835,0.4,mapreduceclientcore_algo-wca_measure-uemnm_serial-140_stop-25.rsf | mapreduceclientcore_algo-limbo_measure-il_serial-30_stop-25.rsf
497,WCA_vs_LIMBO,UEMNM_vs_IL,25_vs_25,140_vs_40,_vs_,82.38539898,0.375,mapreduceclientcore_algo-wca_measure-uemnm_serial-140_stop-25.rsf | mapreduceclientcore_algo-limbo_measure-il_serial-40_stop-25.rsf
498,WCA_vs_LIMBO,UEMNM_vs_IL,25_vs_25,140_vs_50,_vs_,83.68554522,0.42,mapreduceclientcore_algo-wca_measure-uemnm_serial-140_stop-25.rsf | mapreduceclientcore_algo-limbo_measure-il_serial-50_stop-25.rsf
499,WCA_vs_LIMBO,UEMNM_vs_IL,25_vs_50,140_vs_50,_vs_,83.68554522,0.42,mapreduceclientcore_algo-wca_measure-uemnm_serial-140_stop-25.rsf | mapreduceclientcore_algo-limbo_measure-il_serial-50_stop-50.rsf
500,WCA_vs_LIMBO,UEMNM_vs_IL,25_vs_25,140_vs_60,_vs_,84.68013468,0.35,mapreduceclientcore_algo-wca_measure-uemnm_serial-140_stop-25.rsf | mapreduceclientcore_algo-limbo_measure-il_serial-60_stop-25.rsf
501,WCA_vs_LIMBO,UEMNM_vs_IL,25_vs_50,140_vs_60,_vs_,84.68013468,0.35,mapreduceclientcore_algo-wca_measure-uemnm_serial-140_stop-25.rsf | mapreduceclientcore_algo-limbo_measure-il_serial-60_stop-50.rsf
502,WCA_vs_LIMBO,UEMNM_vs_IL,25_vs_25,140_vs_70,_vs_,85.70829841,0.357142857,mapreduceclientcore_algo-wca_measure-uemnm_serial-140_stop-25.rsf | mapreduceclientcore_algo-limbo_measure-il_serial-70_stop-25.rsf
503,WCA_vs_LIMBO,UEMNM_vs_IL,25_vs_50,140_vs_70,_vs_,85.70829841,0.357142857,mapreduceclientcore_algo-wca_measure-uemnm_serial-140_stop-25.rsf | mapreduceclientcore_algo-limbo_measure-il_serial-70_stop-50.rsf
504,WCA_vs_LIMBO,UEMNM_vs_IL,25_vs_25,140_vs_80,_vs_,86.81135225,0.3625,mapreduceclientcore_algo-wca_measure-uemnm_serial-140_stop-25.rsf | mapreduceclientcore_algo-limbo_measure-il_serial-80_stop-25.rsf
505,WCA_vs_LIMBO,UEMNM_vs_IL,25_vs_50,140_vs_80,_vs_,86.81135225,0.3625,mapreduceclientcore_algo-wca_measure-uemnm_serial-140_stop-25.rsf | mapreduceclientcore_algo-limbo_measure-il_serial-80_stop-50.rsf
506,WCA_vs_LIMBO,UEMNM_vs_IL,25_vs_75,140_vs_80,_vs_,86.81135225,0.3625,mapreduceclientcore_algo-wca_measure-uemnm_serial-140_stop-25.rsf | mapreduceclientcore_algo-limbo_measure-il_serial-80_stop-75.rsf
507,WCA_vs_LIMBO,UEMNM_vs_IL,25_vs_25,140_vs_90,_vs_,87.03241895,0.333333333,mapreduceclientcore_algo-wca_measure-uemnm_serial-140_stop-25.rsf | mapreduceclientcore_algo-limbo_measure-il_serial-90_stop-25.rsf
508,WCA_vs_LIMBO,UEMNM_vs_IL,25_vs_50,140_vs_90,_vs_,87.03241895,0.333333333,mapreduceclientcore_algo-wca_measure-uemnm_serial-140_stop-25.rsf | mapreduceclientcore_algo-limbo_measure-il_serial-90_stop-50.rsf
509,WCA_vs_LIMBO,UEMNM_vs_IL,25_vs_75,140_vs_90,_vs_,87.03241895,0.333333333,mapreduceclientcore_algo-wca_measure-uemnm_serial-140_stop-25.rsf | mapreduceclientcore_algo-limbo_measure-il_serial-90_stop-75.rsf
510,WCA_vs_LIMBO,UEMNM_vs_IL,50_vs_100,140_vs_100,_vs_,87.54139073,0.34,mapreduceclientcore_algo-wca_measure-uemnm_serial-140_stop-50.rsf | mapreduceclientcore_algo-limbo_measure-il_serial-100_stop-100.rsf
511,WCA_vs_LIMBO,UEMNM_vs_IL,50_vs_25,140_vs_100,_vs_,87.54139073,0.34,mapreduceclientcore_algo-wca_measure-uemnm_serial-140_stop-50.rsf | mapreduceclientcore_algo-limbo_measure-il_serial-100_stop-25.rsf
512,WCA_vs_LIMBO,UEMNM_vs_IL,50_vs_50,140_vs_100,_vs_,87.54139073,0.34,mapreduceclientcore_algo-wca_measure-uemnm_serial-140_stop-50.rsf | mapreduceclientcore_algo-limbo_measure-il_serial-100_stop-50.rsf
513,WCA_vs_LIMBO,UEMNM_vs_IL,50_vs_75,140_vs_100,_vs_,87.54139073,0.34,mapreduceclientcore_algo-wca_measure-uemnm_serial-140_stop-50.rsf | mapreduceclientcore_algo-limbo_measure-il_serial-100_stop-75.rsf
514,WCA_vs_LIMBO,UEMNM_vs_IL,50_vs_100,140_vs_110,_vs_,87.79884584,0.318181818,mapreduceclientcore_algo-wca_measure-uemnm_serial-140_stop-50.rsf | mapreduceclientcore_algo-limbo_measure-il_serial-110_stop-100.rsf
515,WCA_vs_LIMBO,UEMNM_vs_IL,50_vs_25,140_vs_110,_vs_,87.79884584,0.318181818,mapreduceclientcore_algo-wca_measure-uemnm_serial-140_stop-50.rsf | mapreduceclientcore_algo-limbo_measure-il_serial-110_stop-25.rsf
516,WCA_vs_LIMBO,UEMNM_vs_IL,50_vs_50,140_vs_110,_vs_,87.79884584,0.318181818,mapreduceclientcore_algo-wca_measure-uemnm_serial-140_stop-50.rsf | mapreduceclientcore_algo-limbo_measure-il_serial-110_stop-50.rsf
517,WCA_vs_LIMBO,UEMNM_vs_IL,50_vs_75,140_vs_110,_vs_,87.79884584,0.318181818,mapreduceclientcore_algo-wca_measure-uemnm_serial-140_stop-50.rsf | mapreduceclientcore_algo-limbo_measure-il_serial-110_stop-75.rsf
518,WCA_vs_LIMBO,UEMNM_vs_IL,50_vs_25,140_vs_25,_vs_,78.72703973,0.48,mapreduceclientcore_algo-wca_measure-uemnm_serial-140_stop-50.rsf | mapreduceclientcore_algo-limbo_measure-il_serial-25_stop-25.rsf
519,WCA_vs_LIMBO,UEMNM_vs_IL,50_vs_25,140_vs_30,_vs_,80.47740835,0.4,mapreduceclientcore_algo-wca_measure-uemnm_serial-140_stop-50.rsf | mapreduceclientcore_algo-limbo_measure-il_serial-30_stop-25.rsf
520,WCA_vs_LIMBO,UEMNM_vs_IL,50_vs_25,140_vs_40,_vs_,82.38539898,0.375,mapreduceclientcore_algo-wca_measure-uemnm_serial-140_stop-50.rsf | mapreduceclientcore_algo-limbo_measure-il_serial-40_stop-25.rsf
521,WCA_vs_LIMBO,UEMNM_vs_IL,50_vs_25,140_vs_50,_vs_,83.68554522,0.42,mapreduceclientcore_algo-wca_measure-uemnm_serial-140_stop-50.rsf | mapreduceclientcore_algo-limbo_measure-il_serial-50_stop-25.rsf
522,WCA_vs_LIMBO,UEMNM_vs_IL,50_vs_50,140_vs_50,_vs_,83.68554522,0.42,mapreduceclientcore_algo-wca_measure-uemnm_serial-140_stop-50.rsf | mapreduceclientcore_algo-limbo_measure-il_serial-50_stop-50.rsf
523,WCA_vs_LIMBO,UEMNM_vs_IL,50_vs_25,140_vs_60,_vs_,84.68013468,0.35,mapreduceclientcore_algo-wca_measure-uemnm_serial-140_stop-50.rsf | mapreduceclientcore_algo-limbo_measure-il_serial-60_stop-25.rsf
524,WCA_vs_LIMBO,UEMNM_vs_IL,50_vs_50,140_vs_60,_vs_,84.68013468,0.35,mapreduceclientcore_algo-wca_measure-uemnm_serial-140_stop-50.rsf | mapreduceclientcore_algo-limbo_measure-il_serial-60_stop-50.rsf
525,WCA_vs_LIMBO,UEMNM_vs_IL,50_vs_25,140_vs_70,_vs_,85.70829841,0.357142857,mapreduceclientcore_algo-wca_measure-uemnm_serial-140_stop-50.rsf | mapreduceclientcore_algo-limbo_measure-il_serial-70_stop-25.rsf
526,WCA_vs_LIMBO,UEMNM_vs_IL,50_vs_50,140_vs_70,_vs_,85.70829841,0.357142857,mapreduceclientcore_algo-wca_measure-uemnm_serial-140_stop-50.rsf | mapreduceclientcore_algo-limbo_measure-il_serial-70_stop-50.rsf
527,WCA_vs_LIMBO,UEMNM_vs_IL,50_vs_25,140_vs_80,_vs_,86.81135225,0.3625,mapreduceclientcore_algo-wca_measure-uemnm_serial-140_stop-50.rsf | mapreduceclientcore_algo-limbo_measure-il_serial-80_stop-25.rsf
528,WCA_vs_LIMBO,UEMNM_vs_IL,50_vs_50,140_vs_80,_vs_,86.81135225,0.3625,mapreduceclientcore_algo-wca_measure-uemnm_serial-140_stop-50.rsf | mapreduceclientcore_algo-limbo_measure-il_serial-80_stop-50.rsf
529,WCA_vs_LIMBO,UEMNM_vs_IL,50_vs_75,140_vs_80,_vs_,86.81135225,0.3625,mapreduceclientcore_algo-wca_measure-uemnm_serial-140_stop-50.rsf | mapreduceclientcore_algo-limbo_measure-il_serial-80_stop-75.rsf
530,WCA_vs_LIMBO,UEMNM_vs_IL,50_vs_25,140_vs_90,_vs_,87.03241895,0.333333333,mapreduceclientcore_algo-wca_measure-uemnm_serial-140_stop-50.rsf | mapreduceclientcore_algo-limbo_measure-il_serial-90_stop-25.rsf
531,WCA_vs_LIMBO,UEMNM_vs_IL,50_vs_50,140_vs_90,_vs_,87.03241895,0.333333333,mapreduceclientcore_algo-wca_measure-uemnm_serial-140_stop-50.rsf | mapreduceclientcore_algo-limbo_measure-il_serial-90_stop-50.rsf
532,WCA_vs_LIMBO,UEMNM_vs_IL,50_vs_75,140_vs_90,_vs_,87.03241895,0.333333333,mapreduceclientcore_algo-wca_measure-uemnm_serial-140_stop-50.rsf | mapreduceclientcore_algo-limbo_measure-il_serial-90_stop-75.rsf
533,WCA_vs_LIMBO,UEMNM_vs_IL,75_vs_100,140_vs_100,_vs_,87.54139073,0.34,mapreduceclientcore_algo-wca_measure-uemnm_serial-140_stop-75.rsf | mapreduceclientcore_algo-limbo_measure-il_serial-100_stop-100.rsf
534,WCA_vs_LIMBO,UEMNM_vs_IL,75_vs_25,140_vs_100,_vs_,87.54139073,0.34,mapreduceclientcore_algo-wca_measure-uemnm_serial-140_stop-75.rsf | mapreduceclientcore_algo-limbo_measure-il_serial-100_stop-25.rsf
535,WCA_vs_LIMBO,UEMNM_vs_IL,75_vs_50,140_vs_100,_vs_,87.54139073,0.34,mapreduceclientcore_algo-wca_measure-uemnm_serial-140_stop-75.rsf | mapreduceclientcore_algo-limbo_measure-il_serial-100_stop-50.rsf
536,WCA_vs_LIMBO,UEMNM_vs_IL,75_vs_75,140_vs_100,_vs_,87.54139073,0.34,mapreduceclientcore_algo-wca_measure-uemnm_serial-140_stop-75.rsf | mapreduceclientcore_algo-limbo_measure-il_serial-100_stop-75.rsf
537,WCA_vs_LIMBO,UEMNM_vs_IL,75_vs_100,140_vs_110,_vs_,87.79884584,0.318181818,mapreduceclientcore_algo-wca_measure-uemnm_serial-140_stop-75.rsf | mapreduceclientcore_algo-limbo_measure-il_serial-110_stop-100.rsf
538,WCA_vs_LIMBO,UEMNM_vs_IL,75_vs_25,140_vs_110,_vs_,87.79884584,0.318181818,mapreduceclientcore_algo-wca_measure-uemnm_serial-140_stop-75.rsf | mapreduceclientcore_algo-limbo_measure-il_serial-110_stop-25.rsf
539,WCA_vs_LIMBO,UEMNM_vs_IL,75_vs_50,140_vs_110,_vs_,87.79884584,0.318181818,mapreduceclientcore_algo-wca_measure-uemnm_serial-140_stop-75.rsf | mapreduceclientcore_algo-limbo_measure-il_serial-110_stop-50.rsf
540,WCA_vs_LIMBO,UEMNM_vs_IL,75_vs_75,140_vs_110,_vs_,87.79884584,0.318181818,mapreduceclientcore_algo-wca_measure-uemnm_serial-140_stop-75.rsf | mapreduceclientcore_algo-limbo_measure-il_serial-110_stop-75.rsf
541,WCA_vs_LIMBO,UEMNM_vs_IL,75_vs_25,140_vs_25,_vs_,78.72703973,0.48,mapreduceclientcore_algo-wca_measure-uemnm_serial-140_stop-75.rsf | mapreduceclientcore_algo-limbo_measure-il_serial-25_stop-25.rsf
542,WCA_vs_LIMBO,UEMNM_vs_IL,75_vs_25,140_vs_30,_vs_,80.47740835,0.4,mapreduceclientcore_algo-wca_measure-uemnm_serial-140_stop-75.rsf | mapreduceclientcore_algo-limbo_measure-il_serial-30_stop-25.rsf
543,WCA_vs_LIMBO,UEMNM_vs_IL,75_vs_25,140_vs_40,_vs_,82.38539898,0.375,mapreduceclientcore_algo-wca_measure-uemnm_serial-140_stop-75.rsf | mapreduceclientcore_algo-limbo_measure-il_serial-40_stop-25.rsf
544,WCA_vs_LIMBO,UEMNM_vs_IL,75_vs_25,140_vs_50,_vs_,83.68554522,0.42,mapreduceclientcore_algo-wca_measure-uemnm_serial-140_stop-75.rsf | mapreduceclientcore_algo-limbo_measure-il_serial-50_stop-25.rsf
545,WCA_vs_LIMBO,UEMNM_vs_IL,75_vs_50,140_vs_50,_vs_,83.68554522,0.42,mapreduceclientcore_algo-wca_measure-uemnm_serial-140_stop-75.rsf | mapreduceclientcore_algo-limbo_measure-il_serial-50_stop-50.rsf
546,WCA_vs_LIMBO,UEMNM_vs_IL,75_vs_25,140_vs_60,_vs_,84.68013468,0.35,mapreduceclientcore_algo-wca_measure-uemnm_serial-140_stop-75.rsf | mapreduceclientcore_algo-limbo_measure-il_serial-60_stop-25.rsf
547,WCA_vs_LIMBO,UEMNM_vs_IL,75_vs_50,140_vs_60,_vs_,84.68013468,0.35,mapreduceclientcore_algo-wca_measure-uemnm_serial-140_stop-75.rsf | mapreduceclientcore_algo-limbo_measure-il_serial-60_stop-50.rsf
548,WCA_vs_LIMBO,UEMNM_vs_IL,75_vs_25,140_vs_70,_vs_,85.70829841,0.357142857,mapreduceclientcore_algo-wca_measure-uemnm_serial-140_stop-75.rsf | mapreduceclientcore_algo-limbo_measure-il_serial-70_stop-25.rsf
549,WCA_vs_LIMBO,UEMNM_vs_IL,75_vs_50,140_vs_70,_vs_,85.70829841,0.357142857,mapreduceclientcore_algo-wca_measure-uemnm_serial-140_stop-75.rsf | mapreduceclientcore_algo-limbo_measure-il_serial-70_stop-50.rsf
550,WCA_vs_LIMBO,UEMNM_vs_IL,75_vs_25,140_vs_80,_vs_,86.81135225,0.3625,mapreduceclientcore_algo-wca_measure-uemnm_serial-140_stop-75.rsf | mapreduceclientcore_algo-limbo_measure-il_serial-80_stop-25.rsf
551,WCA_vs_LIMBO,UEMNM_vs_IL,75_vs_50,140_vs_80,_vs_,86.81135225,0.3625,mapreduceclientcore_algo-wca_measure-uemnm_serial-140_stop-75.rsf | mapreduceclientcore_algo-limbo_measure-il_serial-80_stop-50.rsf
552,WCA_vs_LIMBO,UEMNM_vs_IL,75_vs_75,140_vs_80,_vs_,86.81135225,0.3625,mapreduceclientcore_algo-wca_measure-uemnm_serial-140_stop-75.rsf | mapreduceclientcore_algo-limbo_measure-il_serial-80_stop-75.rsf
553,WCA_vs_LIMBO,UEMNM_vs_IL,75_vs_25,140_vs_90,_vs_,87.03241895,0.333333333,mapreduceclientcore_algo-wca_measure-uemnm_serial-140_stop-75.rsf | mapreduceclientcore_algo-limbo_measure-il_serial-90_stop-25.rsf
554,WCA_vs_LIMBO,UEMNM_vs_IL,75_vs_50,140_vs_90,_vs_,87.03241895,0.333333333,mapreduceclientcore_algo-wca_measure-uemnm_serial-140_stop-75.rsf | mapreduceclientcore_algo-limbo_measure-il_serial-90_stop-50.rsf
555,WCA_vs_LIMBO,UEMNM_vs_IL,75_vs_75,140_vs_90,_vs_,87.03241895,0.333333333,mapreduceclientcore_algo-wca_measure-uemnm_serial-140_stop-75.rsf | mapreduceclientcore_algo-limbo_measure-il_serial-90_stop-75.rsf
556,WCA_vs_LIMBO,UEMNM_vs_IL,100_vs_100,150_vs_100,_vs_,87.26298434,0.37,mapreduceclientcore_algo-wca_measure-uemnm_serial-150_stop-100.rsf | mapreduceclientcore_algo-limbo_measure-il_serial-100_stop-100.rsf
557,WCA_vs_LIMBO,UEMNM_vs_IL,100_vs_25,150_vs_100,_vs_,87.26298434,0.37,mapreduceclientcore_algo-wca_measure-uemnm_serial-150_stop-100.rsf | mapreduceclientcore_algo-limbo_measure-il_serial-100_stop-25.rsf
558,WCA_vs_LIMBO,UEMNM_vs_IL,100_vs_50,150_vs_100,_vs_,87.26298434,0.37,mapreduceclientcore_algo-wca_measure-uemnm_serial-150_stop-100.rsf | mapreduceclientcore_algo-limbo_measure-il_serial-100_stop-50.rsf
559,WCA_vs_LIMBO,UEMNM_vs_IL,100_vs_75,150_vs_100,_vs_,87.26298434,0.37,mapreduceclientcore_algo-wca_measure-uemnm_serial-150_stop-100.rsf | mapreduceclientcore_algo-limbo_measure-il_serial-100_stop-75.rsf
560,WCA_vs_LIMBO,UEMNM_vs_IL,100_vs_100,150_vs_110,_vs_,87.52052545,0.345454545,mapreduceclientcore_algo-wca_measure-uemnm_serial-150_stop-100.rsf | mapreduceclientcore_algo-limbo_measure-il_serial-110_stop-100.rsf
561,WCA_vs_LIMBO,UEMNM_vs_IL,100_vs_25,150_vs_110,_vs_,87.52052545,0.345454545,mapreduceclientcore_algo-wca_measure-uemnm_serial-150_stop-100.rsf | mapreduceclientcore_algo-limbo_measure-il_serial-110_stop-25.rsf
562,WCA_vs_LIMBO,UEMNM_vs_IL,100_vs_50,150_vs_110,_vs_,87.52052545,0.345454545,mapreduceclientcore_algo-wca_measure-uemnm_serial-150_stop-100.rsf | mapreduceclientcore_algo-limbo_measure-il_serial-110_stop-50.rsf
563,WCA_vs_LIMBO,UEMNM_vs_IL,100_vs_75,150_vs_110,_vs_,87.52052545,0.345454545,mapreduceclientcore_algo-wca_measure-uemnm_serial-150_stop-100.rsf | mapreduceclientcore_algo-limbo_measure-il_serial-110_stop-75.rsf
564,WCA_vs_LIMBO,UEMNM_vs_IL,100_vs_25,150_vs_25,_vs_,78.39217354,0.48,mapreduceclientcore_algo-wca_measure-uemnm_serial-150_stop-100.rsf | mapreduceclientcore_algo-limbo_measure-il_serial-25_stop-25.rsf
565,WCA_vs_LIMBO,UEMNM_vs_IL,100_vs_25,150_vs_30,_vs_,80.05093379,0.4,mapreduceclientcore_algo-wca_measure-uemnm_serial-150_stop-100.rsf | mapreduceclientcore_algo-limbo_measure-il_serial-30_stop-25.rsf
566,WCA_vs_LIMBO,UEMNM_vs_IL,100_vs_25,150_vs_40,_vs_,82.03719358,0.375,mapreduceclientcore_algo-wca_measure-uemnm_serial-150_stop-100.rsf | mapreduceclientcore_algo-limbo_measure-il_serial-40_stop-25.rsf
567,WCA_vs_LIMBO,UEMNM_vs_IL,100_vs_25,150_vs_50,_vs_,83.29124579,0.46,mapreduceclientcore_algo-wca_measure-uemnm_serial-150_stop-100.rsf | mapreduceclientcore_algo-limbo_measure-il_serial-50_stop-25.rsf
568,WCA_vs_LIMBO,UEMNM_vs_IL,100_vs_50,150_vs_50,_vs_,83.29124579,0.46,mapreduceclientcore_algo-wca_measure-uemnm_serial-150_stop-100.rsf | mapreduceclientcore_algo-limbo_measure-il_serial-50_stop-50.rsf
569,WCA_vs_LIMBO,UEMNM_vs_IL,100_vs_25,150_vs_60,_vs_,84.28331936,0.383333333,mapreduceclientcore_algo-wca_measure-uemnm_serial-150_stop-100.rsf | mapreduceclientcore_algo-limbo_measure-il_serial-60_stop-25.rsf
570,WCA_vs_LIMBO,UEMNM_vs_IL,100_vs_50,150_vs_60,_vs_,84.28331936,0.383333333,mapreduceclientcore_algo-wca_measure-uemnm_serial-150_stop-100.rsf | mapreduceclientcore_algo-limbo_measure-il_serial-60_stop-50.rsf
571,WCA_vs_LIMBO,UEMNM_vs_IL,100_vs_25,150_vs_70,_vs_,85.30884808,0.385714286,mapreduceclientcore_algo-wca_measure-uemnm_serial-150_stop-100.rsf | mapreduceclientcore_algo-limbo_measure-il_serial-70_stop-25.rsf
572,WCA_vs_LIMBO,UEMNM_vs_IL,100_vs_50,150_vs_70,_vs_,85.30884808,0.385714286,mapreduceclientcore_algo-wca_measure-uemnm_serial-150_stop-100.rsf | mapreduceclientcore_algo-limbo_measure-il_serial-70_stop-50.rsf
573,WCA_vs_LIMBO,UEMNM_vs_IL,100_vs_25,150_vs_80,_vs_,86.53366584,0.4125,mapreduceclientcore_algo-wca_measure-uemnm_serial-150_stop-100.rsf | mapreduceclientcore_algo-limbo_measure-il_serial-80_stop-25.rsf
574,WCA_vs_LIMBO,UEMNM_vs_IL,100_vs_50,150_vs_80,_vs_,86.53366584,0.4125,mapreduceclientcore_algo-wca_measure-uemnm_serial-150_stop-100.rsf | mapreduceclientcore_algo-limbo_measure-il_serial-80_stop-50.rsf
575,WCA_vs_LIMBO,UEMNM_vs_IL,100_vs_75,150_vs_80,_vs_,86.53366584,0.4125,mapreduceclientcore_algo-wca_measure-uemnm_serial-150_stop-100.rsf | mapreduceclientcore_algo-limbo_measure-il_serial-80_stop-75.rsf
576,WCA_vs_LIMBO,UEMNM_vs_IL,100_vs_25,150_vs_90,_vs_,86.75496689,0.366666667,mapreduceclientcore_algo-wca_measure-uemnm_serial-150_stop-100.rsf | mapreduceclientcore_algo-limbo_measure-il_serial-90_stop-25.rsf
577,WCA_vs_LIMBO,UEMNM_vs_IL,100_vs_50,150_vs_90,_vs_,86.75496689,0.366666667,mapreduceclientcore_algo-wca_measure-uemnm_serial-150_stop-100.rsf | mapreduceclientcore_algo-limbo_measure-il_serial-90_stop-50.rsf
578,WCA_vs_LIMBO,UEMNM_vs_IL,100_vs_75,150_vs_90,_vs_,86.75496689,0.366666667,mapreduceclientcore_algo-wca_measure-uemnm_serial-150_stop-100.rsf | mapreduceclientcore_algo-limbo_measure-il_serial-90_stop-75.rsf
579,WCA_vs_LIMBO,UEMNM_vs_IL,25_vs_100,150_vs_100,_vs_,87.26298434,0.37,mapreduceclientcore_algo-wca_measure-uemnm_serial-150_stop-25.rsf | mapreduceclientcore_algo-limbo_measure-il_serial-100_stop-100.rsf
580,WCA_vs_LIMBO,UEMNM_vs_IL,25_vs_25,150_vs_100,_vs_,87.26298434,0.37,mapreduceclientcore_algo-wca_measure-uemnm_serial-150_stop-25.rsf | mapreduceclientcore_algo-limbo_measure-il_serial-100_stop-25.rsf
581,WCA_vs_LIMBO,UEMNM_vs_IL,25_vs_50,150_vs_100,_vs_,87.26298434,0.37,mapreduceclientcore_algo-wca_measure-uemnm_serial-150_stop-25.rsf | mapreduceclientcore_algo-limbo_measure-il_serial-100_stop-50.rsf
582,WCA_vs_LIMBO,UEMNM_vs_IL,25_vs_75,150_vs_100,_vs_,87.26298434,0.37,mapreduceclientcore_algo-wca_measure-uemnm_serial-150_stop-25.rsf | mapreduceclientcore_algo-limbo_measure-il_serial-100_stop-75.rsf
583,WCA_vs_LIMBO,UEMNM_vs_IL,25_vs_100,150_vs_110,_vs_,87.52052545,0.345454545,mapreduceclientcore_algo-wca_measure-uemnm_serial-150_stop-25.rsf | mapreduceclientcore_algo-limbo_measure-il_serial-110_stop-100.rsf
584,WCA_vs_LIMBO,UEMNM_vs_IL,25_vs_25,150_vs_110,_vs_,87.52052545,0.345454545,mapreduceclientcore_algo-wca_measure-uemnm_serial-150_stop-25.rsf | mapreduceclientcore_algo-limbo_measure-il_serial-110_stop-25.rsf
585,WCA_vs_LIMBO,UEMNM_vs_IL,25_vs_50,150_vs_110,_vs_,87.52052545,0.345454545,mapreduceclientcore_algo-wca_measure-uemnm_serial-150_stop-25.rsf | mapreduceclientcore_algo-limbo_measure-il_serial-110_stop-50.rsf
586,WCA_vs_LIMBO,UEMNM_vs_IL,25_vs_75,150_vs_110,_vs_,87.52052545,0.345454545,mapreduceclientcore_algo-wca_measure-uemnm_serial-150_stop-25.rsf | mapreduceclientcore_algo-limbo_measure-il_serial-110_stop-75.rsf
587,WCA_vs_LIMBO,UEMNM_vs_IL,25_vs_25,150_vs_25,_vs_,78.39217354,0.48,mapreduceclientcore_algo-wca_measure-uemnm_serial-150_stop-25.rsf | mapreduceclientcore_algo-limbo_measure-il_serial-25_stop-25.rsf
588,WCA_vs_LIMBO,UEMNM_vs_IL,25_vs_25,150_vs_30,_vs_,80.05093379,0.4,mapreduceclientcore_algo-wca_measure-uemnm_serial-150_stop-25.rsf | mapreduceclientcore_algo-limbo_measure-il_serial-30_stop-25.rsf
589,WCA_vs_LIMBO,UEMNM_vs_IL,25_vs_25,150_vs_40,_vs_,82.03719358,0.375,mapreduceclientcore_algo-wca_measure-uemnm_serial-150_stop-25.rsf | mapreduceclientcore_algo-limbo_measure-il_serial-40_stop-25.rsf
590,WCA_vs_LIMBO,UEMNM_vs_IL,25_vs_25,150_vs_50,_vs_,83.29124579,0.46,mapreduceclientcore_algo-wca_measure-uemnm_serial-150_stop-25.rsf | mapreduceclientcore_algo-limbo_measure-il_serial-50_stop-25.rsf
591,WCA_vs_LIMBO,UEMNM_vs_IL,25_vs_50,150_vs_50,_vs_,83.29124579,0.46,mapreduceclientcore_algo-wca_measure-uemnm_serial-150_stop-25.rsf | mapreduceclientcore_algo-limbo_measure-il_serial-50_stop-50.rsf
592,WCA_vs_LIMBO,UEMNM_vs_IL,25_vs_25,150_vs_60,_vs_,84.28331936,0.383333333,mapreduceclientcore_algo-wca_measure-uemnm_serial-150_stop-25.rsf | mapreduceclientcore_algo-limbo_measure-il_serial-60_stop-25.rsf
593,WCA_vs_LIMBO,UEMNM_vs_IL,25_vs_50,150_vs_60,_vs_,84.28331936,0.383333333,mapreduceclientcore_algo-wca_measure-uemnm_serial-150_stop-25.rsf | mapreduceclientcore_algo-limbo_measure-il_serial-60_stop-50.rsf
594,WCA_vs_LIMBO,UEMNM_vs_IL,25_vs_25,150_vs_70,_vs_,85.30884808,0.385714286,mapreduceclientcore_algo-wca_measure-uemnm_serial-150_stop-25.rsf | mapreduceclientcore_algo-limbo_measure-il_serial-70_stop-25.rsf
595,WCA_vs_LIMBO,UEMNM_vs_IL,25_vs_50,150_vs_70,_vs_,85.30884808,0.385714286,mapreduceclientcore_algo-wca_measure-uemnm_serial-150_stop-25.rsf | mapreduceclientcore_algo-limbo_measure-il_serial-70_stop-50.rsf
596,WCA_vs_LIMBO,UEMNM_vs_IL,25_vs_25,150_vs_80,_vs_,86.53366584,0.4125,mapreduceclientcore_algo-wca_measure-uemnm_serial-150_stop-25.rsf | mapreduceclientcore_algo-limbo_measure-il_serial-80_stop-25.rsf
597,WCA_vs_LIMBO,UEMNM_vs_IL,25_vs_50,150_vs_80,_vs_,86.53366584,0.4125,mapreduceclientcore_algo-wca_measure-uemnm_serial-150_stop-25.rsf | mapreduceclientcore_algo-limbo_measure-il_serial-80_stop-50.rsf
598,WCA_vs_LIMBO,UEMNM_vs_IL,25_vs_75,150_vs_80,_vs_,86.53366584,0.4125,mapreduceclientcore_algo-wca_measure-uemnm_serial-150_stop-25.rsf | mapreduceclientcore_algo-limbo_measure-il_serial-80_stop-75.rsf
599,WCA_vs_LIMBO,UEMNM_vs_IL,25_vs_25,150_vs_90,_vs_,86.75496689,0.366666667,mapreduceclientcore_algo-wca_measure-uemnm_serial-150_stop-25.rsf | mapreduceclientcore_algo-limbo_measure-il_serial-90_stop-25.rsf
600,WCA_vs_LIMBO,UEMNM_vs_IL,25_vs_50,150_vs_90,_vs_,86.75496689,0.366666667,mapreduceclientcore_algo-wca_measure-uemnm_serial-150_stop-25.rsf | mapreduceclientcore_algo-limbo_measure-il_serial-90_stop-50.rsf
601,WCA_vs_LIMBO,UEMNM_vs_IL,25_vs_75,150_vs_90,_vs_,86.75496689,0.366666667,mapreduceclientcore_algo-wca_measure-uemnm_serial-150_stop-25.rsf | mapreduceclientcore_algo-limbo_measure-il_serial-90_stop-75.rsf
602,WCA_vs_LIMBO,UEMNM_vs_IL,50_vs_100,150_vs_100,_vs_,87.26298434,0.37,mapreduceclientcore_algo-wca_measure-uemnm_serial-150_stop-50.rsf | mapreduceclientcore_algo-limbo_measure-il_serial-100_stop-100.rsf
603,WCA_vs_LIMBO,UEMNM_vs_IL,50_vs_25,150_vs_100,_vs_,87.26298434,0.37,mapreduceclientcore_algo-wca_measure-uemnm_serial-150_stop-50.rsf | mapreduceclientcore_algo-limbo_measure-il_serial-100_stop-25.rsf
604,WCA_vs_LIMBO,UEMNM_vs_IL,50_vs_50,150_vs_100,_vs_,87.26298434,0.37,mapreduceclientcore_algo-wca_measure-uemnm_serial-150_stop-50.rsf | mapreduceclientcore_algo-limbo_measure-il_serial-100_stop-50.rsf
605,WCA_vs_LIMBO,UEMNM_vs_IL,50_vs_75,150_vs_100,_vs_,87.26298434,0.37,mapreduceclientcore_algo-wca_measure-uemnm_serial-150_stop-50.rsf | mapreduceclientcore_algo-limbo_measure-il_serial-100_stop-75.rsf
606,WCA_vs_LIMBO,UEMNM_vs_IL,50_vs_100,150_vs_110,_vs_,87.52052545,0.345454545,mapreduceclientcore_algo-wca_measure-uemnm_serial-150_stop-50.rsf | mapreduceclientcore_algo-limbo_measure-il_serial-110_stop-100.rsf
607,WCA_vs_LIMBO,UEMNM_vs_IL,50_vs_25,150_vs_110,_vs_,87.52052545,0.345454545,mapreduceclientcore_algo-wca_measure-uemnm_serial-150_stop-50.rsf | mapreduceclientcore_algo-limbo_measure-il_serial-110_stop-25.rsf
608,WCA_vs_LIMBO,UEMNM_vs_IL,50_vs_50,150_vs_110,_vs_,87.52052545,0.345454545,mapreduceclientcore_algo-wca_measure-uemnm_serial-150_stop-50.rsf | mapreduceclientcore_algo-limbo_measure-il_serial-110_stop-50.rsf
609,WCA_vs_LIMBO,UEMNM_vs_IL,50_vs_75,150_vs_110,_vs_,87.52052545,0.345454545,mapreduceclientcore_algo-wca_measure-uemnm_serial-150_stop-50.rsf | mapreduceclientcore_algo-limbo_measure-il_serial-110_stop-75.rsf
610,WCA_vs_LIMBO,UEMNM_vs_IL,50_vs_25,150_vs_25,_vs_,78.39217354,0.48,mapreduceclientcore_algo-wca_measure-uemnm_serial-150_stop-50.rsf | mapreduceclientcore_algo-limbo_measure-il_serial-25_stop-25.rsf
611,WCA_vs_LIMBO,UEMNM_vs_IL,50_vs_25,150_vs_30,_vs_,80.05093379,0.4,mapreduceclientcore_algo-wca_measure-uemnm_serial-150_stop-50.rsf | mapreduceclientcore_algo-limbo_measure-il_serial-30_stop-25.rsf
612,WCA_vs_LIMBO,UEMNM_vs_IL,50_vs_25,150_vs_40,_vs_,82.03719358,0.375,mapreduceclientcore_algo-wca_measure-uemnm_serial-150_stop-50.rsf | mapreduceclientcore_algo-limbo_measure-il_serial-40_stop-25.rsf
613,WCA_vs_LIMBO,UEMNM_vs_IL,50_vs_25,150_vs_50,_vs_,83.29124579,0.46,mapreduceclientcore_algo-wca_measure-uemnm_serial-150_stop-50.rsf | mapreduceclientcore_algo-limbo_measure-il_serial-50_stop-25.rsf
614,WCA_vs_LIMBO,UEMNM_vs_IL,50_vs_50,150_vs_50,_vs_,83.29124579,0.46,mapreduceclientcore_algo-wca_measure-uemnm_serial-150_stop-50.rsf | mapreduceclientcore_algo-limbo_measure-il_serial-50_stop-50.rsf
615,WCA_vs_LIMBO,UEMNM_vs_IL,50_vs_25,150_vs_60,_vs_,84.28331936,0.383333333,mapreduceclientcore_algo-wca_measure-uemnm_serial-150_stop-50.rsf | mapreduceclientcore_algo-limbo_measure-il_serial-60_stop-25.rsf
616,WCA_vs_LIMBO,UEMNM_vs_IL,50_vs_50,150_vs_60,_vs_,84.28331936,0.383333333,mapreduceclientcore_algo-wca_measure-uemnm_serial-150_stop-50.rsf | mapreduceclientcore_algo-limbo_measure-il_serial-60_stop-50.rsf
617,WCA_vs_LIMBO,UEMNM_vs_IL,50_vs_25,150_vs_70,_vs_,85.30884808,0.385714286,mapreduceclientcore_algo-wca_measure-uemnm_serial-150_stop-50.rsf | mapreduceclientcore_algo-limbo_measure-il_serial-70_stop-25.rsf
618,WCA_vs_LIMBO,UEMNM_vs_IL,50_vs_50,150_vs_70,_vs_,85.30884808,0.385714286,mapreduceclientcore_algo-wca_measure-uemnm_serial-150_stop-50.rsf | mapreduceclientcore_algo-limbo_measure-il_serial-70_stop-50.rsf
619,WCA_vs_LIMBO,UEMNM_vs_IL,50_vs_25,150_vs_80,_vs_,86.53366584,0.4125,mapreduceclientcore_algo-wca_measure-uemnm_serial-150_stop-50.rsf | mapreduceclientcore_algo-limbo_measure-il_serial-80_stop-25.rsf
620,WCA_vs_LIMBO,UEMNM_vs_IL,50_vs_50,150_vs_80,_vs_,86.53366584,0.4125,mapreduceclientcore_algo-wca_measure-uemnm_serial-150_stop-50.rsf | mapreduceclientcore_algo-limbo_measure-il_serial-80_stop-50.rsf
621,WCA_vs_LIMBO,UEMNM_vs_IL,50_vs_75,150_vs_80,_vs_,86.53366584,0.4125,mapreduceclientcore_algo-wca_measure-uemnm_serial-150_stop-50.rsf | mapreduceclientcore_algo-limbo_measure-il_serial-80_stop-75.rsf
622,WCA_vs_LIMBO,UEMNM_vs_IL,50_vs_25,150_vs_90,_vs_,86.75496689,0.366666667,mapreduceclientcore_algo-wca_measure-uemnm_serial-150_stop-50.rsf | mapreduceclientcore_algo-limbo_measure-il_serial-90_stop-25.rsf
623,WCA_vs_LIMBO,UEMNM_vs_IL,50_vs_50,150_vs_90,_vs_,86.75496689,0.366666667,mapreduceclientcore_algo-wca_measure-uemnm_serial-150_stop-50.rsf | mapreduceclientcore_algo-limbo_measure-il_serial-90_stop-50.rsf
624,WCA_vs_LIMBO,UEMNM_vs_IL,50_vs_75,150_vs_90,_vs_,86.75496689,0.366666667,mapreduceclientcore_algo-wca_measure-uemnm_serial-150_stop-50.rsf | mapreduceclientcore_algo-limbo_measure-il_serial-90_stop-75.rsf
625,WCA_vs_LIMBO,UEMNM_vs_IL,75_vs_100,150_vs_100,_vs_,87.26298434,0.37,mapreduceclientcore_algo-wca_measure-uemnm_serial-150_stop-75.rsf | mapreduceclientcore_algo-limbo_measure-il_serial-100_stop-100.rsf
626,WCA_vs_LIMBO,UEMNM_vs_IL,75_vs_25,150_vs_100,_vs_,87.26298434,0.37,mapreduceclientcore_algo-wca_measure-uemnm_serial-150_stop-75.rsf | mapreduceclientcore_algo-limbo_measure-il_serial-100_stop-25.rsf
627,WCA_vs_LIMBO,UEMNM_vs_IL,75_vs_50,150_vs_100,_vs_,87.26298434,0.37,mapreduceclientcore_algo-wca_measure-uemnm_serial-150_stop-75.rsf | mapreduceclientcore_algo-limbo_measure-il_serial-100_stop-50.rsf
628,WCA_vs_LIMBO,UEMNM_vs_IL,75_vs_75,150_vs_100,_vs_,87.26298434,0.37,mapreduceclientcore_algo-wca_measure-uemnm_serial-150_stop-75.rsf | mapreduceclientcore_algo-limbo_measure-il_serial-100_stop-75.rsf
629,WCA_vs_LIMBO,UEMNM_vs_IL,75_vs_100,150_vs_110,_vs_,87.52052545,0.345454545,mapreduceclientcore_algo-wca_measure-uemnm_serial-150_stop-75.rsf | mapreduceclientcore_algo-limbo_measure-il_serial-110_stop-100.rsf
630,WCA_vs_LIMBO,UEMNM_vs_IL,75_vs_25,150_vs_110,_vs_,87.52052545,0.345454545,mapreduceclientcore_algo-wca_measure-uemnm_serial-150_stop-75.rsf | mapreduceclientcore_algo-limbo_measure-il_serial-110_stop-25.rsf
631,WCA_vs_LIMBO,UEMNM_vs_IL,75_vs_50,150_vs_110,_vs_,87.52052545,0.345454545,mapreduceclientcore_algo-wca_measure-uemnm_serial-150_stop-75.rsf | mapreduceclientcore_algo-limbo_measure-il_serial-110_stop-50.rsf
632,WCA_vs_LIMBO,UEMNM_vs_IL,75_vs_75,150_vs_110,_vs_,87.52052545,0.345454545,mapreduceclientcore_algo-wca_measure-uemnm_serial-150_stop-75.rsf | mapreduceclientcore_algo-limbo_measure-il_serial-110_stop-75.rsf
633,WCA_vs_LIMBO,UEMNM_vs_IL,75_vs_25,150_vs_25,_vs_,78.39217354,0.48,mapreduceclientcore_algo-wca_measure-uemnm_serial-150_stop-75.rsf | mapreduceclientcore_algo-limbo_measure-il_serial-25_stop-25.rsf
634,WCA_vs_LIMBO,UEMNM_vs_IL,75_vs_25,150_vs_30,_vs_,80.05093379,0.4,mapreduceclientcore_algo-wca_measure-uemnm_serial-150_stop-75.rsf | mapreduceclientcore_algo-limbo_measure-il_serial-30_stop-25.rsf
635,WCA_vs_LIMBO,UEMNM_vs_IL,75_vs_25,150_vs_40,_vs_,82.03719358,0.375,mapreduceclientcore_algo-wca_measure-uemnm_serial-150_stop-75.rsf | mapreduceclientcore_algo-limbo_measure-il_serial-40_stop-25.rsf
636,WCA_vs_LIMBO,UEMNM_vs_IL,75_vs_25,150_vs_50,_vs_,83.29124579,0.46,mapreduceclientcore_algo-wca_measure-uemnm_serial-150_stop-75.rsf | mapreduceclientcore_algo-limbo_measure-il_serial-50_stop-25.rsf
637,WCA_vs_LIMBO,UEMNM_vs_IL,75_vs_50,150_vs_50,_vs_,83.29124579,0.46,mapreduceclientcore_algo-wca_measure-uemnm_serial-150_stop-75.rsf | mapreduceclientcore_algo-limbo_measure-il_serial-50_stop-50.rsf
638,WCA_vs_LIMBO,UEMNM_vs_IL,75_vs_25,150_vs_60,_vs_,84.28331936,0.383333333,mapreduceclientcore_algo-wca_measure-uemnm_serial-150_stop-75.rsf | mapreduceclientcore_algo-limbo_measure-il_serial-60_stop-25.rsf
639,WCA_vs_LIMBO,UEMNM_vs_IL,75_vs_50,150_vs_60,_vs_,84.28331936,0.383333333,mapreduceclientcore_algo-wca_measure-uemnm_serial-150_stop-75.rsf | mapreduceclientcore_algo-limbo_measure-il_serial-60_stop-50.rsf
640,WCA_vs_LIMBO,UEMNM_vs_IL,75_vs_25,150_vs_70,_vs_,85.30884808,0.385714286,mapreduceclientcore_algo-wca_measure-uemnm_serial-150_stop-75.rsf | mapreduceclientcore_algo-limbo_measure-il_serial-70_stop-25.rsf
641,WCA_vs_LIMBO,UEMNM_vs_IL,75_vs_50,150_vs_70,_vs_,85.30884808,0.385714286,mapreduceclientcore_algo-wca_measure-uemnm_serial-150_stop-75.rsf | mapreduceclientcore_algo-limbo_measure-il_serial-70_stop-50.rsf
642,WCA_vs_LIMBO,UEMNM_vs_IL,75_vs_25,150_vs_80,_vs_,86.53366584,0.4125,mapreduceclientcore_algo-wca_measure-uemnm_serial-150_stop-75.rsf | mapreduceclientcore_algo-limbo_measure-il_serial-80_stop-25.rsf
643,WCA_vs_LIMBO,UEMNM_vs_IL,75_vs_50,150_vs_80,_vs_,86.53366584,0.4125,mapreduceclientcore_algo-wca_measure-uemnm_serial-150_stop-75.rsf | mapreduceclientcore_algo-limbo_measure-il_serial-80_stop-50.rsf
644,WCA_vs_LIMBO,UEMNM_vs_IL,75_vs_75,150_vs_80,_vs_,86.53366584,0.4125,mapreduceclientcore_algo-wca_measure-uemnm_serial-150_stop-75.rsf | mapreduceclientcore_algo-limbo_measure-il_serial-80_stop-75.rsf
645,WCA_vs_LIMBO,UEMNM_vs_IL,75_vs_25,150_vs_90,_vs_,86.75496689,0.366666667,mapreduceclientcore_algo-wca_measure-uemnm_serial-150_stop-75.rsf | mapreduceclientcore_algo-limbo_measure-il_serial-90_stop-25.rsf
646,WCA_vs_LIMBO,UEMNM_vs_IL,75_vs_50,150_vs_90,_vs_,86.75496689,0.366666667,mapreduceclientcore_algo-wca_measure-uemnm_serial-150_stop-75.rsf | mapreduceclientcore_algo-limbo_measure-il_serial-90_stop-50.rsf
647,WCA_vs_LIMBO,UEMNM_vs_IL,75_vs_75,150_vs_90,_vs_,86.75496689,0.366666667,mapreduceclientcore_algo-wca_measure-uemnm_serial-150_stop-75.rsf | mapreduceclientcore_algo-limbo_measure-il_serial-90_stop-75.rsf
648,WCA_vs_LIMBO,UEMNM_vs_IL,25_vs_100,25_vs_100,_vs_,75.14124294,0.01,mapreduceclientcore_algo-wca_measure-uemnm_serial-25_stop-25.rsf | mapreduceclientcore_algo-limbo_measure-il_serial-100_stop-100.rsf
649,WCA_vs_LIMBO,UEMNM_vs_IL,25_vs_25,25_vs_100,_vs_,75.14124294,0.01,mapreduceclientcore_algo-wca_measure-uemnm_serial-25_stop-25.rsf | mapreduceclientcore_algo-limbo_measure-il_serial-100_stop-25.rsf
650,WCA_vs_LIMBO,UEMNM_vs_IL,25_vs_50,25_vs_100,_vs_,75.14124294,0.01,mapreduceclientcore_algo-wca_measure-uemnm_serial-25_stop-25.rsf | mapreduceclientcore_algo-limbo_measure-il_serial-100_stop-50.rsf
651,WCA_vs_LIMBO,UEMNM_vs_IL,25_vs_75,25_vs_100,_vs_,75.14124294,0.01,mapreduceclientcore_algo-wca_measure-uemnm_serial-25_stop-25.rsf | mapreduceclientcore_algo-limbo_measure-il_serial-100_stop-75.rsf
652,WCA_vs_LIMBO,UEMNM_vs_IL,25_vs_100,25_vs_110,_vs_,74.81609693,0.009090909,mapreduceclientcore_algo-wca_measure-uemnm_serial-25_stop-25.rsf | mapreduceclientcore_algo-limbo_measure-il_serial-110_stop-100.rsf
653,WCA_vs_LIMBO,UEMNM_vs_IL,25_vs_25,25_vs_110,_vs_,74.81609693,0.009090909,mapreduceclientcore_algo-wca_measure-uemnm_serial-25_stop-25.rsf | mapreduceclientcore_algo-limbo_measure-il_serial-110_stop-25.rsf
654,WCA_vs_LIMBO,UEMNM_vs_IL,25_vs_50,25_vs_110,_vs_,74.81609693,0.009090909,mapreduceclientcore_algo-wca_measure-uemnm_serial-25_stop-25.rsf | mapreduceclientcore_algo-limbo_measure-il_serial-110_stop-50.rsf
655,WCA_vs_LIMBO,UEMNM_vs_IL,25_vs_75,25_vs_110,_vs_,74.81609693,0.009090909,mapreduceclientcore_algo-wca_measure-uemnm_serial-25_stop-25.rsf | mapreduceclientcore_algo-limbo_measure-il_serial-110_stop-75.rsf
656,WCA_vs_LIMBO,UEMNM_vs_IL,25_vs_25,25_vs_25,_vs_,84.99550764,0,mapreduceclientcore_algo-wca_measure-uemnm_serial-25_stop-25.rsf | mapreduceclientcore_algo-limbo_measure-il_serial-25_stop-25.rsf
657,WCA_vs_LIMBO,UEMNM_vs_IL,25_vs_25,25_vs_30,_vs_,81.12953832,0,mapreduceclientcore_algo-wca_measure-uemnm_serial-25_stop-25.rsf | mapreduceclientcore_algo-limbo_measure-il_serial-30_stop-25.rsf
658,WCA_vs_LIMBO,UEMNM_vs_IL,25_vs_25,25_vs_40,_vs_,80.7675145,0,mapreduceclientcore_algo-wca_measure-uemnm_serial-25_stop-25.rsf | mapreduceclientcore_algo-limbo_measure-il_serial-40_stop-25.rsf
659,WCA_vs_LIMBO,UEMNM_vs_IL,25_vs_25,25_vs_50,_vs_,77.92092403,0,mapreduceclientcore_algo-wca_measure-uemnm_serial-25_stop-25.rsf | mapreduceclientcore_algo-limbo_measure-il_serial-50_stop-25.rsf
660,WCA_vs_LIMBO,UEMNM_vs_IL,25_vs_50,25_vs_50,_vs_,77.92092403,0,mapreduceclientcore_algo-wca_measure-uemnm_serial-25_stop-25.rsf | mapreduceclientcore_algo-limbo_measure-il_serial-50_stop-50.rsf
661,WCA_vs_LIMBO,UEMNM_vs_IL,25_vs_25,25_vs_60,_vs_,77.57629368,0,mapreduceclientcore_algo-wca_measure-uemnm_serial-25_stop-25.rsf | mapreduceclientcore_algo-limbo_measure-il_serial-60_stop-25.rsf
662,WCA_vs_LIMBO,UEMNM_vs_IL,25_vs_50,25_vs_60,_vs_,77.57629368,0,mapreduceclientcore_algo-wca_measure-uemnm_serial-25_stop-25.rsf | mapreduceclientcore_algo-limbo_measure-il_serial-60_stop-50.rsf
663,WCA_vs_LIMBO,UEMNM_vs_IL,25_vs_25,25_vs_70,_vs_,77.23469837,0,mapreduceclientcore_algo-wca_measure-uemnm_serial-25_stop-25.rsf | mapreduceclientcore_algo-limbo_measure-il_serial-70_stop-25.rsf
664,WCA_vs_LIMBO,UEMNM_vs_IL,25_vs_50,25_vs_70,_vs_,77.23469837,0,mapreduceclientcore_algo-wca_measure-uemnm_serial-25_stop-25.rsf | mapreduceclientcore_algo-limbo_measure-il_serial-70_stop-50.rsf
665,WCA_vs_LIMBO,UEMNM_vs_IL,25_vs_25,25_vs_80,_vs_,76.8960982,0.0125,mapreduceclientcore_algo-wca_measure-uemnm_serial-25_stop-25.rsf | mapreduceclientcore_algo-limbo_measure-il_serial-80_stop-25.rsf
666,WCA_vs_LIMBO,UEMNM_vs_IL,25_vs_50,25_vs_80,_vs_,76.8960982,0.0125,mapreduceclientcore_algo-wca_measure-uemnm_serial-25_stop-25.rsf | mapreduceclientcore_algo-limbo_measure-il_serial-80_stop-50.rsf
667,WCA_vs_LIMBO,UEMNM_vs_IL,25_vs_75,25_vs_80,_vs_,76.8960982,0.0125,mapreduceclientcore_algo-wca_measure-uemnm_serial-25_stop-25.rsf | mapreduceclientcore_algo-limbo_measure-il_serial-80_stop-75.rsf
668,WCA_vs_LIMBO,UEMNM_vs_IL,25_vs_25,25_vs_90,_vs_,75.42557835,0.011111111,mapreduceclientcore_algo-wca_measure-uemnm_serial-25_stop-25.rsf | mapreduceclientcore_algo-limbo_measure-il_serial-90_stop-25.rsf
669,WCA_vs_LIMBO,UEMNM_vs_IL,25_vs_50,25_vs_90,_vs_,75.42557835,0.011111111,mapreduceclientcore_algo-wca_measure-uemnm_serial-25_stop-25.rsf | mapreduceclientcore_algo-limbo_measure-il_serial-90_stop-50.rsf
670,WCA_vs_LIMBO,UEMNM_vs_IL,25_vs_75,25_vs_90,_vs_,75.42557835,0.011111111,mapreduceclientcore_algo-wca_measure-uemnm_serial-25_stop-25.rsf | mapreduceclientcore_algo-limbo_measure-il_serial-90_stop-75.rsf
671,WCA_vs_LIMBO,UEMNM_vs_IL,25_vs_100,50_vs_100,_vs_,75.70937231,0.01,mapreduceclientcore_algo-wca_measure-uemnm_serial-50_stop-25.rsf | mapreduceclientcore_algo-limbo_measure-il_serial-100_stop-100.rsf
672,WCA_vs_LIMBO,UEMNM_vs_IL,25_vs_25,50_vs_100,_vs_,75.70937231,0.01,mapreduceclientcore_algo-wca_measure-uemnm_serial-50_stop-25.rsf | mapreduceclientcore_algo-limbo_measure-il_serial-100_stop-25.rsf
673,WCA_vs_LIMBO,UEMNM_vs_IL,25_vs_50,50_vs_100,_vs_,75.70937231,0.01,mapreduceclientcore_algo-wca_measure-uemnm_serial-50_stop-25.rsf | mapreduceclientcore_algo-limbo_measure-il_serial-100_stop-50.rsf
674,WCA_vs_LIMBO,UEMNM_vs_IL,25_vs_75,50_vs_100,_vs_,75.70937231,0.01,mapreduceclientcore_algo-wca_measure-uemnm_serial-50_stop-25.rsf | mapreduceclientcore_algo-limbo_measure-il_serial-100_stop-75.rsf
675,WCA_vs_LIMBO,UEMNM_vs_IL,25_vs_100,50_vs_110,_vs_,75.42808219,0.009090909,mapreduceclientcore_algo-wca_measure-uemnm_serial-50_stop-25.rsf | mapreduceclientcore_algo-limbo_measure-il_serial-110_stop-100.rsf
676,WCA_vs_LIMBO,UEMNM_vs_IL,25_vs_25,50_vs_110,_vs_,75.42808219,0.009090909,mapreduceclientcore_algo-wca_measure-uemnm_serial-50_stop-25.rsf | mapreduceclientcore_algo-limbo_measure-il_serial-110_stop-25.rsf
677,WCA_vs_LIMBO,UEMNM_vs_IL,25_vs_50,50_vs_110,_vs_,75.42808219,0.009090909,mapreduceclientcore_algo-wca_measure-uemnm_serial-50_stop-25.rsf | mapreduceclientcore_algo-limbo_measure-il_serial-110_stop-50.rsf
678,WCA_vs_LIMBO,UEMNM_vs_IL,25_vs_75,50_vs_110,_vs_,75.42808219,0.009090909,mapreduceclientcore_algo-wca_measure-uemnm_serial-50_stop-25.rsf | mapreduceclientcore_algo-limbo_measure-il_serial-110_stop-75.rsf
679,WCA_vs_LIMBO,UEMNM_vs_IL,25_vs_25,50_vs_25,_vs_,82.94091515,0,mapreduceclientcore_algo-wca_measure-uemnm_serial-50_stop-25.rsf | mapreduceclientcore_algo-limbo_measure-il_serial-25_stop-25.rsf
680,WCA_vs_LIMBO,UEMNM_vs_IL,25_vs_25,50_vs_30,_vs_,79.56560284,0,mapreduceclientcore_algo-wca_measure-uemnm_serial-50_stop-25.rsf | mapreduceclientcore_algo-limbo_measure-il_serial-30_stop-25.rsf
681,WCA_vs_LIMBO,UEMNM_vs_IL,25_vs_25,50_vs_40,_vs_,80.09708738,0,mapreduceclientcore_algo-wca_measure-uemnm_serial-50_stop-25.rsf | mapreduceclientcore_algo-limbo_measure-il_serial-40_stop-25.rsf
682,WCA_vs_LIMBO,UEMNM_vs_IL,25_vs_25,50_vs_50,_vs_,78.64674868,0,mapreduceclientcore_algo-wca_measure-uemnm_serial-50_stop-25.rsf | mapreduceclientcore_algo-limbo_measure-il_serial-50_stop-25.rsf
683,WCA_vs_LIMBO,UEMNM_vs_IL,25_vs_50,50_vs_50,_vs_,78.64674868,0,mapreduceclientcore_algo-wca_measure-uemnm_serial-50_stop-25.rsf | mapreduceclientcore_algo-limbo_measure-il_serial-50_stop-50.rsf
684,WCA_vs_LIMBO,UEMNM_vs_IL,25_vs_25,50_vs_60,_vs_,77.82152231,0,mapreduceclientcore_algo-wca_measure-uemnm_serial-50_stop-25.rsf | mapreduceclientcore_algo-limbo_measure-il_serial-60_stop-25.rsf
685,WCA_vs_LIMBO,UEMNM_vs_IL,25_vs_50,50_vs_60,_vs_,77.82152231,0,mapreduceclientcore_algo-wca_measure-uemnm_serial-50_stop-25.rsf | mapreduceclientcore_algo-limbo_measure-il_serial-60_stop-50.rsf
686,WCA_vs_LIMBO,UEMNM_vs_IL,25_vs_25,50_vs_70,_vs_,77.4825784,0,mapreduceclientcore_algo-wca_measure-uemnm_serial-50_stop-25.rsf | mapreduceclientcore_algo-limbo_measure-il_serial-70_stop-25.rsf
687,WCA_vs_LIMBO,UEMNM_vs_IL,25_vs_50,50_vs_70,_vs_,77.4825784,0,mapreduceclientcore_algo-wca_measure-uemnm_serial-50_stop-25.rsf | mapreduceclientcore_algo-limbo_measure-il_serial-70_stop-50.rsf
688,WCA_vs_LIMBO,UEMNM_vs_IL,25_vs_25,50_vs_80,_vs_,77.14657415,0.0125,mapreduceclientcore_algo-wca_measure-uemnm_serial-50_stop-25.rsf | mapreduceclientcore_algo-limbo_measure-il_serial-80_stop-25.rsf
689,WCA_vs_LIMBO,UEMNM_vs_IL,25_vs_50,50_vs_80,_vs_,77.14657415,0.0125,mapreduceclientcore_algo-wca_measure-uemnm_serial-50_stop-25.rsf | mapreduceclientcore_algo-limbo_measure-il_serial-80_stop-50.rsf
690,WCA_vs_LIMBO,UEMNM_vs_IL,25_vs_75,50_vs_80,_vs_,77.14657415,0.0125,mapreduceclientcore_algo-wca_measure-uemnm_serial-50_stop-25.rsf | mapreduceclientcore_algo-limbo_measure-il_serial-80_stop-75.rsf
691,WCA_vs_LIMBO,UEMNM_vs_IL,25_vs_25,50_vs_90,_vs_,75.94991364,0.011111111,mapreduceclientcore_algo-wca_measure-uemnm_serial-50_stop-25.rsf | mapreduceclientcore_algo-limbo_measure-il_serial-90_stop-25.rsf
692,WCA_vs_LIMBO,UEMNM_vs_IL,25_vs_50,50_vs_90,_vs_,75.94991364,0.011111111,mapreduceclientcore_algo-wca_measure-uemnm_serial-50_stop-25.rsf | mapreduceclientcore_algo-limbo_measure-il_serial-90_stop-50.rsf
693,WCA_vs_LIMBO,UEMNM_vs_IL,25_vs_75,50_vs_90,_vs_,75.94991364,0.011111111,mapreduceclientcore_algo-wca_measure-uemnm_serial-50_stop-25.rsf | mapreduceclientcore_algo-limbo_measure-il_serial-90_stop-75.rsf
694,WCA_vs_LIMBO,UEMNM_vs_IL,50_vs_100,50_vs_100,_vs_,75.70937231,0.01,mapreduceclientcore_algo-wca_measure-uemnm_serial-50_stop-50.rsf | mapreduceclientcore_algo-limbo_measure-il_serial-100_stop-100.rsf
695,WCA_vs_LIMBO,UEMNM_vs_IL,50_vs_25,50_vs_100,_vs_,75.70937231,0.01,mapreduceclientcore_algo-wca_measure-uemnm_serial-50_stop-50.rsf | mapreduceclientcore_algo-limbo_measure-il_serial-100_stop-25.rsf
696,WCA_vs_LIMBO,UEMNM_vs_IL,50_vs_50,50_vs_100,_vs_,75.70937231,0.01,mapreduceclientcore_algo-wca_measure-uemnm_serial-50_stop-50.rsf | mapreduceclientcore_algo-limbo_measure-il_serial-100_stop-50.rsf
697,WCA_vs_LIMBO,UEMNM_vs_IL,50_vs_75,50_vs_100,_vs_,75.70937231,0.01,mapreduceclientcore_algo-wca_measure-uemnm_serial-50_stop-50.rsf | mapreduceclientcore_algo-limbo_measure-il_serial-100_stop-75.rsf
698,WCA_vs_LIMBO,UEMNM_vs_IL,50_vs_100,50_vs_110,_vs_,75.42808219,0.009090909,mapreduceclientcore_algo-wca_measure-uemnm_serial-50_stop-50.rsf | mapreduceclientcore_algo-limbo_measure-il_serial-110_stop-100.rsf
699,WCA_vs_LIMBO,UEMNM_vs_IL,50_vs_25,50_vs_110,_vs_,75.42808219,0.009090909,mapreduceclientcore_algo-wca_measure-uemnm_serial-50_stop-50.rsf | mapreduceclientcore_algo-limbo_measure-il_serial-110_stop-25.rsf
700,WCA_vs_LIMBO,UEMNM_vs_IL,50_vs_50,50_vs_110,_vs_,75.42808219,0.009090909,mapreduceclientcore_algo-wca_measure-uemnm_serial-50_stop-50.rsf | mapreduceclientcore_algo-limbo_measure-il_serial-110_stop-50.rsf
701,WCA_vs_LIMBO,UEMNM_vs_IL,50_vs_75,50_vs_110,_vs_,75.42808219,0.009090909,mapreduceclientcore_algo-wca_measure-uemnm_serial-50_stop-50.rsf | mapreduceclientcore_algo-limbo_measure-il_serial-110_stop-75.rsf
702,WCA_vs_LIMBO,UEMNM_vs_IL,50_vs_25,50_vs_25,_vs_,82.94091515,0,mapreduceclientcore_algo-wca_measure-uemnm_serial-50_stop-50.rsf | mapreduceclientcore_algo-limbo_measure-il_serial-25_stop-25.rsf
703,WCA_vs_LIMBO,UEMNM_vs_IL,50_vs_25,50_vs_30,_vs_,79.56560284,0,mapreduceclientcore_algo-wca_measure-uemnm_serial-50_stop-50.rsf | mapreduceclientcore_algo-limbo_measure-il_serial-30_stop-25.rsf
704,WCA_vs_LIMBO,UEMNM_vs_IL,50_vs_25,50_vs_40,_vs_,80.09708738,0,mapreduceclientcore_algo-wca_measure-uemnm_serial-50_stop-50.rsf | mapreduceclientcore_algo-limbo_measure-il_serial-40_stop-25.rsf
705,WCA_vs_LIMBO,UEMNM_vs_IL,50_vs_25,50_vs_50,_vs_,78.64674868,0,mapreduceclientcore_algo-wca_measure-uemnm_serial-50_stop-50.rsf | mapreduceclientcore_algo-limbo_measure-il_serial-50_stop-25.rsf
706,WCA_vs_LIMBO,UEMNM_vs_IL,50_vs_50,50_vs_50,_vs_,78.64674868,0,mapreduceclientcore_algo-wca_measure-uemnm_serial-50_stop-50.rsf | mapreduceclientcore_algo-limbo_measure-il_serial-50_stop-50.rsf
707,WCA_vs_LIMBO,UEMNM_vs_IL,50_vs_25,50_vs_60,_vs_,77.82152231,0,mapreduceclientcore_algo-wca_measure-uemnm_serial-50_stop-50.rsf | mapreduceclientcore_algo-limbo_measure-il_serial-60_stop-25.rsf
708,WCA_vs_LIMBO,UEMNM_vs_IL,50_vs_50,50_vs_60,_vs_,77.82152231,0,mapreduceclientcore_algo-wca_measure-uemnm_serial-50_stop-50.rsf | mapreduceclientcore_algo-limbo_measure-il_serial-60_stop-50.rsf
709,WCA_vs_LIMBO,UEMNM_vs_IL,50_vs_25,50_vs_70,_vs_,77.4825784,0,mapreduceclientcore_algo-wca_measure-uemnm_serial-50_stop-50.rsf | mapreduceclientcore_algo-limbo_measure-il_serial-70_stop-25.rsf
710,WCA_vs_LIMBO,UEMNM_vs_IL,50_vs_50,50_vs_70,_vs_,77.4825784,0,mapreduceclientcore_algo-wca_measure-uemnm_serial-50_stop-50.rsf | mapreduceclientcore_algo-limbo_measure-il_serial-70_stop-50.rsf
711,WCA_vs_LIMBO,UEMNM_vs_IL,50_vs_25,50_vs_80,_vs_,77.14657415,0.0125,mapreduceclientcore_algo-wca_measure-uemnm_serial-50_stop-50.rsf | mapreduceclientcore_algo-limbo_measure-il_serial-80_stop-25.rsf
712,WCA_vs_LIMBO,UEMNM_vs_IL,50_vs_50,50_vs_80,_vs_,77.14657415,0.0125,mapreduceclientcore_algo-wca_measure-uemnm_serial-50_stop-50.rsf | mapreduceclientcore_algo-limbo_measure-il_serial-80_stop-50.rsf
713,WCA_vs_LIMBO,UEMNM_vs_IL,50_vs_75,50_vs_80,_vs_,77.14657415,0.0125,mapreduceclientcore_algo-wca_measure-uemnm_serial-50_stop-50.rsf | mapreduceclientcore_algo-limbo_measure-il_serial-80_stop-75.rsf
714,WCA_vs_LIMBO,UEMNM_vs_IL,50_vs_25,50_vs_90,_vs_,75.94991364,0.011111111,mapreduceclientcore_algo-wca_measure-uemnm_serial-50_stop-50.rsf | mapreduceclientcore_algo-limbo_measure-il_serial-90_stop-25.rsf
715,WCA_vs_LIMBO,UEMNM_vs_IL,50_vs_50,50_vs_90,_vs_,75.94991364,0.011111111,mapreduceclientcore_algo-wca_measure-uemnm_serial-50_stop-50.rsf | mapreduceclientcore_algo-limbo_measure-il_serial-90_stop-50.rsf
716,WCA_vs_LIMBO,UEMNM_vs_IL,50_vs_75,50_vs_90,_vs_,75.94991364,0.011111111,mapreduceclientcore_algo-wca_measure-uemnm_serial-50_stop-50.rsf | mapreduceclientcore_algo-limbo_measure-il_serial-90_stop-75.rsf
717,WCA_vs_LIMBO,UEMNM_vs_IL,25_vs_100,75_vs_100,_vs_,79.45555083,0.01,mapreduceclientcore_algo-wca_measure-uemnm_serial-75_stop-25.rsf | mapreduceclientcore_algo-limbo_measure-il_serial-100_stop-100.rsf
718,WCA_vs_LIMBO,UEMNM_vs_IL,25_vs_25,75_vs_100,_vs_,79.45555083,0.01,mapreduceclientcore_algo-wca_measure-uemnm_serial-75_stop-25.rsf | mapreduceclientcore_algo-limbo_measure-il_serial-100_stop-25.rsf
719,WCA_vs_LIMBO,UEMNM_vs_IL,25_vs_50,75_vs_100,_vs_,79.45555083,0.01,mapreduceclientcore_algo-wca_measure-uemnm_serial-75_stop-25.rsf | mapreduceclientcore_algo-limbo_measure-il_serial-100_stop-50.rsf
720,WCA_vs_LIMBO,UEMNM_vs_IL,25_vs_75,75_vs_100,_vs_,79.45555083,0.01,mapreduceclientcore_algo-wca_measure-uemnm_serial-75_stop-25.rsf | mapreduceclientcore_algo-limbo_measure-il_serial-100_stop-75.rsf
721,WCA_vs_LIMBO,UEMNM_vs_IL,25_vs_100,75_vs_110,_vs_,78.82253283,0.009090909,mapreduceclientcore_algo-wca_measure-uemnm_serial-75_stop-25.rsf | mapreduceclientcore_algo-limbo_measure-il_serial-110_stop-100.rsf
722,WCA_vs_LIMBO,UEMNM_vs_IL,25_vs_25,75_vs_110,_vs_,78.82253283,0.009090909,mapreduceclientcore_algo-wca_measure-uemnm_serial-75_stop-25.rsf | mapreduceclientcore_algo-limbo_measure-il_serial-110_stop-25.rsf
723,WCA_vs_LIMBO,UEMNM_vs_IL,25_vs_50,75_vs_110,_vs_,78.82253283,0.009090909,mapreduceclientcore_algo-wca_measure-uemnm_serial-75_stop-25.rsf | mapreduceclientcore_algo-limbo_measure-il_serial-110_stop-50.rsf
724,WCA_vs_LIMBO,UEMNM_vs_IL,25_vs_75,75_vs_110,_vs_,78.82253283,0.009090909,mapreduceclientcore_algo-wca_measure-uemnm_serial-75_stop-25.rsf | mapreduceclientcore_algo-limbo_measure-il_serial-110_stop-75.rsf
725,WCA_vs_LIMBO,UEMNM_vs_IL,25_vs_25,75_vs_25,_vs_,81.5026362,0,mapreduceclientcore_algo-wca_measure-uemnm_serial-75_stop-25.rsf | mapreduceclientcore_algo-limbo_measure-il_serial-25_stop-25.rsf
726,WCA_vs_LIMBO,UEMNM_vs_IL,25_vs_25,75_vs_30,_vs_,82.02542744,0,mapreduceclientcore_algo-wca_measure-uemnm_serial-75_stop-25.rsf | mapreduceclientcore_algo-limbo_measure-il_serial-30_stop-25.rsf
727,WCA_vs_LIMBO,UEMNM_vs_IL,25_vs_25,75_vs_40,_vs_,81.36185072,0,mapreduceclientcore_algo-wca_measure-uemnm_serial-75_stop-25.rsf | mapreduceclientcore_algo-limbo_measure-il_serial-40_stop-25.rsf
728,WCA_vs_LIMBO,UEMNM_vs_IL,25_vs_25,75_vs_50,_vs_,81.57322903,0,mapreduceclientcore_algo-wca_measure-uemnm_serial-75_stop-25.rsf | mapreduceclientcore_algo-limbo_measure-il_serial-50_stop-25.rsf
729,WCA_vs_LIMBO,UEMNM_vs_IL,25_vs_50,75_vs_50,_vs_,81.57322903,0,mapreduceclientcore_algo-wca_measure-uemnm_serial-75_stop-25.rsf | mapreduceclientcore_algo-limbo_measure-il_serial-50_stop-50.rsf
730,WCA_vs_LIMBO,UEMNM_vs_IL,25_vs_25,75_vs_60,_vs_,81.60969277,0,mapreduceclientcore_algo-wca_measure-uemnm_serial-75_stop-25.rsf | mapreduceclientcore_algo-limbo_measure-il_serial-60_stop-25.rsf
731,WCA_vs_LIMBO,UEMNM_vs_IL,25_vs_50,75_vs_60,_vs_,81.60969277,0,mapreduceclientcore_algo-wca_measure-uemnm_serial-75_stop-25.rsf | mapreduceclientcore_algo-limbo_measure-il_serial-60_stop-50.rsf
732,WCA_vs_LIMBO,UEMNM_vs_IL,25_vs_25,75_vs_70,_vs_,81.4735028,0,mapreduceclientcore_algo-wca_measure-uemnm_serial-75_stop-25.rsf | mapreduceclientcore_algo-limbo_measure-il_serial-70_stop-25.rsf
733,WCA_vs_LIMBO,UEMNM_vs_IL,25_vs_50,75_vs_70,_vs_,81.4735028,0,mapreduceclientcore_algo-wca_measure-uemnm_serial-75_stop-25.rsf | mapreduceclientcore_algo-limbo_measure-il_serial-70_stop-50.rsf
734,WCA_vs_LIMBO,UEMNM_vs_IL,25_vs_25,75_vs_80,_vs_,80.78078078,0.0125,mapreduceclientcore_algo-wca_measure-uemnm_serial-75_stop-25.rsf | mapreduceclientcore_algo-limbo_measure-il_serial-80_stop-25.rsf
735,WCA_vs_LIMBO,UEMNM_vs_IL,25_vs_50,75_vs_80,_vs_,80.78078078,0.0125,mapreduceclientcore_algo-wca_measure-uemnm_serial-75_stop-25.rsf | mapreduceclientcore_algo-limbo_measure-il_serial-80_stop-50.rsf
736,WCA_vs_LIMBO,UEMNM_vs_IL,25_vs_75,75_vs_80,_vs_,80.78078078,0.0125,mapreduceclientcore_algo-wca_measure-uemnm_serial-75_stop-25.rsf | mapreduceclientcore_algo-limbo_measure-il_serial-80_stop-75.rsf
737,WCA_vs_LIMBO,UEMNM_vs_IL,25_vs_25,75_vs_90,_vs_,80.05126015,0.011111111,mapreduceclientcore_algo-wca_measure-uemnm_serial-75_stop-25.rsf | mapreduceclientcore_algo-limbo_measure-il_serial-90_stop-25.rsf
738,WCA_vs_LIMBO,UEMNM_vs_IL,25_vs_50,75_vs_90,_vs_,80.05126015,0.011111111,mapreduceclientcore_algo-wca_measure-uemnm_serial-75_stop-25.rsf | mapreduceclientcore_algo-limbo_measure-il_serial-90_stop-50.rsf
739,WCA_vs_LIMBO,UEMNM_vs_IL,25_vs_75,75_vs_90,_vs_,80.05126015,0.011111111,mapreduceclientcore_algo-wca_measure-uemnm_serial-75_stop-25.rsf | mapreduceclientcore_algo-limbo_measure-il_serial-90_stop-75.rsf
740,WCA_vs_LIMBO,UEMNM_vs_IL,50_vs_100,75_vs_100,_vs_,79.45555083,0.01,mapreduceclientcore_algo-wca_measure-uemnm_serial-75_stop-50.rsf | mapreduceclientcore_algo-limbo_measure-il_serial-100_stop-100.rsf
741,WCA_vs_LIMBO,UEMNM_vs_IL,50_vs_25,75_vs_100,_vs_,79.45555083,0.01,mapreduceclientcore_algo-wca_measure-uemnm_serial-75_stop-50.rsf | mapreduceclientcore_algo-limbo_measure-il_serial-100_stop-25.rsf
742,WCA_vs_LIMBO,UEMNM_vs_IL,50_vs_50,75_vs_100,_vs_,79.45555083,0.01,mapreduceclientcore_algo-wca_measure-uemnm_serial-75_stop-50.rsf | mapreduceclientcore_algo-limbo_measure-il_serial-100_stop-50.rsf
743,WCA_vs_LIMBO,UEMNM_vs_IL,50_vs_75,75_vs_100,_vs_,79.45555083,0.01,mapreduceclientcore_algo-wca_measure-uemnm_serial-75_stop-50.rsf | mapreduceclientcore_algo-limbo_measure-il_serial-100_stop-75.rsf
744,WCA_vs_LIMBO,UEMNM_vs_IL,50_vs_100,75_vs_110,_vs_,78.82253283,0.009090909,mapreduceclientcore_algo-wca_measure-uemnm_serial-75_stop-50.rsf | mapreduceclientcore_algo-limbo_measure-il_serial-110_stop-100.rsf
745,WCA_vs_LIMBO,UEMNM_vs_IL,50_vs_25,75_vs_110,_vs_,78.82253283,0.009090909,mapreduceclientcore_algo-wca_measure-uemnm_serial-75_stop-50.rsf | mapreduceclientcore_algo-limbo_measure-il_serial-110_stop-25.rsf
746,WCA_vs_LIMBO,UEMNM_vs_IL,50_vs_50,75_vs_110,_vs_,78.82253283,0.009090909,mapreduceclientcore_algo-wca_measure-uemnm_serial-75_stop-50.rsf | mapreduceclientcore_algo-limbo_measure-il_serial-110_stop-50.rsf
747,WCA_vs_LIMBO,UEMNM_vs_IL,50_vs_75,75_vs_110,_vs_,78.82253283,0.009090909,mapreduceclientcore_algo-wca_measure-uemnm_serial-75_stop-50.rsf | mapreduceclientcore_algo-limbo_measure-il_serial-110_stop-75.rsf
748,WCA_vs_LIMBO,UEMNM_vs_IL,50_vs_25,75_vs_25,_vs_,81.5026362,0,mapreduceclientcore_algo-wca_measure-uemnm_serial-75_stop-50.rsf | mapreduceclientcore_algo-limbo_measure-il_serial-25_stop-25.rsf
749,WCA_vs_LIMBO,UEMNM_vs_IL,50_vs_25,75_vs_30,_vs_,82.02542744,0,mapreduceclientcore_algo-wca_measure-uemnm_serial-75_stop-50.rsf | mapreduceclientcore_algo-limbo_measure-il_serial-30_stop-25.rsf
750,WCA_vs_LIMBO,UEMNM_vs_IL,50_vs_25,75_vs_40,_vs_,81.36185072,0,mapreduceclientcore_algo-wca_measure-uemnm_serial-75_stop-50.rsf | mapreduceclientcore_algo-limbo_measure-il_serial-40_stop-25.rsf
751,WCA_vs_LIMBO,UEMNM_vs_IL,50_vs_25,75_vs_50,_vs_,81.57322903,0,mapreduceclientcore_algo-wca_measure-uemnm_serial-75_stop-50.rsf | mapreduceclientcore_algo-limbo_measure-il_serial-50_stop-25.rsf
752,WCA_vs_LIMBO,UEMNM_vs_IL,50_vs_50,75_vs_50,_vs_,81.57322903,0,mapreduceclientcore_algo-wca_measure-uemnm_serial-75_stop-50.rsf | mapreduceclientcore_algo-limbo_measure-il_serial-50_stop-50.rsf
753,WCA_vs_LIMBO,UEMNM_vs_IL,50_vs_25,75_vs_60,_vs_,81.60969277,0,mapreduceclientcore_algo-wca_measure-uemnm_serial-75_stop-50.rsf | mapreduceclientcore_algo-limbo_measure-il_serial-60_stop-25.rsf
754,WCA_vs_LIMBO,UEMNM_vs_IL,50_vs_50,75_vs_60,_vs_,81.60969277,0,mapreduceclientcore_algo-wca_measure-uemnm_serial-75_stop-50.rsf | mapreduceclientcore_algo-limbo_measure-il_serial-60_stop-50.rsf
755,WCA_vs_LIMBO,UEMNM_vs_IL,50_vs_25,75_vs_70,_vs_,81.4735028,0,mapreduceclientcore_algo-wca_measure-uemnm_serial-75_stop-50.rsf | mapreduceclientcore_algo-limbo_measure-il_serial-70_stop-25.rsf
756,WCA_vs_LIMBO,UEMNM_vs_IL,50_vs_50,75_vs_70,_vs_,81.4735028,0,mapreduceclientcore_algo-wca_measure-uemnm_serial-75_stop-50.rsf | mapreduceclientcore_algo-limbo_measure-il_serial-70_stop-50.rsf
757,WCA_vs_LIMBO,UEMNM_vs_IL,50_vs_25,75_vs_80,_vs_,80.78078078,0.0125,mapreduceclientcore_algo-wca_measure-uemnm_serial-75_stop-50.rsf | mapreduceclientcore_algo-limbo_measure-il_serial-80_stop-25.rsf
758,WCA_vs_LIMBO,UEMNM_vs_IL,50_vs_50,75_vs_80,_vs_,80.78078078,0.0125,mapreduceclientcore_algo-wca_measure-uemnm_serial-75_stop-50.rsf | mapreduceclientcore_algo-limbo_measure-il_serial-80_stop-50.rsf
759,WCA_vs_LIMBO,UEMNM_vs_IL,50_vs_75,75_vs_80,_vs_,80.78078078,0.0125,mapreduceclientcore_algo-wca_measure-uemnm_serial-75_stop-50.rsf | mapreduceclientcore_algo-limbo_measure-il_serial-80_stop-75.rsf
760,WCA_vs_LIMBO,UEMNM_vs_IL,50_vs_25,75_vs_90,_vs_,80.05126015,0.011111111,mapreduceclientcore_algo-wca_measure-uemnm_serial-75_stop-50.rsf | mapreduceclientcore_algo-limbo_measure-il_serial-90_stop-25.rsf
761,WCA_vs_LIMBO,UEMNM_vs_IL,50_vs_50,75_vs_90,_vs_,80.05126015,0.011111111,mapreduceclientcore_algo-wca_measure-uemnm_serial-75_stop-50.rsf | mapreduceclientcore_algo-limbo_measure-il_serial-90_stop-50.rsf
762,WCA_vs_LIMBO,UEMNM_vs_IL,50_vs_75,75_vs_90,_vs_,80.05126015,0.011111111,mapreduceclientcore_algo-wca_measure-uemnm_serial-75_stop-50.rsf | mapreduceclientcore_algo-limbo_measure-il_serial-90_stop-75.rsf
763,WCA_vs_LIMBO,UEMNM_vs_IL,75_vs_100,75_vs_100,_vs_,79.45555083,0.01,mapreduceclientcore_algo-wca_measure-uemnm_serial-75_stop-75.rsf | mapreduceclientcore_algo-limbo_measure-il_serial-100_stop-100.rsf
764,WCA_vs_LIMBO,UEMNM_vs_IL,75_vs_25,75_vs_100,_vs_,79.45555083,0.01,mapreduceclientcore_algo-wca_measure-uemnm_serial-75_stop-75.rsf | mapreduceclientcore_algo-limbo_measure-il_serial-100_stop-25.rsf
765,WCA_vs_LIMBO,UEMNM_vs_IL,75_vs_50,75_vs_100,_vs_,79.45555083,0.01,mapreduceclientcore_algo-wca_measure-uemnm_serial-75_stop-75.rsf | mapreduceclientcore_algo-limbo_measure-il_serial-100_stop-50.rsf
766,WCA_vs_LIMBO,UEMNM_vs_IL,75_vs_75,75_vs_100,_vs_,79.45555083,0.01,mapreduceclientcore_algo-wca_measure-uemnm_serial-75_stop-75.rsf | mapreduceclientcore_algo-limbo_measure-il_serial-100_stop-75.rsf
767,WCA_vs_LIMBO,UEMNM_vs_IL,75_vs_100,75_vs_110,_vs_,78.82253283,0.009090909,mapreduceclientcore_algo-wca_measure-uemnm_serial-75_stop-75.rsf | mapreduceclientcore_algo-limbo_measure-il_serial-110_stop-100.rsf
768,WCA_vs_LIMBO,UEMNM_vs_IL,75_vs_25,75_vs_110,_vs_,78.82253283,0.009090909,mapreduceclientcore_algo-wca_measure-uemnm_serial-75_stop-75.rsf | mapreduceclientcore_algo-limbo_measure-il_serial-110_stop-25.rsf
769,WCA_vs_LIMBO,UEMNM_vs_IL,75_vs_50,75_vs_110,_vs_,78.82253283,0.009090909,mapreduceclientcore_algo-wca_measure-uemnm_serial-75_stop-75.rsf | mapreduceclientcore_algo-limbo_measure-il_serial-110_stop-50.rsf
770,WCA_vs_LIMBO,UEMNM_vs_IL,75_vs_75,75_vs_110,_vs_,78.82253283,0.009090909,mapreduceclientcore_algo-wca_measure-uemnm_serial-75_stop-75.rsf | mapreduceclientcore_algo-limbo_measure-il_serial-110_stop-75.rsf
771,WCA_vs_LIMBO,UEMNM_vs_IL,75_vs_25,75_vs_25,_vs_,81.5026362,0,mapreduceclientcore_algo-wca_measure-uemnm_serial-75_stop-75.rsf | mapreduceclientcore_algo-limbo_measure-il_serial-25_stop-25.rsf
772,WCA_vs_LIMBO,UEMNM_vs_IL,75_vs_25,75_vs_30,_vs_,82.02542744,0,mapreduceclientcore_algo-wca_measure-uemnm_serial-75_stop-75.rsf | mapreduceclientcore_algo-limbo_measure-il_serial-30_stop-25.rsf
773,WCA_vs_LIMBO,UEMNM_vs_IL,75_vs_25,75_vs_40,_vs_,81.36185072,0,mapreduceclientcore_algo-wca_measure-uemnm_serial-75_stop-75.rsf | mapreduceclientcore_algo-limbo_measure-il_serial-40_stop-25.rsf
774,WCA_vs_LIMBO,UEMNM_vs_IL,75_vs_25,75_vs_50,_vs_,81.57322903,0,mapreduceclientcore_algo-wca_measure-uemnm_serial-75_stop-75.rsf | mapreduceclientcore_algo-limbo_measure-il_serial-50_stop-25.rsf
775,WCA_vs_LIMBO,UEMNM_vs_IL,75_vs_50,75_vs_50,_vs_,81.57322903,0,mapreduceclientcore_algo-wca_measure-uemnm_serial-75_stop-75.rsf | mapreduceclientcore_algo-limbo_measure-il_serial-50_stop-50.rsf
776,WCA_vs_LIMBO,UEMNM_vs_IL,75_vs_25,75_vs_60,_vs_,81.60969277,0,mapreduceclientcore_algo-wca_measure-uemnm_serial-75_stop-75.rsf | mapreduceclientcore_algo-limbo_measure-il_serial-60_stop-25.rsf
777,WCA_vs_LIMBO,UEMNM_vs_IL,75_vs_50,75_vs_60,_vs_,81.60969277,0,mapreduceclientcore_algo-wca_measure-uemnm_serial-75_stop-75.rsf | mapreduceclientcore_algo-limbo_measure-il_serial-60_stop-50.rsf
778,WCA_vs_LIMBO,UEMNM_vs_IL,75_vs_25,75_vs_70,_vs_,81.4735028,0,mapreduceclientcore_algo-wca_measure-uemnm_serial-75_stop-75.rsf | mapreduceclientcore_algo-limbo_measure-il_serial-70_stop-25.rsf
779,WCA_vs_LIMBO,UEMNM_vs_IL,75_vs_50,75_vs_70,_vs_,81.4735028,0,mapreduceclientcore_algo-wca_measure-uemnm_serial-75_stop-75.rsf | mapreduceclientcore_algo-limbo_measure-il_serial-70_stop-50.rsf
780,WCA_vs_LIMBO,UEMNM_vs_IL,75_vs_25,75_vs_80,_vs_,80.78078078,0.0125,mapreduceclientcore_algo-wca_measure-uemnm_serial-75_stop-75.rsf | mapreduceclientcore_algo-limbo_measure-il_serial-80_stop-25.rsf
781,WCA_vs_LIMBO,UEMNM_vs_IL,75_vs_50,75_vs_80,_vs_,80.78078078,0.0125,mapreduceclientcore_algo-wca_measure-uemnm_serial-75_stop-75.rsf | mapreduceclientcore_algo-limbo_measure-il_serial-80_stop-50.rsf
782,WCA_vs_LIMBO,UEMNM_vs_IL,75_vs_75,75_vs_80,_vs_,80.78078078,0.0125,mapreduceclientcore_algo-wca_measure-uemnm_serial-75_stop-75.rsf | mapreduceclientcore_algo-limbo_measure-il_serial-80_stop-75.rsf
783,WCA_vs_LIMBO,UEMNM_vs_IL,75_vs_25,75_vs_90,_vs_,80.05126015,0.011111111,mapreduceclientcore_algo-wca_measure-uemnm_serial-75_stop-75.rsf | mapreduceclientcore_algo-limbo_measure-il_serial-90_stop-25.rsf
784,WCA_vs_LIMBO,UEMNM_vs_IL,75_vs_50,75_vs_90,_vs_,80.05126015,0.011111111,mapreduceclientcore_algo-wca_measure-uemnm_serial-75_stop-75.rsf | mapreduceclientcore_algo-limbo_measure-il_serial-90_stop-50.rsf
785,WCA_vs_LIMBO,UEMNM_vs_IL,75_vs_75,75_vs_90,_vs_,80.05126015,0.011111111,mapreduceclientcore_algo-wca_measure-uemnm_serial-75_stop-75.rsf | mapreduceclientcore_algo-limbo_measure-il_serial-90_stop-75.rsf
786,WCA_vs_LIMBO,UEMNM_vs_IL,25_vs_100,80_vs_100,_vs_,80.94227504,0.01,mapreduceclientcore_algo-wca_measure-uemnm_serial-80_stop-25.rsf | mapreduceclientcore_algo-limbo_measure-il_serial-100_stop-100.rsf
787,WCA_vs_LIMBO,UEMNM_vs_IL,25_vs_25,80_vs_100,_vs_,80.94227504,0.01,mapreduceclientcore_algo-wca_measure-uemnm_serial-80_stop-25.rsf | mapreduceclientcore_algo-limbo_measure-il_serial-100_stop-25.rsf
788,WCA_vs_LIMBO,UEMNM_vs_IL,25_vs_50,80_vs_100,_vs_,80.94227504,0.01,mapreduceclientcore_algo-wca_measure-uemnm_serial-80_stop-25.rsf | mapreduceclientcore_algo-limbo_measure-il_serial-100_stop-50.rsf
789,WCA_vs_LIMBO,UEMNM_vs_IL,25_vs_75,80_vs_100,_vs_,80.94227504,0.01,mapreduceclientcore_algo-wca_measure-uemnm_serial-80_stop-25.rsf | mapreduceclientcore_algo-limbo_measure-il_serial-100_stop-75.rsf
790,WCA_vs_LIMBO,UEMNM_vs_IL,25_vs_100,80_vs_110,_vs_,80.26204565,0.009090909,mapreduceclientcore_algo-wca_measure-uemnm_serial-80_stop-25.rsf | mapreduceclientcore_algo-limbo_measure-il_serial-110_stop-100.rsf
791,WCA_vs_LIMBO,UEMNM_vs_IL,25_vs_25,80_vs_110,_vs_,80.26204565,0.009090909,mapreduceclientcore_algo-wca_measure-uemnm_serial-80_stop-25.rsf | mapreduceclientcore_algo-limbo_measure-il_serial-110_stop-25.rsf
792,WCA_vs_LIMBO,UEMNM_vs_IL,25_vs_50,80_vs_110,_vs_,80.26204565,0.009090909,mapreduceclientcore_algo-wca_measure-uemnm_serial-80_stop-25.rsf | mapreduceclientcore_algo-limbo_measure-il_serial-110_stop-50.rsf
793,WCA_vs_LIMBO,UEMNM_vs_IL,25_vs_75,80_vs_110,_vs_,80.26204565,0.009090909,mapreduceclientcore_algo-wca_measure-uemnm_serial-80_stop-25.rsf | mapreduceclientcore_algo-limbo_measure-il_serial-110_stop-75.rsf
794,WCA_vs_LIMBO,UEMNM_vs_IL,25_vs_25,80_vs_25,_vs_,81.80622534,0.04,mapreduceclientcore_algo-wca_measure-uemnm_serial-80_stop-25.rsf | mapreduceclientcore_algo-limbo_measure-il_serial-25_stop-25.rsf
795,WCA_vs_LIMBO,UEMNM_vs_IL,25_vs_25,80_vs_30,_vs_,82.80839895,0.033333333,mapreduceclientcore_algo-wca_measure-uemnm_serial-80_stop-25.rsf | mapreduceclientcore_algo-limbo_measure-il_serial-30_stop-25.rsf
796,WCA_vs_LIMBO,UEMNM_vs_IL,25_vs_25,80_vs_40,_vs_,82.22996516,0.075,mapreduceclientcore_algo-wca_measure-uemnm_serial-80_stop-25.rsf | mapreduceclientcore_algo-limbo_measure-il_serial-40_stop-25.rsf
797,WCA_vs_LIMBO,UEMNM_vs_IL,25_vs_25,80_vs_50,_vs_,82.43712056,0.02,mapreduceclientcore_algo-wca_measure-uemnm_serial-80_stop-25.rsf | mapreduceclientcore_algo-limbo_measure-il_serial-50_stop-25.rsf
798,WCA_vs_LIMBO,UEMNM_vs_IL,25_vs_50,80_vs_50,_vs_,82.43712056,0.02,mapreduceclientcore_algo-wca_measure-uemnm_serial-80_stop-25.rsf | mapreduceclientcore_algo-limbo_measure-il_serial-50_stop-50.rsf
799,WCA_vs_LIMBO,UEMNM_vs_IL,25_vs_25,80_vs_60,_vs_,82.46977547,0.016666667,mapreduceclientcore_algo-wca_measure-uemnm_serial-80_stop-25.rsf | mapreduceclientcore_algo-limbo_measure-il_serial-60_stop-25.rsf
800,WCA_vs_LIMBO,UEMNM_vs_IL,25_vs_50,80_vs_60,_vs_,82.46977547,0.016666667,mapreduceclientcore_algo-wca_measure-uemnm_serial-80_stop-25.rsf | mapreduceclientcore_algo-limbo_measure-il_serial-60_stop-50.rsf
801,WCA_vs_LIMBO,UEMNM_vs_IL,25_vs_25,80_vs_70,_vs_,82.33018057,0.014285714,mapreduceclientcore_algo-wca_measure-uemnm_serial-80_stop-25.rsf | mapreduceclientcore_algo-limbo_measure-il_serial-70_stop-25.rsf
802,WCA_vs_LIMBO,UEMNM_vs_IL,25_vs_50,80_vs_70,_vs_,82.33018057,0.014285714,mapreduceclientcore_algo-wca_measure-uemnm_serial-80_stop-25.rsf | mapreduceclientcore_algo-limbo_measure-il_serial-70_stop-50.rsf
803,WCA_vs_LIMBO,UEMNM_vs_IL,25_vs_25,80_vs_80,_vs_,82.23458904,0.0125,mapreduceclientcore_algo-wca_measure-uemnm_serial-80_stop-25.rsf | mapreduceclientcore_algo-limbo_measure-il_serial-80_stop-25.rsf
804,WCA_vs_LIMBO,UEMNM_vs_IL,25_vs_50,80_vs_80,_vs_,82.23458904,0.0125,mapreduceclientcore_algo-wca_measure-uemnm_serial-80_stop-25.rsf | mapreduceclientcore_algo-limbo_measure-il_serial-80_stop-50.rsf
805,WCA_vs_LIMBO,UEMNM_vs_IL,25_vs_75,80_vs_80,_vs_,82.23458904,0.0125,mapreduceclientcore_algo-wca_measure-uemnm_serial-80_stop-25.rsf | mapreduceclientcore_algo-limbo_measure-il_serial-80_stop-75.rsf
806,WCA_vs_LIMBO,UEMNM_vs_IL,25_vs_25,80_vs_90,_vs_,81.543052,0.011111111,mapreduceclientcore_algo-wca_measure-uemnm_serial-80_stop-25.rsf | mapreduceclientcore_algo-limbo_measure-il_serial-90_stop-25.rsf
807,WCA_vs_LIMBO,UEMNM_vs_IL,25_vs_50,80_vs_90,_vs_,81.543052,0.011111111,mapreduceclientcore_algo-wca_measure-uemnm_serial-80_stop-25.rsf | mapreduceclientcore_algo-limbo_measure-il_serial-90_stop-50.rsf
808,WCA_vs_LIMBO,UEMNM_vs_IL,25_vs_75,80_vs_90,_vs_,81.543052,0.011111111,mapreduceclientcore_algo-wca_measure-uemnm_serial-80_stop-25.rsf | mapreduceclientcore_algo-limbo_measure-il_serial-90_stop-75.rsf
809,WCA_vs_LIMBO,UEMNM_vs_IL,50_vs_100,80_vs_100,_vs_,80.94227504,0.01,mapreduceclientcore_algo-wca_measure-uemnm_serial-80_stop-50.rsf | mapreduceclientcore_algo-limbo_measure-il_serial-100_stop-100.rsf
810,WCA_vs_LIMBO,UEMNM_vs_IL,50_vs_25,80_vs_100,_vs_,80.94227504,0.01,mapreduceclientcore_algo-wca_measure-uemnm_serial-80_stop-50.rsf | mapreduceclientcore_algo-limbo_measure-il_serial-100_stop-25.rsf
811,WCA_vs_LIMBO,UEMNM_vs_IL,50_vs_50,80_vs_100,_vs_,80.94227504,0.01,mapreduceclientcore_algo-wca_measure-uemnm_serial-80_stop-50.rsf | mapreduceclientcore_algo-limbo_measure-il_serial-100_stop-50.rsf
812,WCA_vs_LIMBO,UEMNM_vs_IL,50_vs_75,80_vs_100,_vs_,80.94227504,0.01,mapreduceclientcore_algo-wca_measure-uemnm_serial-80_stop-50.rsf | mapreduceclientcore_algo-limbo_measure-il_serial-100_stop-75.rsf
813,WCA_vs_LIMBO,UEMNM_vs_IL,50_vs_100,80_vs_110,_vs_,80.26204565,0.009090909,mapreduceclientcore_algo-wca_measure-uemnm_serial-80_stop-50.rsf | mapreduceclientcore_algo-limbo_measure-il_serial-110_stop-100.rsf
814,WCA_vs_LIMBO,UEMNM_vs_IL,50_vs_25,80_vs_110,_vs_,80.26204565,0.009090909,mapreduceclientcore_algo-wca_measure-uemnm_serial-80_stop-50.rsf | mapreduceclientcore_algo-limbo_measure-il_serial-110_stop-25.rsf
815,WCA_vs_LIMBO,UEMNM_vs_IL,50_vs_50,80_vs_110,_vs_,80.26204565,0.009090909,mapreduceclientcore_algo-wca_measure-uemnm_serial-80_stop-50.rsf | mapreduceclientcore_algo-limbo_measure-il_serial-110_stop-50.rsf
816,WCA_vs_LIMBO,UEMNM_vs_IL,50_vs_75,80_vs_110,_vs_,80.26204565,0.009090909,mapreduceclientcore_algo-wca_measure-uemnm_serial-80_stop-50.rsf | mapreduceclientcore_algo-limbo_measure-il_serial-110_stop-75.rsf
817,WCA_vs_LIMBO,UEMNM_vs_IL,50_vs_25,80_vs_25,_vs_,81.80622534,0.04,mapreduceclientcore_algo-wca_measure-uemnm_serial-80_stop-50.rsf | mapreduceclientcore_algo-limbo_measure-il_serial-25_stop-25.rsf
818,WCA_vs_LIMBO,UEMNM_vs_IL,50_vs_25,80_vs_30,_vs_,82.80839895,0.033333333,mapreduceclientcore_algo-wca_measure-uemnm_serial-80_stop-50.rsf | mapreduceclientcore_algo-limbo_measure-il_serial-30_stop-25.rsf
819,WCA_vs_LIMBO,UEMNM_vs_IL,50_vs_25,80_vs_40,_vs_,82.22996516,0.075,mapreduceclientcore_algo-wca_measure-uemnm_serial-80_stop-50.rsf | mapreduceclientcore_algo-limbo_measure-il_serial-40_stop-25.rsf
820,WCA_vs_LIMBO,UEMNM_vs_IL,50_vs_25,80_vs_50,_vs_,82.43712056,0.02,mapreduceclientcore_algo-wca_measure-uemnm_serial-80_stop-50.rsf | mapreduceclientcore_algo-limbo_measure-il_serial-50_stop-25.rsf
821,WCA_vs_LIMBO,UEMNM_vs_IL,50_vs_50,80_vs_50,_vs_,82.43712056,0.02,mapreduceclientcore_algo-wca_measure-uemnm_serial-80_stop-50.rsf | mapreduceclientcore_algo-limbo_measure-il_serial-50_stop-50.rsf
822,WCA_vs_LIMBO,UEMNM_vs_IL,50_vs_25,80_vs_60,_vs_,82.46977547,0.016666667,mapreduceclientcore_algo-wca_measure-uemnm_serial-80_stop-50.rsf | mapreduceclientcore_algo-limbo_measure-il_serial-60_stop-25.rsf
823,WCA_vs_LIMBO,UEMNM_vs_IL,50_vs_50,80_vs_60,_vs_,82.46977547,0.016666667,mapreduceclientcore_algo-wca_measure-uemnm_serial-80_stop-50.rsf | mapreduceclientcore_algo-limbo_measure-il_serial-60_stop-50.rsf
824,WCA_vs_LIMBO,UEMNM_vs_IL,50_vs_25,80_vs_70,_vs_,82.33018057,0.014285714,mapreduceclientcore_algo-wca_measure-uemnm_serial-80_stop-50.rsf | mapreduceclientcore_algo-limbo_measure-il_serial-70_stop-25.rsf
825,WCA_vs_LIMBO,UEMNM_vs_IL,50_vs_50,80_vs_70,_vs_,82.33018057,0.014285714,mapreduceclientcore_algo-wca_measure-uemnm_serial-80_stop-50.rsf | mapreduceclientcore_algo-limbo_measure-il_serial-70_stop-50.rsf
826,WCA_vs_LIMBO,UEMNM_vs_IL,50_vs_25,80_vs_80,_vs_,82.23458904,0.0125,mapreduceclientcore_algo-wca_measure-uemnm_serial-80_stop-50.rsf | mapreduceclientcore_algo-limbo_measure-il_serial-80_stop-25.rsf
827,WCA_vs_LIMBO,UEMNM_vs_IL,50_vs_50,80_vs_80,_vs_,82.23458904,0.0125,mapreduceclientcore_algo-wca_measure-uemnm_serial-80_stop-50.rsf | mapreduceclientcore_algo-limbo_measure-il_serial-80_stop-50.rsf
828,WCA_vs_LIMBO,UEMNM_vs_IL,50_vs_75,80_vs_80,_vs_,82.23458904,0.0125,mapreduceclientcore_algo-wca_measure-uemnm_serial-80_stop-50.rsf | mapreduceclientcore_algo-limbo_measure-il_serial-80_stop-75.rsf
829,WCA_vs_LIMBO,UEMNM_vs_IL,50_vs_25,80_vs_90,_vs_,81.543052,0.011111111,mapreduceclientcore_algo-wca_measure-uemnm_serial-80_stop-50.rsf | mapreduceclientcore_algo-limbo_measure-il_serial-90_stop-25.rsf
830,WCA_vs_LIMBO,UEMNM_vs_IL,50_vs_50,80_vs_90,_vs_,81.543052,0.011111111,mapreduceclientcore_algo-wca_measure-uemnm_serial-80_stop-50.rsf | mapreduceclientcore_algo-limbo_measure-il_serial-90_stop-50.rsf
831,WCA_vs_LIMBO,UEMNM_vs_IL,50_vs_75,80_vs_90,_vs_,81.543052,0.011111111,mapreduceclientcore_algo-wca_measure-uemnm_serial-80_stop-50.rsf | mapreduceclientcore_algo-limbo_measure-il_serial-90_stop-75.rsf
832,WCA_vs_LIMBO,UEMNM_vs_IL,75_vs_100,80_vs_100,_vs_,80.94227504,0.01,mapreduceclientcore_algo-wca_measure-uemnm_serial-80_stop-75.rsf | mapreduceclientcore_algo-limbo_measure-il_serial-100_stop-100.rsf
833,WCA_vs_LIMBO,UEMNM_vs_IL,75_vs_25,80_vs_100,_vs_,80.94227504,0.01,mapreduceclientcore_algo-wca_measure-uemnm_serial-80_stop-75.rsf | mapreduceclientcore_algo-limbo_measure-il_serial-100_stop-25.rsf
834,WCA_vs_LIMBO,UEMNM_vs_IL,75_vs_50,80_vs_100,_vs_,80.94227504,0.01,mapreduceclientcore_algo-wca_measure-uemnm_serial-80_stop-75.rsf | mapreduceclientcore_algo-limbo_measure-il_serial-100_stop-50.rsf
835,WCA_vs_LIMBO,UEMNM_vs_IL,75_vs_75,80_vs_100,_vs_,80.94227504,0.01,mapreduceclientcore_algo-wca_measure-uemnm_serial-80_stop-75.rsf | mapreduceclientcore_algo-limbo_measure-il_serial-100_stop-75.rsf
836,WCA_vs_LIMBO,UEMNM_vs_IL,75_vs_100,80_vs_110,_vs_,80.26204565,0.009090909,mapreduceclientcore_algo-wca_measure-uemnm_serial-80_stop-75.rsf | mapreduceclientcore_algo-limbo_measure-il_serial-110_stop-100.rsf
837,WCA_vs_LIMBO,UEMNM_vs_IL,75_vs_25,80_vs_110,_vs_,80.26204565,0.009090909,mapreduceclientcore_algo-wca_measure-uemnm_serial-80_stop-75.rsf | mapreduceclientcore_algo-limbo_measure-il_serial-110_stop-25.rsf
838,WCA_vs_LIMBO,UEMNM_vs_IL,75_vs_50,80_vs_110,_vs_,80.26204565,0.009090909,mapreduceclientcore_algo-wca_measure-uemnm_serial-80_stop-75.rsf | mapreduceclientcore_algo-limbo_measure-il_serial-110_stop-50.rsf
839,WCA_vs_LIMBO,UEMNM_vs_IL,75_vs_75,80_vs_110,_vs_,80.26204565,0.009090909,mapreduceclientcore_algo-wca_measure-uemnm_serial-80_stop-75.rsf | mapreduceclientcore_algo-limbo_measure-il_serial-110_stop-75.rsf
840,WCA_vs_LIMBO,UEMNM_vs_IL,75_vs_25,80_vs_25,_vs_,81.80622534,0.04,mapreduceclientcore_algo-wca_measure-uemnm_serial-80_stop-75.rsf | mapreduceclientcore_algo-limbo_measure-il_serial-25_stop-25.rsf
841,WCA_vs_LIMBO,UEMNM_vs_IL,75_vs_25,80_vs_30,_vs_,82.80839895,0.033333333,mapreduceclientcore_algo-wca_measure-uemnm_serial-80_stop-75.rsf | mapreduceclientcore_algo-limbo_measure-il_serial-30_stop-25.rsf
842,WCA_vs_LIMBO,UEMNM_vs_IL,75_vs_25,80_vs_40,_vs_,82.22996516,0.075,mapreduceclientcore_algo-wca_measure-uemnm_serial-80_stop-75.rsf | mapreduceclientcore_algo-limbo_measure-il_serial-40_stop-25.rsf
843,WCA_vs_LIMBO,UEMNM_vs_IL,75_vs_25,80_vs_50,_vs_,82.43712056,0.02,mapreduceclientcore_algo-wca_measure-uemnm_serial-80_stop-75.rsf | mapreduceclientcore_algo-limbo_measure-il_serial-50_stop-25.rsf
844,WCA_vs_LIMBO,UEMNM_vs_IL,75_vs_50,80_vs_50,_vs_,82.43712056,0.02,mapreduceclientcore_algo-wca_measure-uemnm_serial-80_stop-75.rsf | mapreduceclientcore_algo-limbo_measure-il_serial-50_stop-50.rsf
845,WCA_vs_LIMBO,UEMNM_vs_IL,75_vs_25,80_vs_60,_vs_,82.46977547,0.016666667,mapreduceclientcore_algo-wca_measure-uemnm_serial-80_stop-75.rsf | mapreduceclientcore_algo-limbo_measure-il_serial-60_stop-25.rsf
846,WCA_vs_LIMBO,UEMNM_vs_IL,75_vs_50,80_vs_60,_vs_,82.46977547,0.016666667,mapreduceclientcore_algo-wca_measure-uemnm_serial-80_stop-75.rsf | mapreduceclientcore_algo-limbo_measure-il_serial-60_stop-50.rsf
847,WCA_vs_LIMBO,UEMNM_vs_IL,75_vs_25,80_vs_70,_vs_,82.33018057,0.014285714,mapreduceclientcore_algo-wca_measure-uemnm_serial-80_stop-75.rsf | mapreduceclientcore_algo-limbo_measure-il_serial-70_stop-25.rsf
848,WCA_vs_LIMBO,UEMNM_vs_IL,75_vs_50,80_vs_70,_vs_,82.33018057,0.014285714,mapreduceclientcore_algo-wca_measure-uemnm_serial-80_stop-75.rsf | mapreduceclientcore_algo-limbo_measure-il_serial-70_stop-50.rsf
849,WCA_vs_LIMBO,UEMNM_vs_IL,75_vs_25,80_vs_80,_vs_,82.23458904,0.0125,mapreduceclientcore_algo-wca_measure-uemnm_serial-80_stop-75.rsf | mapreduceclientcore_algo-limbo_measure-il_serial-80_stop-25.rsf
850,WCA_vs_LIMBO,UEMNM_vs_IL,75_vs_50,80_vs_80,_vs_,82.23458904,0.0125,mapreduceclientcore_algo-wca_measure-uemnm_serial-80_stop-75.rsf | mapreduceclientcore_algo-limbo_measure-il_serial-80_stop-50.rsf
851,WCA_vs_LIMBO,UEMNM_vs_IL,75_vs_75,80_vs_80,_vs_,82.23458904,0.0125,mapreduceclientcore_algo-wca_measure-uemnm_serial-80_stop-75.rsf | mapreduceclientcore_algo-limbo_measure-il_serial-80_stop-75.rsf
852,WCA_vs_LIMBO,UEMNM_vs_IL,75_vs_25,80_vs_90,_vs_,81.543052,0.011111111,mapreduceclientcore_algo-wca_measure-uemnm_serial-80_stop-75.rsf | mapreduceclientcore_algo-limbo_measure-il_serial-90_stop-25.rsf
853,WCA_vs_LIMBO,UEMNM_vs_IL,75_vs_50,80_vs_90,_vs_,81.543052,0.011111111,mapreduceclientcore_algo-wca_measure-uemnm_serial-80_stop-75.rsf | mapreduceclientcore_algo-limbo_measure-il_serial-90_stop-50.rsf
854,WCA_vs_LIMBO,UEMNM_vs_IL,75_vs_75,80_vs_90,_vs_,81.543052,0.011111111,mapreduceclientcore_algo-wca_measure-uemnm_serial-80_stop-75.rsf | mapreduceclientcore_algo-limbo_measure-il_serial-90_stop-75.rsf
855,WCA_vs_LIMBO,UEMNM_vs_IL,25_vs_100,90_vs_100,_vs_,83.30515638,0.02,mapreduceclientcore_algo-wca_measure-uemnm_serial-90_stop-25.rsf | mapreduceclientcore_algo-limbo_measure-il_serial-100_stop-100.rsf
856,WCA_vs_LIMBO,UEMNM_vs_IL,25_vs_25,90_vs_100,_vs_,83.30515638,0.02,mapreduceclientcore_algo-wca_measure-uemnm_serial-90_stop-25.rsf | mapreduceclientcore_algo-limbo_measure-il_serial-100_stop-25.rsf
857,WCA_vs_LIMBO,UEMNM_vs_IL,25_vs_50,90_vs_100,_vs_,83.30515638,0.02,mapreduceclientcore_algo-wca_measure-uemnm_serial-90_stop-25.rsf | mapreduceclientcore_algo-limbo_measure-il_serial-100_stop-50.rsf
858,WCA_vs_LIMBO,UEMNM_vs_IL,25_vs_75,90_vs_100,_vs_,83.30515638,0.02,mapreduceclientcore_algo-wca_measure-uemnm_serial-90_stop-25.rsf | mapreduceclientcore_algo-limbo_measure-il_serial-100_stop-75.rsf
859,WCA_vs_LIMBO,UEMNM_vs_IL,25_vs_100,90_vs_110,_vs_,82.57575758,0.009090909,mapreduceclientcore_algo-wca_measure-uemnm_serial-90_stop-25.rsf | mapreduceclientcore_algo-limbo_measure-il_serial-110_stop-100.rsf
860,WCA_vs_LIMBO,UEMNM_vs_IL,25_vs_25,90_vs_110,_vs_,82.57575758,0.009090909,mapreduceclientcore_algo-wca_measure-uemnm_serial-90_stop-25.rsf | mapreduceclientcore_algo-limbo_measure-il_serial-110_stop-25.rsf
861,WCA_vs_LIMBO,UEMNM_vs_IL,25_vs_50,90_vs_110,_vs_,82.57575758,0.009090909,mapreduceclientcore_algo-wca_measure-uemnm_serial-90_stop-25.rsf | mapreduceclientcore_algo-limbo_measure-il_serial-110_stop-50.rsf
862,WCA_vs_LIMBO,UEMNM_vs_IL,25_vs_75,90_vs_110,_vs_,82.57575758,0.009090909,mapreduceclientcore_algo-wca_measure-uemnm_serial-90_stop-25.rsf | mapreduceclientcore_algo-limbo_measure-il_serial-110_stop-75.rsf
863,WCA_vs_LIMBO,UEMNM_vs_IL,25_vs_25,90_vs_25,_vs_,81.01265823,0.08,mapreduceclientcore_algo-wca_measure-uemnm_serial-90_stop-25.rsf | mapreduceclientcore_algo-limbo_measure-il_serial-25_stop-25.rsf
864,WCA_vs_LIMBO,UEMNM_vs_IL,25_vs_25,90_vs_30,_vs_,82.4912892,0.066666667,mapreduceclientcore_algo-wca_measure-uemnm_serial-90_stop-25.rsf | mapreduceclientcore_algo-limbo_measure-il_serial-30_stop-25.rsf
865,WCA_vs_LIMBO,UEMNM_vs_IL,25_vs_25,90_vs_40,_vs_,83.78143972,0.075,mapreduceclientcore_algo-wca_measure-uemnm_serial-90_stop-25.rsf | mapreduceclientcore_algo-limbo_measure-il_serial-40_stop-25.rsf
866,WCA_vs_LIMBO,UEMNM_vs_IL,25_vs_25,90_vs_50,_vs_,84.02417962,0.02,mapreduceclientcore_algo-wca_measure-uemnm_serial-90_stop-25.rsf | mapreduceclientcore_algo-limbo_measure-il_serial-50_stop-25.rsf
867,WCA_vs_LIMBO,UEMNM_vs_IL,25_vs_50,90_vs_50,_vs_,84.02417962,0.02,mapreduceclientcore_algo-wca_measure-uemnm_serial-90_stop-25.rsf | mapreduceclientcore_algo-limbo_measure-il_serial-50_stop-50.rsf
868,WCA_vs_LIMBO,UEMNM_vs_IL,25_vs_25,90_vs_60,_vs_,84.04987102,0.016666667,mapreduceclientcore_algo-wca_measure-uemnm_serial-90_stop-25.rsf | mapreduceclientcore_algo-limbo_measure-il_serial-60_stop-25.rsf
869,WCA_vs_LIMBO,UEMNM_vs_IL,25_vs_50,90_vs_60,_vs_,84.04987102,0.016666667,mapreduceclientcore_algo-wca_measure-uemnm_serial-90_stop-25.rsf | mapreduceclientcore_algo-limbo_measure-il_serial-60_stop-50.rsf
870,WCA_vs_LIMBO,UEMNM_vs_IL,25_vs_25,90_vs_70,_vs_,84.1609589,0.014285714,mapreduceclientcore_algo-wca_measure-uemnm_serial-90_stop-25.rsf | mapreduceclientcore_algo-limbo_measure-il_serial-70_stop-25.rsf
871,WCA_vs_LIMBO,UEMNM_vs_IL,25_vs_50,90_vs_70,_vs_,84.1609589,0.014285714,mapreduceclientcore_algo-wca_measure-uemnm_serial-90_stop-25.rsf | mapreduceclientcore_algo-limbo_measure-il_serial-70_stop-50.rsf
872,WCA_vs_LIMBO,UEMNM_vs_IL,25_vs_25,90_vs_80,_vs_,84.27109974,0.025,mapreduceclientcore_algo-wca_measure-uemnm_serial-90_stop-25.rsf | mapreduceclientcore_algo-limbo_measure-il_serial-80_stop-25.rsf
873,WCA_vs_LIMBO,UEMNM_vs_IL,25_vs_50,90_vs_80,_vs_,84.27109974,0.025,mapreduceclientcore_algo-wca_measure-uemnm_serial-90_stop-25.rsf | mapreduceclientcore_algo-limbo_measure-il_serial-80_stop-50.rsf
874,WCA_vs_LIMBO,UEMNM_vs_IL,25_vs_75,90_vs_80,_vs_,84.27109974,0.025,mapreduceclientcore_algo-wca_measure-uemnm_serial-90_stop-25.rsf | mapreduceclientcore_algo-limbo_measure-il_serial-80_stop-75.rsf
875,WCA_vs_LIMBO,UEMNM_vs_IL,25_vs_25,90_vs_90,_vs_,84.21052632,0.022222222,mapreduceclientcore_algo-wca_measure-uemnm_serial-90_stop-25.rsf | mapreduceclientcore_algo-limbo_measure-il_serial-90_stop-25.rsf
876,WCA_vs_LIMBO,UEMNM_vs_IL,25_vs_50,90_vs_90,_vs_,84.21052632,0.022222222,mapreduceclientcore_algo-wca_measure-uemnm_serial-90_stop-25.rsf | mapreduceclientcore_algo-limbo_measure-il_serial-90_stop-50.rsf
877,WCA_vs_LIMBO,UEMNM_vs_IL,25_vs_75,90_vs_90,_vs_,84.21052632,0.022222222,mapreduceclientcore_algo-wca_measure-uemnm_serial-90_stop-25.rsf | mapreduceclientcore_algo-limbo_measure-il_serial-90_stop-75.rsf
878,WCA_vs_LIMBO,UEMNM_vs_IL,50_vs_100,90_vs_100,_vs_,83.30515638,0.02,mapreduceclientcore_algo-wca_measure-uemnm_serial-90_stop-50.rsf | mapreduceclientcore_algo-limbo_measure-il_serial-100_stop-100.rsf
879,WCA_vs_LIMBO,UEMNM_vs_IL,50_vs_25,90_vs_100,_vs_,83.30515638,0.02,mapreduceclientcore_algo-wca_measure-uemnm_serial-90_stop-50.rsf | mapreduceclientcore_algo-limbo_measure-il_serial-100_stop-25.rsf
880,WCA_vs_LIMBO,UEMNM_vs_IL,50_vs_50,90_vs_100,_vs_,83.30515638,0.02,mapreduceclientcore_algo-wca_measure-uemnm_serial-90_stop-50.rsf | mapreduceclientcore_algo-limbo_measure-il_serial-100_stop-50.rsf
881,WCA_vs_LIMBO,UEMNM_vs_IL,50_vs_75,90_vs_100,_vs_,83.30515638,0.02,mapreduceclientcore_algo-wca_measure-uemnm_serial-90_stop-50.rsf | mapreduceclientcore_algo-limbo_measure-il_serial-100_stop-75.rsf
882,WCA_vs_LIMBO,UEMNM_vs_IL,50_vs_100,90_vs_110,_vs_,82.57575758,0.009090909,mapreduceclientcore_algo-wca_measure-uemnm_serial-90_stop-50.rsf | mapreduceclientcore_algo-limbo_measure-il_serial-110_stop-100.rsf
883,WCA_vs_LIMBO,UEMNM_vs_IL,50_vs_25,90_vs_110,_vs_,82.57575758,0.009090909,mapreduceclientcore_algo-wca_measure-uemnm_serial-90_stop-50.rsf | mapreduceclientcore_algo-limbo_measure-il_serial-110_stop-25.rsf
884,WCA_vs_LIMBO,UEMNM_vs_IL,50_vs_50,90_vs_110,_vs_,82.57575758,0.009090909,mapreduceclientcore_algo-wca_measure-uemnm_serial-90_stop-50.rsf | mapreduceclientcore_algo-limbo_measure-il_serial-110_stop-50.rsf
885,WCA_vs_LIMBO,UEMNM_vs_IL,50_vs_75,90_vs_110,_vs_,82.57575758,0.009090909,mapreduceclientcore_algo-wca_measure-uemnm_serial-90_stop-50.rsf | mapreduceclientcore_algo-limbo_measure-il_serial-110_stop-75.rsf
886,WCA_vs_LIMBO,UEMNM_vs_IL,50_vs_25,90_vs_25,_vs_,81.01265823,0.08,mapreduceclientcore_algo-wca_measure-uemnm_serial-90_stop-50.rsf | mapreduceclientcore_algo-limbo_measure-il_serial-25_stop-25.rsf
887,WCA_vs_LIMBO,UEMNM_vs_IL,50_vs_25,90_vs_30,_vs_,82.4912892,0.066666667,mapreduceclientcore_algo-wca_measure-uemnm_serial-90_stop-50.rsf | mapreduceclientcore_algo-limbo_measure-il_serial-30_stop-25.rsf
888,WCA_vs_LIMBO,UEMNM_vs_IL,50_vs_25,90_vs_40,_vs_,83.78143972,0.075,mapreduceclientcore_algo-wca_measure-uemnm_serial-90_stop-50.rsf | mapreduceclientcore_algo-limbo_measure-il_serial-40_stop-25.rsf
889,WCA_vs_LIMBO,UEMNM_vs_IL,50_vs_25,90_vs_50,_vs_,84.02417962,0.02,mapreduceclientcore_algo-wca_measure-uemnm_serial-90_stop-50.rsf | mapreduceclientcore_algo-limbo_measure-il_serial-50_stop-25.rsf
890,WCA_vs_LIMBO,UEMNM_vs_IL,50_vs_50,90_vs_50,_vs_,84.02417962,0.02,mapreduceclientcore_algo-wca_measure-uemnm_serial-90_stop-50.rsf | mapreduceclientcore_algo-limbo_measure-il_serial-50_stop-50.rsf
891,WCA_vs_LIMBO,UEMNM_vs_IL,50_vs_25,90_vs_60,_vs_,84.04987102,0.016666667,mapreduceclientcore_algo-wca_measure-uemnm_serial-90_stop-50.rsf | mapreduceclientcore_algo-limbo_measure-il_serial-60_stop-25.rsf
892,WCA_vs_LIMBO,UEMNM_vs_IL,50_vs_50,90_vs_60,_vs_,84.04987102,0.016666667,mapreduceclientcore_algo-wca_measure-uemnm_serial-90_stop-50.rsf | mapreduceclientcore_algo-limbo_measure-il_serial-60_stop-50.rsf
893,WCA_vs_LIMBO,UEMNM_vs_IL,50_vs_25,90_vs_70,_vs_,84.1609589,0.014285714,mapreduceclientcore_algo-wca_measure-uemnm_serial-90_stop-50.rsf | mapreduceclientcore_algo-limbo_measure-il_serial-70_stop-25.rsf
894,WCA_vs_LIMBO,UEMNM_vs_IL,50_vs_50,90_vs_70,_vs_,84.1609589,0.014285714,mapreduceclientcore_algo-wca_measure-uemnm_serial-90_stop-50.rsf | mapreduceclientcore_algo-limbo_measure-il_serial-70_stop-50.rsf
895,WCA_vs_LIMBO,UEMNM_vs_IL,50_vs_25,90_vs_80,_vs_,84.27109974,0.025,mapreduceclientcore_algo-wca_measure-uemnm_serial-90_stop-50.rsf | mapreduceclientcore_algo-limbo_measure-il_serial-80_stop-25.rsf
896,WCA_vs_LIMBO,UEMNM_vs_IL,50_vs_50,90_vs_80,_vs_,84.27109974,0.025,mapreduceclientcore_algo-wca_measure-uemnm_serial-90_stop-50.rsf | mapreduceclientcore_algo-limbo_measure-il_serial-80_stop-50.rsf
897,WCA_vs_LIMBO,UEMNM_vs_IL,50_vs_75,90_vs_80,_vs_,84.27109974,0.025,mapreduceclientcore_algo-wca_measure-uemnm_serial-90_stop-50.rsf | mapreduceclientcore_algo-limbo_measure-il_serial-80_stop-75.rsf
898,WCA_vs_LIMBO,UEMNM_vs_IL,50_vs_25,90_vs_90,_vs_,84.21052632,0.022222222,mapreduceclientcore_algo-wca_measure-uemnm_serial-90_stop-50.rsf | mapreduceclientcore_algo-limbo_measure-il_serial-90_stop-25.rsf
899,WCA_vs_LIMBO,UEMNM_vs_IL,50_vs_50,90_vs_90,_vs_,84.21052632,0.022222222,mapreduceclientcore_algo-wca_measure-uemnm_serial-90_stop-50.rsf | mapreduceclientcore_algo-limbo_measure-il_serial-90_stop-50.rsf
900,WCA_vs_LIMBO,UEMNM_vs_IL,50_vs_75,90_vs_90,_vs_,84.21052632,0.022222222,mapreduceclientcore_algo-wca_measure-uemnm_serial-90_stop-50.rsf | mapreduceclientcore_algo-limbo_measure-il_serial-90_stop-75.rsf
901,WCA_vs_LIMBO,UEMNM_vs_IL,75_vs_100,90_vs_100,_vs_,83.30515638,0.02,mapreduceclientcore_algo-wca_measure-uemnm_serial-90_stop-75.rsf | mapreduceclientcore_algo-limbo_measure-il_serial-100_stop-100.rsf
902,WCA_vs_LIMBO,UEMNM_vs_IL,75_vs_25,90_vs_100,_vs_,83.30515638,0.02,mapreduceclientcore_algo-wca_measure-uemnm_serial-90_stop-75.rsf | mapreduceclientcore_algo-limbo_measure-il_serial-100_stop-25.rsf
903,WCA_vs_LIMBO,UEMNM_vs_IL,75_vs_50,90_vs_100,_vs_,83.30515638,0.02,mapreduceclientcore_algo-wca_measure-uemnm_serial-90_stop-75.rsf | mapreduceclientcore_algo-limbo_measure-il_serial-100_stop-50.rsf
904,WCA_vs_LIMBO,UEMNM_vs_IL,75_vs_75,90_vs_100,_vs_,83.30515638,0.02,mapreduceclientcore_algo-wca_measure-uemnm_serial-90_stop-75.rsf | mapreduceclientcore_algo-limbo_measure-il_serial-100_stop-75.rsf
905,WCA_vs_LIMBO,UEMNM_vs_IL,75_vs_100,90_vs_110,_vs_,82.57575758,0.009090909,mapreduceclientcore_algo-wca_measure-uemnm_serial-90_stop-75.rsf | mapreduceclientcore_algo-limbo_measure-il_serial-110_stop-100.rsf
906,WCA_vs_LIMBO,UEMNM_vs_IL,75_vs_25,90_vs_110,_vs_,82.57575758,0.009090909,mapreduceclientcore_algo-wca_measure-uemnm_serial-90_stop-75.rsf | mapreduceclientcore_algo-limbo_measure-il_serial-110_stop-25.rsf
907,WCA_vs_LIMBO,UEMNM_vs_IL,75_vs_50,90_vs_110,_vs_,82.57575758,0.009090909,mapreduceclientcore_algo-wca_measure-uemnm_serial-90_stop-75.rsf | mapreduceclientcore_algo-limbo_measure-il_serial-110_stop-50.rsf
908,WCA_vs_LIMBO,UEMNM_vs_IL,75_vs_75,90_vs_110,_vs_,82.57575758,0.009090909,mapreduceclientcore_algo-wca_measure-uemnm_serial-90_stop-75.rsf | mapreduceclientcore_algo-limbo_measure-il_serial-110_stop-75.rsf
909,WCA_vs_LIMBO,UEMNM_vs_IL,75_vs_25,90_vs_25,_vs_,81.01265823,0.08,mapreduceclientcore_algo-wca_measure-uemnm_serial-90_stop-75.rsf | mapreduceclientcore_algo-limbo_measure-il_serial-25_stop-25.rsf
910,WCA_vs_LIMBO,UEMNM_vs_IL,75_vs_25,90_vs_30,_vs_,82.4912892,0.066666667,mapreduceclientcore_algo-wca_measure-uemnm_serial-90_stop-75.rsf | mapreduceclientcore_algo-limbo_measure-il_serial-30_stop-25.rsf
911,WCA_vs_LIMBO,UEMNM_vs_IL,75_vs_25,90_vs_40,_vs_,83.78143972,0.075,mapreduceclientcore_algo-wca_measure-uemnm_serial-90_stop-75.rsf | mapreduceclientcore_algo-limbo_measure-il_serial-40_stop-25.rsf
912,WCA_vs_LIMBO,UEMNM_vs_IL,75_vs_25,90_vs_50,_vs_,84.02417962,0.02,mapreduceclientcore_algo-wca_measure-uemnm_serial-90_stop-75.rsf | mapreduceclientcore_algo-limbo_measure-il_serial-50_stop-25.rsf
913,WCA_vs_LIMBO,UEMNM_vs_IL,75_vs_50,90_vs_50,_vs_,84.02417962,0.02,mapreduceclientcore_algo-wca_measure-uemnm_serial-90_stop-75.rsf | mapreduceclientcore_algo-limbo_measure-il_serial-50_stop-50.rsf
914,WCA_vs_LIMBO,UEMNM_vs_IL,75_vs_25,90_vs_60,_vs_,84.04987102,0.016666667,mapreduceclientcore_algo-wca_measure-uemnm_serial-90_stop-75.rsf | mapreduceclientcore_algo-limbo_measure-il_serial-60_stop-25.rsf
915,WCA_vs_LIMBO,UEMNM_vs_IL,75_vs_50,90_vs_60,_vs_,84.04987102,0.016666667,mapreduceclientcore_algo-wca_measure-uemnm_serial-90_stop-75.rsf | mapreduceclientcore_algo-limbo_measure-il_serial-60_stop-50.rsf
916,WCA_vs_LIMBO,UEMNM_vs_IL,75_vs_25,90_vs_70,_vs_,84.1609589,0.014285714,mapreduceclientcore_algo-wca_measure-uemnm_serial-90_stop-75.rsf | mapreduceclientcore_algo-limbo_measure-il_serial-70_stop-25.rsf
917,WCA_vs_LIMBO,UEMNM_vs_IL,75_vs_50,90_vs_70,_vs_,84.1609589,0.014285714,mapreduceclientcore_algo-wca_measure-uemnm_serial-90_stop-75.rsf | mapreduceclientcore_algo-limbo_measure-il_serial-70_stop-50.rsf
918,WCA_vs_LIMBO,UEMNM_vs_IL,75_vs_25,90_vs_80,_vs_,84.27109974,0.025,mapreduceclientcore_algo-wca_measure-uemnm_serial-90_stop-75.rsf | mapreduceclientcore_algo-limbo_measure-il_serial-80_stop-25.rsf
919,WCA_vs_LIMBO,UEMNM_vs_IL,75_vs_50,90_vs_80,_vs_,84.27109974,0.025,mapreduceclientcore_algo-wca_measure-uemnm_serial-90_stop-75.rsf | mapreduceclientcore_algo-limbo_measure-il_serial-80_stop-50.rsf
920,WCA_vs_LIMBO,UEMNM_vs_IL,75_vs_75,90_vs_80,_vs_,84.27109974,0.025,mapreduceclientcore_algo-wca_measure-uemnm_serial-90_stop-75.rsf | mapreduceclientcore_algo-limbo_measure-il_serial-80_stop-75.rsf
921,WCA_vs_LIMBO,UEMNM_vs_IL,75_vs_25,90_vs_90,_vs_,84.21052632,0.022222222,mapreduceclientcore_algo-wca_measure-uemnm_serial-90_stop-75.rsf | mapreduceclientcore_algo-limbo_measure-il_serial-90_stop-25.rsf
922,WCA_vs_LIMBO,UEMNM_vs_IL,75_vs_50,90_vs_90,_vs_,84.21052632,0.022222222,mapreduceclientcore_algo-wca_measure-uemnm_serial-90_stop-75.rsf | mapreduceclientcore_algo-limbo_measure-il_serial-90_stop-50.rsf
923,WCA_vs_LIMBO,UEMNM_vs_IL,75_vs_75,90_vs_90,_vs_,84.21052632,0.022222222,mapreduceclientcore_algo-wca_measure-uemnm_serial-90_stop-75.rsf | mapreduceclientcore_algo-limbo_measure-il_serial-90_stop-75.rsf
924,WCA_vs_LIMBO,UEM_vs_IL,100_vs_100,100_vs_100,_vs_,85.73232323,0.04,mapreduceclientcore_algo-wca_measure-uem_serial-100_stop-100.rsf | mapreduceclientcore_algo-limbo_measure-il_serial-100_stop-100.rsf
925,WCA_vs_LIMBO,UEM_vs_IL,100_vs_25,100_vs_100,_vs_,85.73232323,0.04,mapreduceclientcore_algo-wca_measure-uem_serial-100_stop-100.rsf | mapreduceclientcore_algo-limbo_measure-il_serial-100_stop-25.rsf
926,WCA_vs_LIMBO,UEM_vs_IL,100_vs_50,100_vs_100,_vs_,85.73232323,0.04,mapreduceclientcore_algo-wca_measure-uem_serial-100_stop-100.rsf | mapreduceclientcore_algo-limbo_measure-il_serial-100_stop-50.rsf
927,WCA_vs_LIMBO,UEM_vs_IL,100_vs_75,100_vs_100,_vs_,85.73232323,0.04,mapreduceclientcore_algo-wca_measure-uem_serial-100_stop-100.rsf | mapreduceclientcore_algo-limbo_measure-il_serial-100_stop-75.rsf
928,WCA_vs_LIMBO,UEM_vs_IL,100_vs_100,100_vs_110,_vs_,85.12154233,0.027272727,mapreduceclientcore_algo-wca_measure-uem_serial-100_stop-100.rsf | mapreduceclientcore_algo-limbo_measure-il_serial-110_stop-100.rsf
929,WCA_vs_LIMBO,UEM_vs_IL,100_vs_25,100_vs_110,_vs_,85.12154233,0.027272727,mapreduceclientcore_algo-wca_measure-uem_serial-100_stop-100.rsf | mapreduceclientcore_algo-limbo_measure-il_serial-110_stop-25.rsf
930,WCA_vs_LIMBO,UEM_vs_IL,100_vs_50,100_vs_110,_vs_,85.12154233,0.027272727,mapreduceclientcore_algo-wca_measure-uem_serial-100_stop-100.rsf | mapreduceclientcore_algo-limbo_measure-il_serial-110_stop-50.rsf
931,WCA_vs_LIMBO,UEM_vs_IL,100_vs_75,100_vs_110,_vs_,85.12154233,0.027272727,mapreduceclientcore_algo-wca_measure-uem_serial-100_stop-100.rsf | mapreduceclientcore_algo-limbo_measure-il_serial-110_stop-75.rsf
932,WCA_vs_LIMBO,UEM_vs_IL,100_vs_25,100_vs_25,_vs_,80.31290743,0.08,mapreduceclientcore_algo-wca_measure-uem_serial-100_stop-100.rsf | mapreduceclientcore_algo-limbo_measure-il_serial-25_stop-25.rsf
933,WCA_vs_LIMBO,UEM_vs_IL,100_vs_25,100_vs_30,_vs_,82.30702515,0.066666667,mapreduceclientcore_algo-wca_measure-uem_serial-100_stop-100.rsf | mapreduceclientcore_algo-limbo_measure-il_serial-30_stop-25.rsf
934,WCA_vs_LIMBO,UEM_vs_IL,100_vs_25,100_vs_40,_vs_,84.32642487,0.175,mapreduceclientcore_algo-wca_measure-uem_serial-100_stop-100.rsf | mapreduceclientcore_algo-limbo_measure-il_serial-40_stop-25.rsf
935,WCA_vs_LIMBO,UEM_vs_IL,100_vs_25,100_vs_50,_vs_,84.99570077,0.12,mapreduceclientcore_algo-wca_measure-uem_serial-100_stop-100.rsf | mapreduceclientcore_algo-limbo_measure-il_serial-50_stop-25.rsf
936,WCA_vs_LIMBO,UEM_vs_IL,100_vs_50,100_vs_50,_vs_,84.99570077,0.12,mapreduceclientcore_algo-wca_measure-uem_serial-100_stop-100.rsf | mapreduceclientcore_algo-limbo_measure-il_serial-50_stop-50.rsf
937,WCA_vs_LIMBO,UEM_vs_IL,100_vs_25,100_vs_60,_vs_,85.44520548,0.1,mapreduceclientcore_algo-wca_measure-uem_serial-100_stop-100.rsf | mapreduceclientcore_algo-limbo_measure-il_serial-60_stop-25.rsf
938,WCA_vs_LIMBO,UEM_vs_IL,100_vs_50,100_vs_60,_vs_,85.44520548,0.1,mapreduceclientcore_algo-wca_measure-uem_serial-100_stop-100.rsf | mapreduceclientcore_algo-limbo_measure-il_serial-60_stop-50.rsf
939,WCA_vs_LIMBO,UEM_vs_IL,100_vs_25,100_vs_70,_vs_,85.76300085,0.1,mapreduceclientcore_algo-wca_measure-uem_serial-100_stop-100.rsf | mapreduceclientcore_algo-limbo_measure-il_serial-70_stop-25.rsf
940,WCA_vs_LIMBO,UEM_vs_IL,100_vs_50,100_vs_70,_vs_,85.76300085,0.1,mapreduceclientcore_algo-wca_measure-uem_serial-100_stop-100.rsf | mapreduceclientcore_algo-limbo_measure-il_serial-70_stop-50.rsf
941,WCA_vs_LIMBO,UEM_vs_IL,100_vs_25,100_vs_80,_vs_,85.44142615,0.075,mapreduceclientcore_algo-wca_measure-uem_serial-100_stop-100.rsf | mapreduceclientcore_algo-limbo_measure-il_serial-80_stop-25.rsf
942,WCA_vs_LIMBO,UEM_vs_IL,100_vs_50,100_vs_80,_vs_,85.44142615,0.075,mapreduceclientcore_algo-wca_measure-uem_serial-100_stop-100.rsf | mapreduceclientcore_algo-limbo_measure-il_serial-80_stop-50.rsf
943,WCA_vs_LIMBO,UEM_vs_IL,100_vs_75,100_vs_80,_vs_,85.44142615,0.075,mapreduceclientcore_algo-wca_measure-uem_serial-100_stop-100.rsf | mapreduceclientcore_algo-limbo_measure-il_serial-80_stop-75.rsf
944,WCA_vs_LIMBO,UEM_vs_IL,100_vs_25,100_vs_90,_vs_,85.75655114,0.066666667,mapreduceclientcore_algo-wca_measure-uem_serial-100_stop-100.rsf | mapreduceclientcore_algo-limbo_measure-il_serial-90_stop-25.rsf
945,WCA_vs_LIMBO,UEM_vs_IL,100_vs_50,100_vs_90,_vs_,85.75655114,0.066666667,mapreduceclientcore_algo-wca_measure-uem_serial-100_stop-100.rsf | mapreduceclientcore_algo-limbo_measure-il_serial-90_stop-50.rsf
946,WCA_vs_LIMBO,UEM_vs_IL,100_vs_75,100_vs_90,_vs_,85.75655114,0.066666667,mapreduceclientcore_algo-wca_measure-uem_serial-100_stop-100.rsf | mapreduceclientcore_algo-limbo_measure-il_serial-90_stop-75.rsf
947,WCA_vs_LIMBO,UEM_vs_IL,25_vs_100,100_vs_100,_vs_,85.73232323,0.04,mapreduceclientcore_algo-wca_measure-uem_serial-100_stop-25.rsf | mapreduceclientcore_algo-limbo_measure-il_serial-100_stop-100.rsf
948,WCA_vs_LIMBO,UEM_vs_IL,25_vs_25,100_vs_100,_vs_,85.73232323,0.04,mapreduceclientcore_algo-wca_measure-uem_serial-100_stop-25.rsf | mapreduceclientcore_algo-limbo_measure-il_serial-100_stop-25.rsf
949,WCA_vs_LIMBO,UEM_vs_IL,25_vs_50,100_vs_100,_vs_,85.73232323,0.04,mapreduceclientcore_algo-wca_measure-uem_serial-100_stop-25.rsf | mapreduceclientcore_algo-limbo_measure-il_serial-100_stop-50.rsf
950,WCA_vs_LIMBO,UEM_vs_IL,25_vs_75,100_vs_100,_vs_,85.73232323,0.04,mapreduceclientcore_algo-wca_measure-uem_serial-100_stop-25.rsf | mapreduceclientcore_algo-limbo_measure-il_serial-100_stop-75.rsf
951,WCA_vs_LIMBO,UEM_vs_IL,25_vs_100,100_vs_110,_vs_,85.12154233,0.027272727,mapreduceclientcore_algo-wca_measure-uem_serial-100_stop-25.rsf | mapreduceclientcore_algo-limbo_measure-il_serial-110_stop-100.rsf
952,WCA_vs_LIMBO,UEM_vs_IL,25_vs_25,100_vs_110,_vs_,85.12154233,0.027272727,mapreduceclientcore_algo-wca_measure-uem_serial-100_stop-25.rsf | mapreduceclientcore_algo-limbo_measure-il_serial-110_stop-25.rsf
953,WCA_vs_LIMBO,UEM_vs_IL,25_vs_50,100_vs_110,_vs_,85.12154233,0.027272727,mapreduceclientcore_algo-wca_measure-uem_serial-100_stop-25.rsf | mapreduceclientcore_algo-limbo_measure-il_serial-110_stop-50.rsf
954,WCA_vs_LIMBO,UEM_vs_IL,25_vs_75,100_vs_110,_vs_,85.12154233,0.027272727,mapreduceclientcore_algo-wca_measure-uem_serial-100_stop-25.rsf | mapreduceclientcore_algo-limbo_measure-il_serial-110_stop-75.rsf
955,WCA_vs_LIMBO,UEM_vs_IL,25_vs_25,100_vs_25,_vs_,80.31290743,0.08,mapreduceclientcore_algo-wca_measure-uem_serial-100_stop-25.rsf | mapreduceclientcore_algo-limbo_measure-il_serial-25_stop-25.rsf
956,WCA_vs_LIMBO,UEM_vs_IL,25_vs_25,100_vs_30,_vs_,82.30702515,0.066666667,mapreduceclientcore_algo-wca_measure-uem_serial-100_stop-25.rsf | mapreduceclientcore_algo-limbo_measure-il_serial-30_stop-25.rsf
957,WCA_vs_LIMBO,UEM_vs_IL,25_vs_25,100_vs_40,_vs_,84.32642487,0.175,mapreduceclientcore_algo-wca_measure-uem_serial-100_stop-25.rsf | mapreduceclientcore_algo-limbo_measure-il_serial-40_stop-25.rsf
958,WCA_vs_LIMBO,UEM_vs_IL,25_vs_25,100_vs_50,_vs_,84.99570077,0.12,mapreduceclientcore_algo-wca_measure-uem_serial-100_stop-25.rsf | mapreduceclientcore_algo-limbo_measure-il_serial-50_stop-25.rsf
959,WCA_vs_LIMBO,UEM_vs_IL,25_vs_50,100_vs_50,_vs_,84.99570077,0.12,mapreduceclientcore_algo-wca_measure-uem_serial-100_stop-25.rsf | mapreduceclientcore_algo-limbo_measure-il_serial-50_stop-50.rsf
960,WCA_vs_LIMBO,UEM_vs_IL,25_vs_25,100_vs_60,_vs_,85.44520548,0.1,mapreduceclientcore_algo-wca_measure-uem_serial-100_stop-25.rsf | mapreduceclientcore_algo-limbo_measure-il_serial-60_stop-25.rsf
961,WCA_vs_LIMBO,UEM_vs_IL,25_vs_50,100_vs_60,_vs_,85.44520548,0.1,mapreduceclientcore_algo-wca_measure-uem_serial-100_stop-25.rsf | mapreduceclientcore_algo-limbo_measure-il_serial-60_stop-50.rsf
962,WCA_vs_LIMBO,UEM_vs_IL,25_vs_25,100_vs_70,_vs_,85.76300085,0.1,mapreduceclientcore_algo-wca_measure-uem_serial-100_stop-25.rsf | mapreduceclientcore_algo-limbo_measure-il_serial-70_stop-25.rsf
963,WCA_vs_LIMBO,UEM_vs_IL,25_vs_50,100_vs_70,_vs_,85.76300085,0.1,mapreduceclientcore_algo-wca_measure-uem_serial-100_stop-25.rsf | mapreduceclientcore_algo-limbo_measure-il_serial-70_stop-50.rsf
964,WCA_vs_LIMBO,UEM_vs_IL,25_vs_25,100_vs_80,_vs_,85.44142615,0.075,mapreduceclientcore_algo-wca_measure-uem_serial-100_stop-25.rsf | mapreduceclientcore_algo-limbo_measure-il_serial-80_stop-25.rsf
965,WCA_vs_LIMBO,UEM_vs_IL,25_vs_50,100_vs_80,_vs_,85.44142615,0.075,mapreduceclientcore_algo-wca_measure-uem_serial-100_stop-25.rsf | mapreduceclientcore_algo-limbo_measure-il_serial-80_stop-50.rsf
966,WCA_vs_LIMBO,UEM_vs_IL,25_vs_75,100_vs_80,_vs_,85.44142615,0.075,mapreduceclientcore_algo-wca_measure-uem_serial-100_stop-25.rsf | mapreduceclientcore_algo-limbo_measure-il_serial-80_stop-75.rsf
967,WCA_vs_LIMBO,UEM_vs_IL,25_vs_25,100_vs_90,_vs_,85.75655114,0.066666667,mapreduceclientcore_algo-wca_measure-uem_serial-100_stop-25.rsf | mapreduceclientcore_algo-limbo_measure-il_serial-90_stop-25.rsf
968,WCA_vs_LIMBO,UEM_vs_IL,25_vs_50,100_vs_90,_vs_,85.75655114,0.066666667,mapreduceclientcore_algo-wca_measure-uem_serial-100_stop-25.rsf | mapreduceclientcore_algo-limbo_measure-il_serial-90_stop-50.rsf
969,WCA_vs_LIMBO,UEM_vs_IL,25_vs_75,100_vs_90,_vs_,85.75655114,0.066666667,mapreduceclientcore_algo-wca_measure-uem_serial-100_stop-25.rsf | mapreduceclientcore_algo-limbo_measure-il_serial-90_stop-75.rsf
970,WCA_vs_LIMBO,UEM_vs_IL,50_vs_100,100_vs_100,_vs_,85.73232323,0.04,mapreduceclientcore_algo-wca_measure-uem_serial-100_stop-50.rsf | mapreduceclientcore_algo-limbo_measure-il_serial-100_stop-100.rsf
971,WCA_vs_LIMBO,UEM_vs_IL,50_vs_25,100_vs_100,_vs_,85.73232323,0.04,mapreduceclientcore_algo-wca_measure-uem_serial-100_stop-50.rsf | mapreduceclientcore_algo-limbo_measure-il_serial-100_stop-25.rsf
972,WCA_vs_LIMBO,UEM_vs_IL,50_vs_50,100_vs_100,_vs_,85.73232323,0.04,mapreduceclientcore_algo-wca_measure-uem_serial-100_stop-50.rsf | mapreduceclientcore_algo-limbo_measure-il_serial-100_stop-50.rsf
973,WCA_vs_LIMBO,UEM_vs_IL,50_vs_75,100_vs_100,_vs_,85.73232323,0.04,mapreduceclientcore_algo-wca_measure-uem_serial-100_stop-50.rsf | mapreduceclientcore_algo-limbo_measure-il_serial-100_stop-75.rsf
974,WCA_vs_LIMBO,UEM_vs_IL,50_vs_100,100_vs_110,_vs_,85.12154233,0.027272727,mapreduceclientcore_algo-wca_measure-uem_serial-100_stop-50.rsf | mapreduceclientcore_algo-limbo_measure-il_serial-110_stop-100.rsf
975,WCA_vs_LIMBO,UEM_vs_IL,50_vs_25,100_vs_110,_vs_,85.12154233,0.027272727,mapreduceclientcore_algo-wca_measure-uem_serial-100_stop-50.rsf | mapreduceclientcore_algo-limbo_measure-il_serial-110_stop-25.rsf
976,WCA_vs_LIMBO,UEM_vs_IL,50_vs_50,100_vs_110,_vs_,85.12154233,0.027272727,mapreduceclientcore_algo-wca_measure-uem_serial-100_stop-50.rsf | mapreduceclientcore_algo-limbo_measure-il_serial-110_stop-50.rsf
977,WCA_vs_LIMBO,UEM_vs_IL,50_vs_75,100_vs_110,_vs_,85.12154233,0.027272727,mapreduceclientcore_algo-wca_measure-uem_serial-100_stop-50.rsf | mapreduceclientcore_algo-limbo_measure-il_serial-110_stop-75.rsf
978,WCA_vs_LIMBO,UEM_vs_IL,50_vs_25,100_vs_25,_vs_,80.31290743,0.08,mapreduceclientcore_algo-wca_measure-uem_serial-100_stop-50.rsf | mapreduceclientcore_algo-limbo_measure-il_serial-25_stop-25.rsf
979,WCA_vs_LIMBO,UEM_vs_IL,50_vs_25,100_vs_30,_vs_,82.30702515,0.066666667,mapreduceclientcore_algo-wca_measure-uem_serial-100_stop-50.rsf | mapreduceclientcore_algo-limbo_measure-il_serial-30_stop-25.rsf
980,WCA_vs_LIMBO,UEM_vs_IL,50_vs_25,100_vs_40,_vs_,84.32642487,0.175,mapreduceclientcore_algo-wca_measure-uem_serial-100_stop-50.rsf | mapreduceclientcore_algo-limbo_measure-il_serial-40_stop-25.rsf
981,WCA_vs_LIMBO,UEM_vs_IL,50_vs_25,100_vs_50,_vs_,84.99570077,0.12,mapreduceclientcore_algo-wca_measure-uem_serial-100_stop-50.rsf | mapreduceclientcore_algo-limbo_measure-il_serial-50_stop-25.rsf
982,WCA_vs_LIMBO,UEM_vs_IL,50_vs_50,100_vs_50,_vs_,84.99570077,0.12,mapreduceclientcore_algo-wca_measure-uem_serial-100_stop-50.rsf | mapreduceclientcore_algo-limbo_measure-il_serial-50_stop-50.rsf
983,WCA_vs_LIMBO,UEM_vs_IL,50_vs_25,100_vs_60,_vs_,85.44520548,0.1,mapreduceclientcore_algo-wca_measure-uem_serial-100_stop-50.rsf | mapreduceclientcore_algo-limbo_measure-il_serial-60_stop-25.rsf
984,WCA_vs_LIMBO,UEM_vs_IL,50_vs_50,100_vs_60,_vs_,85.44520548,0.1,mapreduceclientcore_algo-wca_measure-uem_serial-100_stop-50.rsf | mapreduceclientcore_algo-limbo_measure-il_serial-60_stop-50.rsf
985,WCA_vs_LIMBO,UEM_vs_IL,50_vs_25,100_vs_70,_vs_,85.76300085,0.1,mapreduceclientcore_algo-wca_measure-uem_serial-100_stop-50.rsf | mapreduceclientcore_algo-limbo_measure-il_serial-70_stop-25.rsf
986,WCA_vs_LIMBO,UEM_vs_IL,50_vs_50,100_vs_70,_vs_,85.76300085,0.1,mapreduceclientcore_algo-wca_measure-uem_serial-100_stop-50.rsf | mapreduceclientcore_algo-limbo_measure-il_serial-70_stop-50.rsf
987,WCA_vs_LIMBO,UEM_vs_IL,50_vs_25,100_vs_80,_vs_,85.44142615,0.075,mapreduceclientcore_algo-wca_measure-uem_serial-100_stop-50.rsf | mapreduceclientcore_algo-limbo_measure-il_serial-80_stop-25.rsf
988,WCA_vs_LIMBO,UEM_vs_IL,50_vs_50,100_vs_80,_vs_,85.44142615,0.075,mapreduceclientcore_algo-wca_measure-uem_serial-100_stop-50.rsf | mapreduceclientcore_algo-limbo_measure-il_serial-80_stop-50.rsf
989,WCA_vs_LIMBO,UEM_vs_IL,50_vs_75,100_vs_80,_vs_,85.44142615,0.075,mapreduceclientcore_algo-wca_measure-uem_serial-100_stop-50.rsf | mapreduceclientcore_algo-limbo_measure-il_serial-80_stop-75.rsf
990,WCA_vs_LIMBO,UEM_vs_IL,50_vs_25,100_vs_90,_vs_,85.75655114,0.066666667,mapreduceclientcore_algo-wca_measure-uem_serial-100_stop-50.rsf | mapreduceclientcore_algo-limbo_measure-il_serial-90_stop-25.rsf
991,WCA_vs_LIMBO,UEM_vs_IL,50_vs_50,100_vs_90,_vs_,85.75655114,0.066666667,mapreduceclientcore_algo-wca_measure-uem_serial-100_stop-50.rsf | mapreduceclientcore_algo-limbo_measure-il_serial-90_stop-50.rsf
992,WCA_vs_LIMBO,UEM_vs_IL,50_vs_75,100_vs_90,_vs_,85.75655114,0.066666667,mapreduceclientcore_algo-wca_measure-uem_serial-100_stop-50.rsf | mapreduceclientcore_algo-limbo_measure-il_serial-90_stop-75.rsf
993,WCA_vs_LIMBO,UEM_vs_IL,75_vs_100,100_vs_100,_vs_,85.73232323,0.04,mapreduceclientcore_algo-wca_measure-uem_serial-100_stop-75.rsf | mapreduceclientcore_algo-limbo_measure-il_serial-100_stop-100.rsf
994,WCA_vs_LIMBO,UEM_vs_IL,75_vs_25,100_vs_100,_vs_,85.73232323,0.04,mapreduceclientcore_algo-wca_measure-uem_serial-100_stop-75.rsf | mapreduceclientcore_algo-limbo_measure-il_serial-100_stop-25.rsf
995,WCA_vs_LIMBO,UEM_vs_IL,75_vs_50,100_vs_100,_vs_,85.73232323,0.04,mapreduceclientcore_algo-wca_measure-uem_serial-100_stop-75.rsf | mapreduceclientcore_algo-limbo_measure-il_serial-100_stop-50.rsf
996,WCA_vs_LIMBO,UEM_vs_IL,75_vs_75,100_vs_100,_vs_,85.73232323,0.04,mapreduceclientcore_algo-wca_measure-uem_serial-100_stop-75.rsf | mapreduceclientcore_algo-limbo_measure-il_serial-100_stop-75.rsf
997,WCA_vs_LIMBO,UEM_vs_IL,75_vs_100,100_vs_110,_vs_,85.12154233,0.027272727,mapreduceclientcore_algo-wca_measure-uem_serial-100_stop-75.rsf | mapreduceclientcore_algo-limbo_measure-il_serial-110_stop-100.rsf
998,WCA_vs_LIMBO,UEM_vs_IL,75_vs_25,100_vs_110,_vs_,85.12154233,0.027272727,mapreduceclientcore_algo-wca_measure-uem_serial-100_stop-75.rsf | mapreduceclientcore_algo-limbo_measure-il_serial-110_stop-25.rsf
999,WCA_vs_LIMBO,UEM_vs_IL,75_vs_50,100_vs_110,_vs_,85.12154233,0.027272727,mapreduceclientcore_algo-wca_measure-uem_serial-100_stop-75.rsf | mapreduceclientcore_algo-limbo_measure-il_serial-110_stop-50.rsf
1000,WCA_vs_LIMBO,UEM_vs_IL,75_vs_75,100_vs_110,_vs_,85.12154233,0.027272727,mapreduceclientcore_algo-wca_measure-uem_serial-100_stop-75.rsf | mapreduceclientcore_algo-limbo_measure-il_serial-110_stop-75.rsf
1001,WCA_vs_LIMBO,UEM_vs_IL,75_vs_25,100_vs_25,_vs_,80.31290743,0.08,mapreduceclientcore_algo-wca_measure-uem_serial-100_stop-75.rsf | mapreduceclientcore_algo-limbo_measure-il_serial-25_stop-25.rsf
1002,WCA_vs_LIMBO,UEM_vs_IL,75_vs_25,100_vs_30,_vs_,82.30702515,0.066666667,mapreduceclientcore_algo-wca_measure-uem_serial-100_stop-75.rsf | mapreduceclientcore_algo-limbo_measure-il_serial-30_stop-25.rsf
1003,WCA_vs_LIMBO,UEM_vs_IL,75_vs_25,100_vs_40,_vs_,84.32642487,0.175,mapreduceclientcore_algo-wca_measure-uem_serial-100_stop-75.rsf | mapreduceclientcore_algo-limbo_measure-il_serial-40_stop-25.rsf
1004,WCA_vs_LIMBO,UEM_vs_IL,75_vs_25,100_vs_50,_vs_,84.99570077,0.12,mapreduceclientcore_algo-wca_measure-uem_serial-100_stop-75.rsf | mapreduceclientcore_algo-limbo_measure-il_serial-50_stop-25.rsf
1005,WCA_vs_LIMBO,UEM_vs_IL,75_vs_50,100_vs_50,_vs_,84.99570077,0.12,mapreduceclientcore_algo-wca_measure-uem_serial-100_stop-75.rsf | mapreduceclientcore_algo-limbo_measure-il_serial-50_stop-50.rsf
1006,WCA_vs_LIMBO,UEM_vs_IL,75_vs_25,100_vs_60,_vs_,85.44520548,0.1,mapreduceclientcore_algo-wca_measure-uem_serial-100_stop-75.rsf | mapreduceclientcore_algo-limbo_measure-il_serial-60_stop-25.rsf
1007,WCA_vs_LIMBO,UEM_vs_IL,75_vs_50,100_vs_60,_vs_,85.44520548,0.1,mapreduceclientcore_algo-wca_measure-uem_serial-100_stop-75.rsf | mapreduceclientcore_algo-limbo_measure-il_serial-60_stop-50.rsf
1008,WCA_vs_LIMBO,UEM_vs_IL,75_vs_25,100_vs_70,_vs_,85.76300085,0.1,mapreduceclientcore_algo-wca_measure-uem_serial-100_stop-75.rsf | mapreduceclientcore_algo-limbo_measure-il_serial-70_stop-25.rsf
1009,WCA_vs_LIMBO,UEM_vs_IL,75_vs_50,100_vs_70,_vs_,85.76300085,0.1,mapreduceclientcore_algo-wca_measure-uem_serial-100_stop-75.rsf | mapreduceclientcore_algo-limbo_measure-il_serial-70_stop-50.rsf
1010,WCA_vs_LIMBO,UEM_vs_IL,75_vs_25,100_vs_80,_vs_,85.44142615,0.075,mapreduceclientcore_algo-wca_measure-uem_serial-100_stop-75.rsf | mapreduceclientcore_algo-limbo_measure-il_serial-80_stop-25.rsf
1011,WCA_vs_LIMBO,UEM_vs_IL,75_vs_50,100_vs_80,_vs_,85.44142615,0.075,mapreduceclientcore_algo-wca_measure-uem_serial-100_stop-75.rsf | mapreduceclientcore_algo-limbo_measure-il_serial-80_stop-50.rsf
1012,WCA_vs_LIMBO,UEM_vs_IL,75_vs_75,100_vs_80,_vs_,85.44142615,0.075,mapreduceclientcore_algo-wca_measure-uem_serial-100_stop-75.rsf | mapreduceclientcore_algo-limbo_measure-il_serial-80_stop-75.rsf
1013,WCA_vs_LIMBO,UEM_vs_IL,75_vs_25,100_vs_90,_vs_,85.75655114,0.066666667,mapreduceclientcore_algo-wca_measure-uem_serial-100_stop-75.rsf | mapreduceclientcore_algo-limbo_measure-il_serial-90_stop-25.rsf
1014,WCA_vs_LIMBO,UEM_vs_IL,75_vs_50,100_vs_90,_vs_,85.75655114,0.066666667,mapreduceclientcore_algo-wca_measure-uem_serial-100_stop-75.rsf | mapreduceclientcore_algo-limbo_measure-il_serial-90_stop-50.rsf
1015,WCA_vs_LIMBO,UEM_vs_IL,75_vs_75,100_vs_90,_vs_,85.75655114,0.066666667,mapreduceclientcore_algo-wca_measure-uem_serial-100_stop-75.rsf | mapreduceclientcore_algo-limbo_measure-il_serial-90_stop-75.rsf
1016,WCA_vs_LIMBO,UEM_vs_IL,100_vs_100,110_vs_100,_vs_,86.92372171,0.13,mapreduceclientcore_algo-wca_measure-uem_serial-110_stop-100.rsf | mapreduceclientcore_algo-limbo_measure-il_serial-100_stop-100.rsf
1017,WCA_vs_LIMBO,UEM_vs_IL,100_vs_25,110_vs_100,_vs_,86.92372171,0.13,mapreduceclientcore_algo-wca_measure-uem_serial-110_stop-100.rsf | mapreduceclientcore_algo-limbo_measure-il_serial-100_stop-25.rsf
1018,WCA_vs_LIMBO,UEM_vs_IL,100_vs_50,110_vs_100,_vs_,86.92372171,0.13,mapreduceclientcore_algo-wca_measure-uem_serial-110_stop-100.rsf | mapreduceclientcore_algo-limbo_measure-il_serial-100_stop-50.rsf
1019,WCA_vs_LIMBO,UEM_vs_IL,100_vs_75,110_vs_100,_vs_,86.92372171,0.13,mapreduceclientcore_algo-wca_measure-uem_serial-110_stop-100.rsf | mapreduceclientcore_algo-limbo_measure-il_serial-100_stop-75.rsf
1020,WCA_vs_LIMBO,UEM_vs_IL,100_vs_100,110_vs_110,_vs_,87.14524207,0.109090909,mapreduceclientcore_algo-wca_measure-uem_serial-110_stop-100.rsf | mapreduceclientcore_algo-limbo_measure-il_serial-110_stop-100.rsf
1021,WCA_vs_LIMBO,UEM_vs_IL,100_vs_25,110_vs_110,_vs_,87.14524207,0.109090909,mapreduceclientcore_algo-wca_measure-uem_serial-110_stop-100.rsf | mapreduceclientcore_algo-limbo_measure-il_serial-110_stop-25.rsf
1022,WCA_vs_LIMBO,UEM_vs_IL,100_vs_50,110_vs_110,_vs_,87.14524207,0.109090909,mapreduceclientcore_algo-wca_measure-uem_serial-110_stop-100.rsf | mapreduceclientcore_algo-limbo_measure-il_serial-110_stop-50.rsf
1023,WCA_vs_LIMBO,UEM_vs_IL,100_vs_75,110_vs_110,_vs_,87.14524207,0.109090909,mapreduceclientcore_algo-wca_measure-uem_serial-110_stop-100.rsf | mapreduceclientcore_algo-limbo_measure-il_serial-110_stop-75.rsf
1024,WCA_vs_LIMBO,UEM_vs_IL,100_vs_25,110_vs_25,_vs_,80.44136737,0.36,mapreduceclientcore_algo-wca_measure-uem_serial-110_stop-100.rsf | mapreduceclientcore_algo-limbo_measure-il_serial-25_stop-25.rsf
1025,WCA_vs_LIMBO,UEM_vs_IL,100_vs_25,110_vs_30,_vs_,82.16753022,0.3,mapreduceclientcore_algo-wca_measure-uem_serial-110_stop-100.rsf | mapreduceclientcore_algo-limbo_measure-il_serial-30_stop-25.rsf
1026,WCA_vs_LIMBO,UEM_vs_IL,100_vs_25,110_vs_40,_vs_,84.22184007,0.325,mapreduceclientcore_algo-wca_measure-uem_serial-110_stop-100.rsf | mapreduceclientcore_algo-limbo_measure-il_serial-40_stop-25.rsf
1027,WCA_vs_LIMBO,UEM_vs_IL,100_vs_25,110_vs_50,_vs_,85.2739726,0.26,mapreduceclientcore_algo-wca_measure-uem_serial-110_stop-100.rsf | mapreduceclientcore_algo-limbo_measure-il_serial-50_stop-25.rsf
1028,WCA_vs_LIMBO,UEM_vs_IL,100_vs_50,110_vs_50,_vs_,85.2739726,0.26,mapreduceclientcore_algo-wca_measure-uem_serial-110_stop-100.rsf | mapreduceclientcore_algo-limbo_measure-il_serial-50_stop-50.rsf
1029,WCA_vs_LIMBO,UEM_vs_IL,100_vs_25,110_vs_60,_vs_,86.2745098,0.233333333,mapreduceclientcore_algo-wca_measure-uem_serial-110_stop-100.rsf | mapreduceclientcore_algo-limbo_measure-il_serial-60_stop-25.rsf
1030,WCA_vs_LIMBO,UEM_vs_IL,100_vs_50,110_vs_60,_vs_,86.2745098,0.233333333,mapreduceclientcore_algo-wca_measure-uem_serial-110_stop-100.rsf | mapreduceclientcore_algo-limbo_measure-il_serial-60_stop-50.rsf
1031,WCA_vs_LIMBO,UEM_vs_IL,100_vs_25,110_vs_70,_vs_,86.58743633,0.228571429,mapreduceclientcore_algo-wca_measure-uem_serial-110_stop-100.rsf | mapreduceclientcore_algo-limbo_measure-il_serial-70_stop-25.rsf
1032,WCA_vs_LIMBO,UEM_vs_IL,100_vs_50,110_vs_70,_vs_,86.58743633,0.228571429,mapreduceclientcore_algo-wca_measure-uem_serial-110_stop-100.rsf | mapreduceclientcore_algo-limbo_measure-il_serial-70_stop-50.rsf
1033,WCA_vs_LIMBO,UEM_vs_IL,100_vs_25,110_vs_80,_vs_,86.72865596,0.2,mapreduceclientcore_algo-wca_measure-uem_serial-110_stop-100.rsf | mapreduceclientcore_algo-limbo_measure-il_serial-80_stop-25.rsf
1034,WCA_vs_LIMBO,UEM_vs_IL,100_vs_50,110_vs_80,_vs_,86.72865596,0.2,mapreduceclientcore_algo-wca_measure-uem_serial-110_stop-100.rsf | mapreduceclientcore_algo-limbo_measure-il_serial-80_stop-50.rsf
1035,WCA_vs_LIMBO,UEM_vs_IL,100_vs_75,110_vs_80,_vs_,86.72865596,0.2,mapreduceclientcore_algo-wca_measure-uem_serial-110_stop-100.rsf | mapreduceclientcore_algo-limbo_measure-il_serial-80_stop-75.rsf
1036,WCA_vs_LIMBO,UEM_vs_IL,100_vs_25,110_vs_90,_vs_,87.07912458,0.177777778,mapreduceclientcore_algo-wca_measure-uem_serial-110_stop-100.rsf | mapreduceclientcore_algo-limbo_measure-il_serial-90_stop-25.rsf
1037,WCA_vs_LIMBO,UEM_vs_IL,100_vs_50,110_vs_90,_vs_,87.07912458,0.177777778,mapreduceclientcore_algo-wca_measure-uem_serial-110_stop-100.rsf | mapreduceclientcore_algo-limbo_measure-il_serial-90_stop-50.rsf
1038,WCA_vs_LIMBO,UEM_vs_IL,100_vs_75,110_vs_90,_vs_,87.07912458,0.177777778,mapreduceclientcore_algo-wca_measure-uem_serial-110_stop-100.rsf | mapreduceclientcore_algo-limbo_measure-il_serial-90_stop-75.rsf
1039,WCA_vs_LIMBO,UEM_vs_IL,25_vs_100,110_vs_100,_vs_,86.92372171,0.13,mapreduceclientcore_algo-wca_measure-uem_serial-110_stop-25.rsf | mapreduceclientcore_algo-limbo_measure-il_serial-100_stop-100.rsf
1040,WCA_vs_LIMBO,UEM_vs_IL,25_vs_25,110_vs_100,_vs_,86.92372171,0.13,mapreduceclientcore_algo-wca_measure-uem_serial-110_stop-25.rsf | mapreduceclientcore_algo-limbo_measure-il_serial-100_stop-25.rsf
1041,WCA_vs_LIMBO,UEM_vs_IL,25_vs_50,110_vs_100,_vs_,86.92372171,0.13,mapreduceclientcore_algo-wca_measure-uem_serial-110_stop-25.rsf | mapreduceclientcore_algo-limbo_measure-il_serial-100_stop-50.rsf
1042,WCA_vs_LIMBO,UEM_vs_IL,25_vs_75,110_vs_100,_vs_,86.92372171,0.13,mapreduceclientcore_algo-wca_measure-uem_serial-110_stop-25.rsf | mapreduceclientcore_algo-limbo_measure-il_serial-100_stop-75.rsf
1043,WCA_vs_LIMBO,UEM_vs_IL,25_vs_100,110_vs_110,_vs_,87.14524207,0.109090909,mapreduceclientcore_algo-wca_measure-uem_serial-110_stop-25.rsf | mapreduceclientcore_algo-limbo_measure-il_serial-110_stop-100.rsf
1044,WCA_vs_LIMBO,UEM_vs_IL,25_vs_25,110_vs_110,_vs_,87.14524207,0.109090909,mapreduceclientcore_algo-wca_measure-uem_serial-110_stop-25.rsf | mapreduceclientcore_algo-limbo_measure-il_serial-110_stop-25.rsf
1045,WCA_vs_LIMBO,UEM_vs_IL,25_vs_50,110_vs_110,_vs_,87.14524207,0.109090909,mapreduceclientcore_algo-wca_measure-uem_serial-110_stop-25.rsf | mapreduceclientcore_algo-limbo_measure-il_serial-110_stop-50.rsf
1046,WCA_vs_LIMBO,UEM_vs_IL,25_vs_75,110_vs_110,_vs_,87.14524207,0.109090909,mapreduceclientcore_algo-wca_measure-uem_serial-110_stop-25.rsf | mapreduceclientcore_algo-limbo_measure-il_serial-110_stop-75.rsf
1047,WCA_vs_LIMBO,UEM_vs_IL,25_vs_25,110_vs_25,_vs_,80.44136737,0.36,mapreduceclientcore_algo-wca_measure-uem_serial-110_stop-25.rsf | mapreduceclientcore_algo-limbo_measure-il_serial-25_stop-25.rsf
1048,WCA_vs_LIMBO,UEM_vs_IL,25_vs_25,110_vs_30,_vs_,82.16753022,0.3,mapreduceclientcore_algo-wca_measure-uem_serial-110_stop-25.rsf | mapreduceclientcore_algo-limbo_measure-il_serial-30_stop-25.rsf
1049,WCA_vs_LIMBO,UEM_vs_IL,25_vs_25,110_vs_40,_vs_,84.22184007,0.325,mapreduceclientcore_algo-wca_measure-uem_serial-110_stop-25.rsf | mapreduceclientcore_algo-limbo_measure-il_serial-40_stop-25.rsf
1050,WCA_vs_LIMBO,UEM_vs_IL,25_vs_25,110_vs_50,_vs_,85.2739726,0.26,mapreduceclientcore_algo-wca_measure-uem_serial-110_stop-25.rsf | mapreduceclientcore_algo-limbo_measure-il_serial-50_stop-25.rsf
1051,WCA_vs_LIMBO,UEM_vs_IL,25_vs_50,110_vs_50,_vs_,85.2739726,0.26,mapreduceclientcore_algo-wca_measure-uem_serial-110_stop-25.rsf | mapreduceclientcore_algo-limbo_measure-il_serial-50_stop-50.rsf
1052,WCA_vs_LIMBO,UEM_vs_IL,25_vs_25,110_vs_60,_vs_,86.2745098,0.233333333,mapreduceclientcore_algo-wca_measure-uem_serial-110_stop-25.rsf | mapreduceclientcore_algo-limbo_measure-il_serial-60_stop-25.rsf
1053,WCA_vs_LIMBO,UEM_vs_IL,25_vs_50,110_vs_60,_vs_,86.2745098,0.233333333,mapreduceclientcore_algo-wca_measure-uem_serial-110_stop-25.rsf | mapreduceclientcore_algo-limbo_measure-il_serial-60_stop-50.rsf
1054,WCA_vs_LIMBO,UEM_vs_IL,25_vs_25,110_vs_70,_vs_,86.58743633,0.228571429,mapreduceclientcore_algo-wca_measure-uem_serial-110_stop-25.rsf | mapreduceclientcore_algo-limbo_measure-il_serial-70_stop-25.rsf
1055,WCA_vs_LIMBO,UEM_vs_IL,25_vs_50,110_vs_70,_vs_,86.58743633,0.228571429,mapreduceclientcore_algo-wca_measure-uem_serial-110_stop-25.rsf | mapreduceclientcore_algo-limbo_measure-il_serial-70_stop-50.rsf
1056,WCA_vs_LIMBO,UEM_vs_IL,25_vs_25,110_vs_80,_vs_,86.72865596,0.2,mapreduceclientcore_algo-wca_measure-uem_serial-110_stop-25.rsf | mapreduceclientcore_algo-limbo_measure-il_serial-80_stop-25.rsf
1057,WCA_vs_LIMBO,UEM_vs_IL,25_vs_50,110_vs_80,_vs_,86.72865596,0.2,mapreduceclientcore_algo-wca_measure-uem_serial-110_stop-25.rsf | mapreduceclientcore_algo-limbo_measure-il_serial-80_stop-50.rsf
1058,WCA_vs_LIMBO,UEM_vs_IL,25_vs_75,110_vs_80,_vs_,86.72865596,0.2,mapreduceclientcore_algo-wca_measure-uem_serial-110_stop-25.rsf | mapreduceclientcore_algo-limbo_measure-il_serial-80_stop-75.rsf
1059,WCA_vs_LIMBO,UEM_vs_IL,25_vs_25,110_vs_90,_vs_,87.07912458,0.177777778,mapreduceclientcore_algo-wca_measure-uem_serial-110_stop-25.rsf | mapreduceclientcore_algo-limbo_measure-il_serial-90_stop-25.rsf
1060,WCA_vs_LIMBO,UEM_vs_IL,25_vs_50,110_vs_90,_vs_,87.07912458,0.177777778,mapreduceclientcore_algo-wca_measure-uem_serial-110_stop-25.rsf | mapreduceclientcore_algo-limbo_measure-il_serial-90_stop-50.rsf
1061,WCA_vs_LIMBO,UEM_vs_IL,25_vs_75,110_vs_90,_vs_,87.07912458,0.177777778,mapreduceclientcore_algo-wca_measure-uem_serial-110_stop-25.rsf | mapreduceclientcore_algo-limbo_measure-il_serial-90_stop-75.rsf
1062,WCA_vs_LIMBO,UEM_vs_IL,50_vs_100,110_vs_100,_vs_,86.92372171,0.13,mapreduceclientcore_algo-wca_measure-uem_serial-110_stop-50.rsf | mapreduceclientcore_algo-limbo_measure-il_serial-100_stop-100.rsf
1063,WCA_vs_LIMBO,UEM_vs_IL,50_vs_25,110_vs_100,_vs_,86.92372171,0.13,mapreduceclientcore_algo-wca_measure-uem_serial-110_stop-50.rsf | mapreduceclientcore_algo-limbo_measure-il_serial-100_stop-25.rsf
1064,WCA_vs_LIMBO,UEM_vs_IL,50_vs_50,110_vs_100,_vs_,86.92372171,0.13,mapreduceclientcore_algo-wca_measure-uem_serial-110_stop-50.rsf | mapreduceclientcore_algo-limbo_measure-il_serial-100_stop-50.rsf
1065,WCA_vs_LIMBO,UEM_vs_IL,50_vs_75,110_vs_100,_vs_,86.92372171,0.13,mapreduceclientcore_algo-wca_measure-uem_serial-110_stop-50.rsf | mapreduceclientcore_algo-limbo_measure-il_serial-100_stop-75.rsf
1066,WCA_vs_LIMBO,UEM_vs_IL,50_vs_100,110_vs_110,_vs_,87.14524207,0.109090909,mapreduceclientcore_algo-wca_measure-uem_serial-110_stop-50.rsf | mapreduceclientcore_algo-limbo_measure-il_serial-110_stop-100.rsf
1067,WCA_vs_LIMBO,UEM_vs_IL,50_vs_25,110_vs_110,_vs_,87.14524207,0.109090909,mapreduceclientcore_algo-wca_measure-uem_serial-110_stop-50.rsf | mapreduceclientcore_algo-limbo_measure-il_serial-110_stop-25.rsf
1068,WCA_vs_LIMBO,UEM_vs_IL,50_vs_50,110_vs_110,_vs_,87.14524207,0.109090909,mapreduceclientcore_algo-wca_measure-uem_serial-110_stop-50.rsf | mapreduceclientcore_algo-limbo_measure-il_serial-110_stop-50.rsf
1069,WCA_vs_LIMBO,UEM_vs_IL,50_vs_75,110_vs_110,_vs_,87.14524207,0.109090909,mapreduceclientcore_algo-wca_measure-uem_serial-110_stop-50.rsf | mapreduceclientcore_algo-limbo_measure-il_serial-110_stop-75.rsf
1070,WCA_vs_LIMBO,UEM_vs_IL,50_vs_25,110_vs_25,_vs_,80.44136737,0.36,mapreduceclientcore_algo-wca_measure-uem_serial-110_stop-50.rsf | mapreduceclientcore_algo-limbo_measure-il_serial-25_stop-25.rsf
1071,WCA_vs_LIMBO,UEM_vs_IL,50_vs_25,110_vs_30,_vs_,82.16753022,0.3,mapreduceclientcore_algo-wca_measure-uem_serial-110_stop-50.rsf | mapreduceclientcore_algo-limbo_measure-il_serial-30_stop-25.rsf
1072,WCA_vs_LIMBO,UEM_vs_IL,50_vs_25,110_vs_40,_vs_,84.22184007,0.325,mapreduceclientcore_algo-wca_measure-uem_serial-110_stop-50.rsf | mapreduceclientcore_algo-limbo_measure-il_serial-40_stop-25.rsf
1073,WCA_vs_LIMBO,UEM_vs_IL,50_vs_25,110_vs_50,_vs_,85.2739726,0.26,mapreduceclientcore_algo-wca_measure-uem_serial-110_stop-50.rsf | mapreduceclientcore_algo-limbo_measure-il_serial-50_stop-25.rsf
1074,WCA_vs_LIMBO,UEM_vs_IL,50_vs_50,110_vs_50,_vs_,85.2739726,0.26,mapreduceclientcore_algo-wca_measure-uem_serial-110_stop-50.rsf | mapreduceclientcore_algo-limbo_measure-il_serial-50_stop-50.rsf
1075,WCA_vs_LIMBO,UEM_vs_IL,50_vs_25,110_vs_60,_vs_,86.2745098,0.233333333,mapreduceclientcore_algo-wca_measure-uem_serial-110_stop-50.rsf | mapreduceclientcore_algo-limbo_measure-il_serial-60_stop-25.rsf
1076,WCA_vs_LIMBO,UEM_vs_IL,50_vs_50,110_vs_60,_vs_,86.2745098,0.233333333,mapreduceclientcore_algo-wca_measure-uem_serial-110_stop-50.rsf | mapreduceclientcore_algo-limbo_measure-il_serial-60_stop-50.rsf
1077,WCA_vs_LIMBO,UEM_vs_IL,50_vs_25,110_vs_70,_vs_,86.58743633,0.228571429,mapreduceclientcore_algo-wca_measure-uem_serial-110_stop-50.rsf | mapreduceclientcore_algo-limbo_measure-il_serial-70_stop-25.rsf
1078,WCA_vs_LIMBO,UEM_vs_IL,50_vs_50,110_vs_70,_vs_,86.58743633,0.228571429,mapreduceclientcore_algo-wca_measure-uem_serial-110_stop-50.rsf | mapreduceclientcore_algo-limbo_measure-il_serial-70_stop-50.rsf
1079,WCA_vs_LIMBO,UEM_vs_IL,50_vs_25,110_vs_80,_vs_,86.72865596,0.2,mapreduceclientcore_algo-wca_measure-uem_serial-110_stop-50.rsf | mapreduceclientcore_algo-limbo_measure-il_serial-80_stop-25.rsf
1080,WCA_vs_LIMBO,UEM_vs_IL,50_vs_50,110_vs_80,_vs_,86.72865596,0.2,mapreduceclientcore_algo-wca_measure-uem_serial-110_stop-50.rsf | mapreduceclientcore_algo-limbo_measure-il_serial-80_stop-50.rsf
1081,WCA_vs_LIMBO,UEM_vs_IL,50_vs_75,110_vs_80,_vs_,86.72865596,0.2,mapreduceclientcore_algo-wca_measure-uem_serial-110_stop-50.rsf | mapreduceclientcore_algo-limbo_measure-il_serial-80_stop-75.rsf
1082,WCA_vs_LIMBO,UEM_vs_IL,50_vs_25,110_vs_90,_vs_,87.07912458,0.177777778,mapreduceclientcore_algo-wca_measure-uem_serial-110_stop-50.rsf | mapreduceclientcore_algo-limbo_measure-il_serial-90_stop-25.rsf
1083,WCA_vs_LIMBO,UEM_vs_IL,50_vs_50,110_vs_90,_vs_,87.07912458,0.177777778,mapreduceclientcore_algo-wca_measure-uem_serial-110_stop-50.rsf | mapreduceclientcore_algo-limbo_measure-il_serial-90_stop-50.rsf
1084,WCA_vs_LIMBO,UEM_vs_IL,50_vs_75,110_vs_90,_vs_,87.07912458,0.177777778,mapreduceclientcore_algo-wca_measure-uem_serial-110_stop-50.rsf | mapreduceclientcore_algo-limbo_measure-il_serial-90_stop-75.rsf
1085,WCA_vs_LIMBO,UEM_vs_IL,75_vs_100,110_vs_100,_vs_,86.92372171,0.13,mapreduceclientcore_algo-wca_measure-uem_serial-110_stop-75.rsf | mapreduceclientcore_algo-limbo_measure-il_serial-100_stop-100.rsf
1086,WCA_vs_LIMBO,UEM_vs_IL,75_vs_25,110_vs_100,_vs_,86.92372171,0.13,mapreduceclientcore_algo-wca_measure-uem_serial-110_stop-75.rsf | mapreduceclientcore_algo-limbo_measure-il_serial-100_stop-25.rsf
1087,WCA_vs_LIMBO,UEM_vs_IL,75_vs_50,110_vs_100,_vs_,86.92372171,0.13,mapreduceclientcore_algo-wca_measure-uem_serial-110_stop-75.rsf | mapreduceclientcore_algo-limbo_measure-il_serial-100_stop-50.rsf
1088,WCA_vs_LIMBO,UEM_vs_IL,75_vs_75,110_vs_100,_vs_,86.92372171,0.13,mapreduceclientcore_algo-wca_measure-uem_serial-110_stop-75.rsf | mapreduceclientcore_algo-limbo_measure-il_serial-100_stop-75.rsf
1089,WCA_vs_LIMBO,UEM_vs_IL,75_vs_100,110_vs_110,_vs_,87.14524207,0.109090909,mapreduceclientcore_algo-wca_measure-uem_serial-110_stop-75.rsf | mapreduceclientcore_algo-limbo_measure-il_serial-110_stop-100.rsf
1090,WCA_vs_LIMBO,UEM_vs_IL,75_vs_25,110_vs_110,_vs_,87.14524207,0.109090909,mapreduceclientcore_algo-wca_measure-uem_serial-110_stop-75.rsf | mapreduceclientcore_algo-limbo_measure-il_serial-110_stop-25.rsf
1091,WCA_vs_LIMBO,UEM_vs_IL,75_vs_50,110_vs_110,_vs_,87.14524207,0.109090909,mapreduceclientcore_algo-wca_measure-uem_serial-110_stop-75.rsf | mapreduceclientcore_algo-limbo_measure-il_serial-110_stop-50.rsf
1092,WCA_vs_LIMBO,UEM_vs_IL,75_vs_75,110_vs_110,_vs_,87.14524207,0.109090909,mapreduceclientcore_algo-wca_measure-uem_serial-110_stop-75.rsf | mapreduceclientcore_algo-limbo_measure-il_serial-110_stop-75.rsf
1093,WCA_vs_LIMBO,UEM_vs_IL,75_vs_25,110_vs_25,_vs_,80.44136737,0.36,mapreduceclientcore_algo-wca_measure-uem_serial-110_stop-75.rsf | mapreduceclientcore_algo-limbo_measure-il_serial-25_stop-25.rsf
1094,WCA_vs_LIMBO,UEM_vs_IL,75_vs_25,110_vs_30,_vs_,82.16753022,0.3,mapreduceclientcore_algo-wca_measure-uem_serial-110_stop-75.rsf | mapreduceclientcore_algo-limbo_measure-il_serial-30_stop-25.rsf
1095,WCA_vs_LIMBO,UEM_vs_IL,75_vs_25,110_vs_40,_vs_,84.22184007,0.325,mapreduceclientcore_algo-wca_measure-uem_serial-110_stop-75.rsf | mapreduceclientcore_algo-limbo_measure-il_serial-40_stop-25.rsf
1096,WCA_vs_LIMBO,UEM_vs_IL,75_vs_25,110_vs_50,_vs_,85.2739726,0.26,mapreduceclientcore_algo-wca_measure-uem_serial-110_stop-75.rsf | mapreduceclientcore_algo-limbo_measure-il_serial-50_stop-25.rsf
1097,WCA_vs_LIMBO,UEM_vs_IL,75_vs_50,110_vs_50,_vs_,85.2739726,0.26,mapreduceclientcore_algo-wca_measure-uem_serial-110_stop-75.rsf | mapreduceclientcore_algo-limbo_measure-il_serial-50_stop-50.rsf
1098,WCA_vs_LIMBO,UEM_vs_IL,75_vs_25,110_vs_60,_vs_,86.2745098,0.233333333,mapreduceclientcore_algo-wca_measure-uem_serial-110_stop-75.rsf | mapreduceclientcore_algo-limbo_measure-il_serial-60_stop-25.rsf
1099,WCA_vs_LIMBO,UEM_vs_IL,75_vs_50,110_vs_60,_vs_,86.2745098,0.233333333,mapreduceclientcore_algo-wca_measure-uem_serial-110_stop-75.rsf | mapreduceclientcore_algo-limbo_measure-il_serial-60_stop-50.rsf
1100,WCA_vs_LIMBO,UEM_vs_IL,75_vs_25,110_vs_70,_vs_,86.58743633,0.228571429,mapreduceclientcore_algo-wca_measure-uem_serial-110_stop-75.rsf | mapreduceclientcore_algo-limbo_measure-il_serial-70_stop-25.rsf
1101,WCA_vs_LIMBO,UEM_vs_IL,75_vs_50,110_vs_70,_vs_,86.58743633,0.228571429,mapreduceclientcore_algo-wca_measure-uem_serial-110_stop-75.rsf | mapreduceclientcore_algo-limbo_measure-il_serial-70_stop-50.rsf
1102,WCA_vs_LIMBO,UEM_vs_IL,75_vs_25,110_vs_80,_vs_,86.72865596,0.2,mapreduceclientcore_algo-wca_measure-uem_serial-110_stop-75.rsf | mapreduceclientcore_algo-limbo_measure-il_serial-80_stop-25.rsf
1103,WCA_vs_LIMBO,UEM_vs_IL,75_vs_50,110_vs_80,_vs_,86.72865596,0.2,mapreduceclientcore_algo-wca_measure-uem_serial-110_stop-75.rsf | mapreduceclientcore_algo-limbo_measure-il_serial-80_stop-50.rsf
1104,WCA_vs_LIMBO,UEM_vs_IL,75_vs_75,110_vs_80,_vs_,86.72865596,0.2,mapreduceclientcore_algo-wca_measure-uem_serial-110_stop-75.rsf | mapreduceclientcore_algo-limbo_measure-il_serial-80_stop-75.rsf
1105,WCA_vs_LIMBO,UEM_vs_IL,75_vs_25,110_vs_90,_vs_,87.07912458,0.177777778,mapreduceclientcore_algo-wca_measure-uem_serial-110_stop-75.rsf | mapreduceclientcore_algo-limbo_measure-il_serial-90_stop-25.rsf
1106,WCA_vs_LIMBO,UEM_vs_IL,75_vs_50,110_vs_90,_vs_,87.07912458,0.177777778,mapreduceclientcore_algo-wca_measure-uem_serial-110_stop-75.rsf | mapreduceclientcore_algo-limbo_measure-il_serial-90_stop-50.rsf
1107,WCA_vs_LIMBO,UEM_vs_IL,75_vs_75,110_vs_90,_vs_,87.07912458,0.177777778,mapreduceclientcore_algo-wca_measure-uem_serial-110_stop-75.rsf | mapreduceclientcore_algo-limbo_measure-il_serial-90_stop-75.rsf
1108,WCA_vs_LIMBO,UEM_vs_IL,100_vs_100,120_vs_100,_vs_,87.31218698,0.17,mapreduceclientcore_algo-wca_measure-uem_serial-120_stop-100.rsf | mapreduceclientcore_algo-limbo_measure-il_serial-100_stop-100.rsf
1109,WCA_vs_LIMBO,UEM_vs_IL,100_vs_25,120_vs_100,_vs_,87.31218698,0.17,mapreduceclientcore_algo-wca_measure-uem_serial-120_stop-100.rsf | mapreduceclientcore_algo-limbo_measure-il_serial-100_stop-25.rsf
1110,WCA_vs_LIMBO,UEM_vs_IL,100_vs_50,120_vs_100,_vs_,87.31218698,0.17,mapreduceclientcore_algo-wca_measure-uem_serial-120_stop-100.rsf | mapreduceclientcore_algo-limbo_measure-il_serial-100_stop-50.rsf
1111,WCA_vs_LIMBO,UEM_vs_IL,100_vs_75,120_vs_100,_vs_,87.31218698,0.17,mapreduceclientcore_algo-wca_measure-uem_serial-120_stop-100.rsf | mapreduceclientcore_algo-limbo_measure-il_serial-100_stop-75.rsf
1112,WCA_vs_LIMBO,UEM_vs_IL,100_vs_100,120_vs_110,_vs_,87.53117207,0.145454545,mapreduceclientcore_algo-wca_measure-uem_serial-120_stop-100.rsf | mapreduceclientcore_algo-limbo_measure-il_serial-110_stop-100.rsf
1113,WCA_vs_LIMBO,UEM_vs_IL,100_vs_25,120_vs_110,_vs_,87.53117207,0.145454545,mapreduceclientcore_algo-wca_measure-uem_serial-120_stop-100.rsf | mapreduceclientcore_algo-limbo_measure-il_serial-110_stop-25.rsf
1114,WCA_vs_LIMBO,UEM_vs_IL,100_vs_50,120_vs_110,_vs_,87.53117207,0.145454545,mapreduceclientcore_algo-wca_measure-uem_serial-120_stop-100.rsf | mapreduceclientcore_algo-limbo_measure-il_serial-110_stop-50.rsf
1115,WCA_vs_LIMBO,UEM_vs_IL,100_vs_75,120_vs_110,_vs_,87.53117207,0.145454545,mapreduceclientcore_algo-wca_measure-uem_serial-120_stop-100.rsf | mapreduceclientcore_algo-limbo_measure-il_serial-110_stop-75.rsf
1116,WCA_vs_LIMBO,UEM_vs_IL,100_vs_25,120_vs_25,_vs_,80.05170185,0.36,mapreduceclientcore_algo-wca_measure-uem_serial-120_stop-100.rsf | mapreduceclientcore_algo-limbo_measure-il_serial-25_stop-25.rsf
1117,WCA_vs_LIMBO,UEM_vs_IL,100_vs_25,120_vs_30,_vs_,81.72828891,0.3,mapreduceclientcore_algo-wca_measure-uem_serial-120_stop-100.rsf | mapreduceclientcore_algo-limbo_measure-il_serial-30_stop-25.rsf
1118,WCA_vs_LIMBO,UEM_vs_IL,100_vs_25,120_vs_40,_vs_,83.81849315,0.325,mapreduceclientcore_algo-wca_measure-uem_serial-120_stop-100.rsf | mapreduceclientcore_algo-limbo_measure-il_serial-40_stop-25.rsf
1119,WCA_vs_LIMBO,UEM_vs_IL,100_vs_25,120_vs_50,_vs_,85.29411765,0.32,mapreduceclientcore_algo-wca_measure-uem_serial-120_stop-100.rsf | mapreduceclientcore_algo-limbo_measure-il_serial-50_stop-25.rsf
1120,WCA_vs_LIMBO,UEM_vs_IL,100_vs_50,120_vs_50,_vs_,85.29411765,0.32,mapreduceclientcore_algo-wca_measure-uem_serial-120_stop-100.rsf | mapreduceclientcore_algo-limbo_measure-il_serial-50_stop-50.rsf
1121,WCA_vs_LIMBO,UEM_vs_IL,100_vs_25,120_vs_60,_vs_,86.3327674,0.3,mapreduceclientcore_algo-wca_measure-uem_serial-120_stop-100.rsf | mapreduceclientcore_algo-limbo_measure-il_serial-60_stop-25.rsf
1122,WCA_vs_LIMBO,UEM_vs_IL,100_vs_50,120_vs_60,_vs_,86.3327674,0.3,mapreduceclientcore_algo-wca_measure-uem_serial-120_stop-100.rsf | mapreduceclientcore_algo-limbo_measure-il_serial-60_stop-50.rsf
1123,WCA_vs_LIMBO,UEM_vs_IL,100_vs_25,120_vs_70,_vs_,86.85545224,0.285714286,mapreduceclientcore_algo-wca_measure-uem_serial-120_stop-100.rsf | mapreduceclientcore_algo-limbo_measure-il_serial-70_stop-25.rsf
1124,WCA_vs_LIMBO,UEM_vs_IL,100_vs_50,120_vs_70,_vs_,86.85545224,0.285714286,mapreduceclientcore_algo-wca_measure-uem_serial-120_stop-100.rsf | mapreduceclientcore_algo-limbo_measure-il_serial-70_stop-50.rsf
1125,WCA_vs_LIMBO,UEM_vs_IL,100_vs_25,120_vs_80,_vs_,86.95286195,0.25,mapreduceclientcore_algo-wca_measure-uem_serial-120_stop-100.rsf | mapreduceclientcore_algo-limbo_measure-il_serial-80_stop-25.rsf
1126,WCA_vs_LIMBO,UEM_vs_IL,100_vs_50,120_vs_80,_vs_,86.95286195,0.25,mapreduceclientcore_algo-wca_measure-uem_serial-120_stop-100.rsf | mapreduceclientcore_algo-limbo_measure-il_serial-80_stop-50.rsf
1127,WCA_vs_LIMBO,UEM_vs_IL,100_vs_75,120_vs_80,_vs_,86.95286195,0.25,mapreduceclientcore_algo-wca_measure-uem_serial-120_stop-100.rsf | mapreduceclientcore_algo-limbo_measure-il_serial-80_stop-75.rsf
1128,WCA_vs_LIMBO,UEM_vs_IL,100_vs_25,120_vs_90,_vs_,87.42665549,0.222222222,mapreduceclientcore_algo-wca_measure-uem_serial-120_stop-100.rsf | mapreduceclientcore_algo-limbo_measure-il_serial-90_stop-25.rsf
1129,WCA_vs_LIMBO,UEM_vs_IL,100_vs_50,120_vs_90,_vs_,87.42665549,0.222222222,mapreduceclientcore_algo-wca_measure-uem_serial-120_stop-100.rsf | mapreduceclientcore_algo-limbo_measure-il_serial-90_stop-50.rsf
1130,WCA_vs_LIMBO,UEM_vs_IL,100_vs_75,120_vs_90,_vs_,87.42665549,0.222222222,mapreduceclientcore_algo-wca_measure-uem_serial-120_stop-100.rsf | mapreduceclientcore_algo-limbo_measure-il_serial-90_stop-75.rsf
1131,WCA_vs_LIMBO,UEM_vs_IL,25_vs_100,120_vs_100,_vs_,87.31218698,0.17,mapreduceclientcore_algo-wca_measure-uem_serial-120_stop-25.rsf | mapreduceclientcore_algo-limbo_measure-il_serial-100_stop-100.rsf
1132,WCA_vs_LIMBO,UEM_vs_IL,25_vs_25,120_vs_100,_vs_,87.31218698,0.17,mapreduceclientcore_algo-wca_measure-uem_serial-120_stop-25.rsf | mapreduceclientcore_algo-limbo_measure-il_serial-100_stop-25.rsf
1133,WCA_vs_LIMBO,UEM_vs_IL,25_vs_50,120_vs_100,_vs_,87.31218698,0.17,mapreduceclientcore_algo-wca_measure-uem_serial-120_stop-25.rsf | mapreduceclientcore_algo-limbo_measure-il_serial-100_stop-50.rsf
1134,WCA_vs_LIMBO,UEM_vs_IL,25_vs_75,120_vs_100,_vs_,87.31218698,0.17,mapreduceclientcore_algo-wca_measure-uem_serial-120_stop-25.rsf | mapreduceclientcore_algo-limbo_measure-il_serial-100_stop-75.rsf
1135,WCA_vs_LIMBO,UEM_vs_IL,25_vs_100,120_vs_110,_vs_,87.53117207,0.145454545,mapreduceclientcore_algo-wca_measure-uem_serial-120_stop-25.rsf | mapreduceclientcore_algo-limbo_measure-il_serial-110_stop-100.rsf
1136,WCA_vs_LIMBO,UEM_vs_IL,25_vs_25,120_vs_110,_vs_,87.53117207,0.145454545,mapreduceclientcore_algo-wca_measure-uem_serial-120_stop-25.rsf | mapreduceclientcore_algo-limbo_measure-il_serial-110_stop-25.rsf
1137,WCA_vs_LIMBO,UEM_vs_IL,25_vs_50,120_vs_110,_vs_,87.53117207,0.145454545,mapreduceclientcore_algo-wca_measure-uem_serial-120_stop-25.rsf | mapreduceclientcore_algo-limbo_measure-il_serial-110_stop-50.rsf
1138,WCA_vs_LIMBO,UEM_vs_IL,25_vs_75,120_vs_110,_vs_,87.53117207,0.145454545,mapreduceclientcore_algo-wca_measure-uem_serial-120_stop-25.rsf | mapreduceclientcore_algo-limbo_measure-il_serial-110_stop-75.rsf
1139,WCA_vs_LIMBO,UEM_vs_IL,25_vs_25,120_vs_25,_vs_,80.05170185,0.36,mapreduceclientcore_algo-wca_measure-uem_serial-120_stop-25.rsf | mapreduceclientcore_algo-limbo_measure-il_serial-25_stop-25.rsf
1140,WCA_vs_LIMBO,UEM_vs_IL,25_vs_25,120_vs_30,_vs_,81.72828891,0.3,mapreduceclientcore_algo-wca_measure-uem_serial-120_stop-25.rsf | mapreduceclientcore_algo-limbo_measure-il_serial-30_stop-25.rsf
1141,WCA_vs_LIMBO,UEM_vs_IL,25_vs_25,120_vs_40,_vs_,83.81849315,0.325,mapreduceclientcore_algo-wca_measure-uem_serial-120_stop-25.rsf | mapreduceclientcore_algo-limbo_measure-il_serial-40_stop-25.rsf
1142,WCA_vs_LIMBO,UEM_vs_IL,25_vs_25,120_vs_50,_vs_,85.29411765,0.32,mapreduceclientcore_algo-wca_measure-uem_serial-120_stop-25.rsf | mapreduceclientcore_algo-limbo_measure-il_serial-50_stop-25.rsf
1143,WCA_vs_LIMBO,UEM_vs_IL,25_vs_50,120_vs_50,_vs_,85.29411765,0.32,mapreduceclientcore_algo-wca_measure-uem_serial-120_stop-25.rsf | mapreduceclientcore_algo-limbo_measure-il_serial-50_stop-50.rsf
1144,WCA_vs_LIMBO,UEM_vs_IL,25_vs_25,120_vs_60,_vs_,86.3327674,0.3,mapreduceclientcore_algo-wca_measure-uem_serial-120_stop-25.rsf | mapreduceclientcore_algo-limbo_measure-il_serial-60_stop-25.rsf
1145,WCA_vs_LIMBO,UEM_vs_IL,25_vs_50,120_vs_60,_vs_,86.3327674,0.3,mapreduceclientcore_algo-wca_measure-uem_serial-120_stop-25.rsf | mapreduceclientcore_algo-limbo_measure-il_serial-60_stop-50.rsf
1146,WCA_vs_LIMBO,UEM_vs_IL,25_vs_25,120_vs_70,_vs_,86.85545224,0.285714286,mapreduceclientcore_algo-wca_measure-uem_serial-120_stop-25.rsf | mapreduceclientcore_algo-limbo_measure-il_serial-70_stop-25.rsf
1147,WCA_vs_LIMBO,UEM_vs_IL,25_vs_50,120_vs_70,_vs_,86.85545224,0.285714286,mapreduceclientcore_algo-wca_measure-uem_serial-120_stop-25.rsf | mapreduceclientcore_algo-limbo_measure-il_serial-70_stop-50.rsf
1148,WCA_vs_LIMBO,UEM_vs_IL,25_vs_25,120_vs_80,_vs_,86.95286195,0.25,mapreduceclientcore_algo-wca_measure-uem_serial-120_stop-25.rsf | mapreduceclientcore_algo-limbo_measure-il_serial-80_stop-25.rsf
1149,WCA_vs_LIMBO,UEM_vs_IL,25_vs_50,120_vs_80,_vs_,86.95286195,0.25,mapreduceclientcore_algo-wca_measure-uem_serial-120_stop-25.rsf | mapreduceclientcore_algo-limbo_measure-il_serial-80_stop-50.rsf
1150,WCA_vs_LIMBO,UEM_vs_IL,25_vs_75,120_vs_80,_vs_,86.95286195,0.25,mapreduceclientcore_algo-wca_measure-uem_serial-120_stop-25.rsf | mapreduceclientcore_algo-limbo_measure-il_serial-80_stop-75.rsf
1151,WCA_vs_LIMBO,UEM_vs_IL,25_vs_25,120_vs_90,_vs_,87.42665549,0.222222222,mapreduceclientcore_algo-wca_measure-uem_serial-120_stop-25.rsf | mapreduceclientcore_algo-limbo_measure-il_serial-90_stop-25.rsf
1152,WCA_vs_LIMBO,UEM_vs_IL,25_vs_50,120_vs_90,_vs_,87.42665549,0.222222222,mapreduceclientcore_algo-wca_measure-uem_serial-120_stop-25.rsf | mapreduceclientcore_algo-limbo_measure-il_serial-90_stop-50.rsf
1153,WCA_vs_LIMBO,UEM_vs_IL,25_vs_75,120_vs_90,_vs_,87.42665549,0.222222222,mapreduceclientcore_algo-wca_measure-uem_serial-120_stop-25.rsf | mapreduceclientcore_algo-limbo_measure-il_serial-90_stop-75.rsf
1154,WCA_vs_LIMBO,UEM_vs_IL,50_vs_100,120_vs_100,_vs_,87.31218698,0.17,mapreduceclientcore_algo-wca_measure-uem_serial-120_stop-50.rsf | mapreduceclientcore_algo-limbo_measure-il_serial-100_stop-100.rsf
1155,WCA_vs_LIMBO,UEM_vs_IL,50_vs_25,120_vs_100,_vs_,87.31218698,0.17,mapreduceclientcore_algo-wca_measure-uem_serial-120_stop-50.rsf | mapreduceclientcore_algo-limbo_measure-il_serial-100_stop-25.rsf
1156,WCA_vs_LIMBO,UEM_vs_IL,50_vs_50,120_vs_100,_vs_,87.31218698,0.17,mapreduceclientcore_algo-wca_measure-uem_serial-120_stop-50.rsf | mapreduceclientcore_algo-limbo_measure-il_serial-100_stop-50.rsf
1157,WCA_vs_LIMBO,UEM_vs_IL,50_vs_75,120_vs_100,_vs_,87.31218698,0.17,mapreduceclientcore_algo-wca_measure-uem_serial-120_stop-50.rsf | mapreduceclientcore_algo-limbo_measure-il_serial-100_stop-75.rsf
1158,WCA_vs_LIMBO,UEM_vs_IL,50_vs_100,120_vs_110,_vs_,87.53117207,0.145454545,mapreduceclientcore_algo-wca_measure-uem_serial-120_stop-50.rsf | mapreduceclientcore_algo-limbo_measure-il_serial-110_stop-100.rsf
1159,WCA_vs_LIMBO,UEM_vs_IL,50_vs_25,120_vs_110,_vs_,87.53117207,0.145454545,mapreduceclientcore_algo-wca_measure-uem_serial-120_stop-50.rsf | mapreduceclientcore_algo-limbo_measure-il_serial-110_stop-25.rsf
1160,WCA_vs_LIMBO,UEM_vs_IL,50_vs_50,120_vs_110,_vs_,87.53117207,0.145454545,mapreduceclientcore_algo-wca_measure-uem_serial-120_stop-50.rsf | mapreduceclientcore_algo-limbo_measure-il_serial-110_stop-50.rsf
1161,WCA_vs_LIMBO,UEM_vs_IL,50_vs_75,120_vs_110,_vs_,87.53117207,0.145454545,mapreduceclientcore_algo-wca_measure-uem_serial-120_stop-50.rsf | mapreduceclientcore_algo-limbo_measure-il_serial-110_stop-75.rsf
1162,WCA_vs_LIMBO,UEM_vs_IL,50_vs_25,120_vs_25,_vs_,80.05170185,0.36,mapreduceclientcore_algo-wca_measure-uem_serial-120_stop-50.rsf | mapreduceclientcore_algo-limbo_measure-il_serial-25_stop-25.rsf
1163,WCA_vs_LIMBO,UEM_vs_IL,50_vs_25,120_vs_30,_vs_,81.72828891,0.3,mapreduceclientcore_algo-wca_measure-uem_serial-120_stop-50.rsf | mapreduceclientcore_algo-limbo_measure-il_serial-30_stop-25.rsf
1164,WCA_vs_LIMBO,UEM_vs_IL,50_vs_25,120_vs_40,_vs_,83.81849315,0.325,mapreduceclientcore_algo-wca_measure-uem_serial-120_stop-50.rsf | mapreduceclientcore_algo-limbo_measure-il_serial-40_stop-25.rsf
1165,WCA_vs_LIMBO,UEM_vs_IL,50_vs_25,120_vs_50,_vs_,85.29411765,0.32,mapreduceclientcore_algo-wca_measure-uem_serial-120_stop-50.rsf | mapreduceclientcore_algo-limbo_measure-il_serial-50_stop-25.rsf
1166,WCA_vs_LIMBO,UEM_vs_IL,50_vs_50,120_vs_50,_vs_,85.29411765,0.32,mapreduceclientcore_algo-wca_measure-uem_serial-120_stop-50.rsf | mapreduceclientcore_algo-limbo_measure-il_serial-50_stop-50.rsf
1167,WCA_vs_LIMBO,UEM_vs_IL,50_vs_25,120_vs_60,_vs_,86.3327674,0.3,mapreduceclientcore_algo-wca_measure-uem_serial-120_stop-50.rsf | mapreduceclientcore_algo-limbo_measure-il_serial-60_stop-25.rsf
1168,WCA_vs_LIMBO,UEM_vs_IL,50_vs_50,120_vs_60,_vs_,86.3327674,0.3,mapreduceclientcore_algo-wca_measure-uem_serial-120_stop-50.rsf | mapreduceclientcore_algo-limbo_measure-il_serial-60_stop-50.rsf
1169,WCA_vs_LIMBO,UEM_vs_IL,50_vs_25,120_vs_70,_vs_,86.85545224,0.285714286,mapreduceclientcore_algo-wca_measure-uem_serial-120_stop-50.rsf | mapreduceclientcore_algo-limbo_measure-il_serial-70_stop-25.rsf
1170,WCA_vs_LIMBO,UEM_vs_IL,50_vs_50,120_vs_70,_vs_,86.85545224,0.285714286,mapreduceclientcore_algo-wca_measure-uem_serial-120_stop-50.rsf | mapreduceclientcore_algo-limbo_measure-il_serial-70_stop-50.rsf
1171,WCA_vs_LIMBO,UEM_vs_IL,50_vs_25,120_vs_80,_vs_,86.95286195,0.25,mapreduceclientcore_algo-wca_measure-uem_serial-120_stop-50.rsf | mapreduceclientcore_algo-limbo_measure-il_serial-80_stop-25.rsf
1172,WCA_vs_LIMBO,UEM_vs_IL,50_vs_50,120_vs_80,_vs_,86.95286195,0.25,mapreduceclientcore_algo-wca_measure-uem_serial-120_stop-50.rsf | mapreduceclientcore_algo-limbo_measure-il_serial-80_stop-50.rsf
1173,WCA_vs_LIMBO,UEM_vs_IL,50_vs_75,120_vs_80,_vs_,86.95286195,0.25,mapreduceclientcore_algo-wca_measure-uem_serial-120_stop-50.rsf | mapreduceclientcore_algo-limbo_measure-il_serial-80_stop-75.rsf
1174,WCA_vs_LIMBO,UEM_vs_IL,50_vs_25,120_vs_90,_vs_,87.42665549,0.222222222,mapreduceclientcore_algo-wca_measure-uem_serial-120_stop-50.rsf | mapreduceclientcore_algo-limbo_measure-il_serial-90_stop-25.rsf
1175,WCA_vs_LIMBO,UEM_vs_IL,50_vs_50,120_vs_90,_vs_,87.42665549,0.222222222,mapreduceclientcore_algo-wca_measure-uem_serial-120_stop-50.rsf | mapreduceclientcore_algo-limbo_measure-il_serial-90_stop-50.rsf
1176,WCA_vs_LIMBO,UEM_vs_IL,50_vs_75,120_vs_90,_vs_,87.42665549,0.222222222,mapreduceclientcore_algo-wca_measure-uem_serial-120_stop-50.rsf | mapreduceclientcore_algo-limbo_measure-il_serial-90_stop-75.rsf
1177,WCA_vs_LIMBO,UEM_vs_IL,75_vs_100,120_vs_100,_vs_,87.31218698,0.17,mapreduceclientcore_algo-wca_measure-uem_serial-120_stop-75.rsf | mapreduceclientcore_algo-limbo_measure-il_serial-100_stop-100.rsf
1178,WCA_vs_LIMBO,UEM_vs_IL,75_vs_25,120_vs_100,_vs_,87.31218698,0.17,mapreduceclientcore_algo-wca_measure-uem_serial-120_stop-75.rsf | mapreduceclientcore_algo-limbo_measure-il_serial-100_stop-25.rsf
1179,WCA_vs_LIMBO,UEM_vs_IL,75_vs_50,120_vs_100,_vs_,87.31218698,0.17,mapreduceclientcore_algo-wca_measure-uem_serial-120_stop-75.rsf | mapreduceclientcore_algo-limbo_measure-il_serial-100_stop-50.rsf
1180,WCA_vs_LIMBO,UEM_vs_IL,75_vs_75,120_vs_100,_vs_,87.31218698,0.17,mapreduceclientcore_algo-wca_measure-uem_serial-120_stop-75.rsf | mapreduceclientcore_algo-limbo_measure-il_serial-100_stop-75.rsf
1181,WCA_vs_LIMBO,UEM_vs_IL,75_vs_100,120_vs_110,_vs_,87.53117207,0.145454545,mapreduceclientcore_algo-wca_measure-uem_serial-120_stop-75.rsf | mapreduceclientcore_algo-limbo_measure-il_serial-110_stop-100.rsf
1182,WCA_vs_LIMBO,UEM_vs_IL,75_vs_25,120_vs_110,_vs_,87.53117207,0.145454545,mapreduceclientcore_algo-wca_measure-uem_serial-120_stop-75.rsf | mapreduceclientcore_algo-limbo_measure-il_serial-110_stop-25.rsf
1183,WCA_vs_LIMBO,UEM_vs_IL,75_vs_50,120_vs_110,_vs_,87.53117207,0.145454545,mapreduceclientcore_algo-wca_measure-uem_serial-120_stop-75.rsf | mapreduceclientcore_algo-limbo_measure-il_serial-110_stop-50.rsf
1184,WCA_vs_LIMBO,UEM_vs_IL,75_vs_75,120_vs_110,_vs_,87.53117207,0.145454545,mapreduceclientcore_algo-wca_measure-uem_serial-120_stop-75.rsf | mapreduceclientcore_algo-limbo_measure-il_serial-110_stop-75.rsf
1185,WCA_vs_LIMBO,UEM_vs_IL,75_vs_25,120_vs_25,_vs_,80.05170185,0.36,mapreduceclientcore_algo-wca_measure-uem_serial-120_stop-75.rsf | mapreduceclientcore_algo-limbo_measure-il_serial-25_stop-25.rsf
1186,WCA_vs_LIMBO,UEM_vs_IL,75_vs_25,120_vs_30,_vs_,81.72828891,0.3,mapreduceclientcore_algo-wca_measure-uem_serial-120_stop-75.rsf | mapreduceclientcore_algo-limbo_measure-il_serial-30_stop-25.rsf
1187,WCA_vs_LIMBO,UEM_vs_IL,75_vs_25,120_vs_40,_vs_,83.81849315,0.325,mapreduceclientcore_algo-wca_measure-uem_serial-120_stop-75.rsf | mapreduceclientcore_algo-limbo_measure-il_serial-40_stop-25.rsf
1188,WCA_vs_LIMBO,UEM_vs_IL,75_vs_25,120_vs_50,_vs_,85.29411765,0.32,mapreduceclientcore_algo-wca_measure-uem_serial-120_stop-75.rsf | mapreduceclientcore_algo-limbo_measure-il_serial-50_stop-25.rsf
1189,WCA_vs_LIMBO,UEM_vs_IL,75_vs_50,120_vs_50,_vs_,85.29411765,0.32,mapreduceclientcore_algo-wca_measure-uem_serial-120_stop-75.rsf | mapreduceclientcore_algo-limbo_measure-il_serial-50_stop-50.rsf
1190,WCA_vs_LIMBO,UEM_vs_IL,75_vs_25,120_vs_60,_vs_,86.3327674,0.3,mapreduceclientcore_algo-wca_measure-uem_serial-120_stop-75.rsf | mapreduceclientcore_algo-limbo_measure-il_serial-60_stop-25.rsf
1191,WCA_vs_LIMBO,UEM_vs_IL,75_vs_50,120_vs_60,_vs_,86.3327674,0.3,mapreduceclientcore_algo-wca_measure-uem_serial-120_stop-75.rsf | mapreduceclientcore_algo-limbo_measure-il_serial-60_stop-50.rsf
1192,WCA_vs_LIMBO,UEM_vs_IL,75_vs_25,120_vs_70,_vs_,86.85545224,0.285714286,mapreduceclientcore_algo-wca_measure-uem_serial-120_stop-75.rsf | mapreduceclientcore_algo-limbo_measure-il_serial-70_stop-25.rsf
1193,WCA_vs_LIMBO,UEM_vs_IL,75_vs_50,120_vs_70,_vs_,86.85545224,0.285714286,mapreduceclientcore_algo-wca_measure-uem_serial-120_stop-75.rsf | mapreduceclientcore_algo-limbo_measure-il_serial-70_stop-50.rsf
1194,WCA_vs_LIMBO,UEM_vs_IL,75_vs_25,120_vs_80,_vs_,86.95286195,0.25,mapreduceclientcore_algo-wca_measure-uem_serial-120_stop-75.rsf | mapreduceclientcore_algo-limbo_measure-il_serial-80_stop-25.rsf
1195,WCA_vs_LIMBO,UEM_vs_IL,75_vs_50,120_vs_80,_vs_,86.95286195,0.25,mapreduceclientcore_algo-wca_measure-uem_serial-120_stop-75.rsf | mapreduceclientcore_algo-limbo_measure-il_serial-80_stop-50.rsf
1196,WCA_vs_LIMBO,UEM_vs_IL,75_vs_75,120_vs_80,_vs_,86.95286195,0.25,mapreduceclientcore_algo-wca_measure-uem_serial-120_stop-75.rsf | mapreduceclientcore_algo-limbo_measure-il_serial-80_stop-75.rsf
1197,WCA_vs_LIMBO,UEM_vs_IL,75_vs_25,120_vs_90,_vs_,87.42665549,0.222222222,mapreduceclientcore_algo-wca_measure-uem_serial-120_stop-75.rsf | mapreduceclientcore_algo-limbo_measure-il_serial-90_stop-25.rsf
1198,WCA_vs_LIMBO,UEM_vs_IL,75_vs_50,120_vs_90,_vs_,87.42665549,0.222222222,mapreduceclientcore_algo-wca_measure-uem_serial-120_stop-75.rsf | mapreduceclientcore_algo-limbo_measure-il_serial-90_stop-50.rsf
1199,WCA_vs_LIMBO,UEM_vs_IL,75_vs_75,120_vs_90,_vs_,87.42665549,0.222222222,mapreduceclientcore_algo-wca_measure-uem_serial-120_stop-75.rsf | mapreduceclientcore_algo-limbo_measure-il_serial-90_stop-75.rsf
1200,WCA_vs_LIMBO,UEM_vs_IL,100_vs_100,130_vs_100,_vs_,88.07148795,0.26,mapreduceclientcore_algo-wca_measure-uem_serial-130_stop-100.rsf | mapreduceclientcore_algo-limbo_measure-il_serial-100_stop-100.rsf
1201,WCA_vs_LIMBO,UEM_vs_IL,100_vs_25,130_vs_100,_vs_,88.07148795,0.26,mapreduceclientcore_algo-wca_measure-uem_serial-130_stop-100.rsf | mapreduceclientcore_algo-limbo_measure-il_serial-100_stop-25.rsf
1202,WCA_vs_LIMBO,UEM_vs_IL,100_vs_50,130_vs_100,_vs_,88.07148795,0.26,mapreduceclientcore_algo-wca_measure-uem_serial-130_stop-100.rsf | mapreduceclientcore_algo-limbo_measure-il_serial-100_stop-50.rsf
1203,WCA_vs_LIMBO,UEM_vs_IL,100_vs_75,130_vs_100,_vs_,88.07148795,0.26,mapreduceclientcore_algo-wca_measure-uem_serial-130_stop-100.rsf | mapreduceclientcore_algo-limbo_measure-il_serial-100_stop-75.rsf
1204,WCA_vs_LIMBO,UEM_vs_IL,100_vs_100,130_vs_110,_vs_,88.28642384,0.227272727,mapreduceclientcore_algo-wca_measure-uem_serial-130_stop-100.rsf | mapreduceclientcore_algo-limbo_measure-il_serial-110_stop-100.rsf
1205,WCA_vs_LIMBO,UEM_vs_IL,100_vs_25,130_vs_110,_vs_,88.28642384,0.227272727,mapreduceclientcore_algo-wca_measure-uem_serial-130_stop-100.rsf | mapreduceclientcore_algo-limbo_measure-il_serial-110_stop-25.rsf
1206,WCA_vs_LIMBO,UEM_vs_IL,100_vs_50,130_vs_110,_vs_,88.28642384,0.227272727,mapreduceclientcore_algo-wca_measure-uem_serial-130_stop-100.rsf | mapreduceclientcore_algo-limbo_measure-il_serial-110_stop-50.rsf
1207,WCA_vs_LIMBO,UEM_vs_IL,100_vs_75,130_vs_110,_vs_,88.28642384,0.227272727,mapreduceclientcore_algo-wca_measure-uem_serial-130_stop-100.rsf | mapreduceclientcore_algo-limbo_measure-il_serial-110_stop-75.rsf
1208,WCA_vs_LIMBO,UEM_vs_IL,100_vs_25,130_vs_25,_vs_,79.23637924,0.36,mapreduceclientcore_algo-wca_measure-uem_serial-130_stop-100.rsf | mapreduceclientcore_algo-limbo_measure-il_serial-25_stop-25.rsf
1209,WCA_vs_LIMBO,UEM_vs_IL,100_vs_25,130_vs_30,_vs_,80.95034247,0.3,mapreduceclientcore_algo-wca_measure-uem_serial-130_stop-100.rsf | mapreduceclientcore_algo-limbo_measure-il_serial-30_stop-25.rsf
1210,WCA_vs_LIMBO,UEM_vs_IL,100_vs_25,130_vs_40,_vs_,83.1202046,0.325,mapreduceclientcore_algo-wca_measure-uem_serial-130_stop-100.rsf | mapreduceclientcore_algo-limbo_measure-il_serial-40_stop-25.rsf
1211,WCA_vs_LIMBO,UEM_vs_IL,100_vs_25,130_vs_50,_vs_,84.67741935,0.38,mapreduceclientcore_algo-wca_measure-uem_serial-130_stop-100.rsf | mapreduceclientcore_algo-limbo_measure-il_serial-50_stop-25.rsf
1212,WCA_vs_LIMBO,UEM_vs_IL,100_vs_50,130_vs_50,_vs_,84.67741935,0.38,mapreduceclientcore_algo-wca_measure-uem_serial-130_stop-100.rsf | mapreduceclientcore_algo-limbo_measure-il_serial-50_stop-50.rsf
1213,WCA_vs_LIMBO,UEM_vs_IL,100_vs_25,130_vs_60,_vs_,85.92561285,0.366666667,mapreduceclientcore_algo-wca_measure-uem_serial-130_stop-100.rsf | mapreduceclientcore_algo-limbo_measure-il_serial-60_stop-25.rsf
1214,WCA_vs_LIMBO,UEM_vs_IL,100_vs_50,130_vs_60,_vs_,85.92561285,0.366666667,mapreduceclientcore_algo-wca_measure-uem_serial-130_stop-100.rsf | mapreduceclientcore_algo-limbo_measure-il_serial-60_stop-50.rsf
1215,WCA_vs_LIMBO,UEM_vs_IL,100_vs_25,130_vs_70,_vs_,86.53198653,0.342857143,mapreduceclientcore_algo-wca_measure-uem_serial-130_stop-100.rsf | mapreduceclientcore_algo-limbo_measure-il_serial-70_stop-25.rsf
1216,WCA_vs_LIMBO,UEM_vs_IL,100_vs_50,130_vs_70,_vs_,86.53198653,0.342857143,mapreduceclientcore_algo-wca_measure-uem_serial-130_stop-100.rsf | mapreduceclientcore_algo-limbo_measure-il_serial-70_stop-50.rsf
1217,WCA_vs_LIMBO,UEM_vs_IL,100_vs_25,130_vs_80,_vs_,87.51047779,0.3625,mapreduceclientcore_algo-wca_measure-uem_serial-130_stop-100.rsf | mapreduceclientcore_algo-limbo_measure-il_serial-80_stop-25.rsf
1218,WCA_vs_LIMBO,UEM_vs_IL,100_vs_50,130_vs_80,_vs_,87.51047779,0.3625,mapreduceclientcore_algo-wca_measure-uem_serial-130_stop-100.rsf | mapreduceclientcore_algo-limbo_measure-il_serial-80_stop-50.rsf
1219,WCA_vs_LIMBO,UEM_vs_IL,100_vs_75,130_vs_80,_vs_,87.51047779,0.3625,mapreduceclientcore_algo-wca_measure-uem_serial-130_stop-100.rsf | mapreduceclientcore_algo-limbo_measure-il_serial-80_stop-75.rsf
1220,WCA_vs_LIMBO,UEM_vs_IL,100_vs_25,130_vs_90,_vs_,88.23038397,0.333333333,mapreduceclientcore_algo-wca_measure-uem_serial-130_stop-100.rsf | mapreduceclientcore_algo-limbo_measure-il_serial-90_stop-25.rsf
1221,WCA_vs_LIMBO,UEM_vs_IL,100_vs_50,130_vs_90,_vs_,88.23038397,0.333333333,mapreduceclientcore_algo-wca_measure-uem_serial-130_stop-100.rsf | mapreduceclientcore_algo-limbo_measure-il_serial-90_stop-50.rsf
1222,WCA_vs_LIMBO,UEM_vs_IL,100_vs_75,130_vs_90,_vs_,88.23038397,0.333333333,mapreduceclientcore_algo-wca_measure-uem_serial-130_stop-100.rsf | mapreduceclientcore_algo-limbo_measure-il_serial-90_stop-75.rsf
1223,WCA_vs_LIMBO,UEM_vs_IL,25_vs_100,130_vs_100,_vs_,88.07148795,0.26,mapreduceclientcore_algo-wca_measure-uem_serial-130_stop-25.rsf | mapreduceclientcore_algo-limbo_measure-il_serial-100_stop-100.rsf
1224,WCA_vs_LIMBO,UEM_vs_IL,25_vs_25,130_vs_100,_vs_,88.07148795,0.26,mapreduceclientcore_algo-wca_measure-uem_serial-130_stop-25.rsf | mapreduceclientcore_algo-limbo_measure-il_serial-100_stop-25.rsf
1225,WCA_vs_LIMBO,UEM_vs_IL,25_vs_50,130_vs_100,_vs_,88.07148795,0.26,mapreduceclientcore_algo-wca_measure-uem_serial-130_stop-25.rsf | mapreduceclientcore_algo-limbo_measure-il_serial-100_stop-50.rsf
1226,WCA_vs_LIMBO,UEM_vs_IL,25_vs_75,130_vs_100,_vs_,88.07148795,0.26,mapreduceclientcore_algo-wca_measure-uem_serial-130_stop-25.rsf | mapreduceclientcore_algo-limbo_measure-il_serial-100_stop-75.rsf
1227,WCA_vs_LIMBO,UEM_vs_IL,25_vs_100,130_vs_110,_vs_,88.28642384,0.227272727,mapreduceclientcore_algo-wca_measure-uem_serial-130_stop-25.rsf | mapreduceclientcore_algo-limbo_measure-il_serial-110_stop-100.rsf
1228,WCA_vs_LIMBO,UEM_vs_IL,25_vs_25,130_vs_110,_vs_,88.28642384,0.227272727,mapreduceclientcore_algo-wca_measure-uem_serial-130_stop-25.rsf | mapreduceclientcore_algo-limbo_measure-il_serial-110_stop-25.rsf
1229,WCA_vs_LIMBO,UEM_vs_IL,25_vs_50,130_vs_110,_vs_,88.28642384,0.227272727,mapreduceclientcore_algo-wca_measure-uem_serial-130_stop-25.rsf | mapreduceclientcore_algo-limbo_measure-il_serial-110_stop-50.rsf
1230,WCA_vs_LIMBO,UEM_vs_IL,25_vs_75,130_vs_110,_vs_,88.28642384,0.227272727,mapreduceclientcore_algo-wca_measure-uem_serial-130_stop-25.rsf | mapreduceclientcore_algo-limbo_measure-il_serial-110_stop-75.rsf
1231,WCA_vs_LIMBO,UEM_vs_IL,25_vs_25,130_vs_25,_vs_,79.23637924,0.36,mapreduceclientcore_algo-wca_measure-uem_serial-130_stop-25.rsf | mapreduceclientcore_algo-limbo_measure-il_serial-25_stop-25.rsf
1232,WCA_vs_LIMBO,UEM_vs_IL,25_vs_25,130_vs_30,_vs_,80.95034247,0.3,mapreduceclientcore_algo-wca_measure-uem_serial-130_stop-25.rsf | mapreduceclientcore_algo-limbo_measure-il_serial-30_stop-25.rsf
1233,WCA_vs_LIMBO,UEM_vs_IL,25_vs_25,130_vs_40,_vs_,83.1202046,0.325,mapreduceclientcore_algo-wca_measure-uem_serial-130_stop-25.rsf | mapreduceclientcore_algo-limbo_measure-il_serial-40_stop-25.rsf
1234,WCA_vs_LIMBO,UEM_vs_IL,25_vs_25,130_vs_50,_vs_,84.67741935,0.38,mapreduceclientcore_algo-wca_measure-uem_serial-130_stop-25.rsf | mapreduceclientcore_algo-limbo_measure-il_serial-50_stop-25.rsf
1235,WCA_vs_LIMBO,UEM_vs_IL,25_vs_50,130_vs_50,_vs_,84.67741935,0.38,mapreduceclientcore_algo-wca_measure-uem_serial-130_stop-25.rsf | mapreduceclientcore_algo-limbo_measure-il_serial-50_stop-50.rsf
1236,WCA_vs_LIMBO,UEM_vs_IL,25_vs_25,130_vs_60,_vs_,85.92561285,0.366666667,mapreduceclientcore_algo-wca_measure-uem_serial-130_stop-25.rsf | mapreduceclientcore_algo-limbo_measure-il_serial-60_stop-25.rsf
1237,WCA_vs_LIMBO,UEM_vs_IL,25_vs_50,130_vs_60,_vs_,85.92561285,0.366666667,mapreduceclientcore_algo-wca_measure-uem_serial-130_stop-25.rsf | mapreduceclientcore_algo-limbo_measure-il_serial-60_stop-50.rsf
1238,WCA_vs_LIMBO,UEM_vs_IL,25_vs_25,130_vs_70,_vs_,86.53198653,0.342857143,mapreduceclientcore_algo-wca_measure-uem_serial-130_stop-25.rsf | mapreduceclientcore_algo-limbo_measure-il_serial-70_stop-25.rsf
1239,WCA_vs_LIMBO,UEM_vs_IL,25_vs_50,130_vs_70,_vs_,86.53198653,0.342857143,mapreduceclientcore_algo-wca_measure-uem_serial-130_stop-25.rsf | mapreduceclientcore_algo-limbo_measure-il_serial-70_stop-50.rsf
1240,WCA_vs_LIMBO,UEM_vs_IL,25_vs_25,130_vs_80,_vs_,87.51047779,0.3625,mapreduceclientcore_algo-wca_measure-uem_serial-130_stop-25.rsf | mapreduceclientcore_algo-limbo_measure-il_serial-80_stop-25.rsf
1241,WCA_vs_LIMBO,UEM_vs_IL,25_vs_50,130_vs_80,_vs_,87.51047779,0.3625,mapreduceclientcore_algo-wca_measure-uem_serial-130_stop-25.rsf | mapreduceclientcore_algo-limbo_measure-il_serial-80_stop-50.rsf
1242,WCA_vs_LIMBO,UEM_vs_IL,25_vs_75,130_vs_80,_vs_,87.51047779,0.3625,mapreduceclientcore_algo-wca_measure-uem_serial-130_stop-25.rsf | mapreduceclientcore_algo-limbo_measure-il_serial-80_stop-75.rsf
1243,WCA_vs_LIMBO,UEM_vs_IL,25_vs_25,130_vs_90,_vs_,88.23038397,0.333333333,mapreduceclientcore_algo-wca_measure-uem_serial-130_stop-25.rsf | mapreduceclientcore_algo-limbo_measure-il_serial-90_stop-25.rsf
1244,WCA_vs_LIMBO,UEM_vs_IL,25_vs_50,130_vs_90,_vs_,88.23038397,0.333333333,mapreduceclientcore_algo-wca_measure-uem_serial-130_stop-25.rsf | mapreduceclientcore_algo-limbo_measure-il_serial-90_stop-50.rsf
1245,WCA_vs_LIMBO,UEM_vs_IL,25_vs_75,130_vs_90,_vs_,88.23038397,0.333333333,mapreduceclientcore_algo-wca_measure-uem_serial-130_stop-25.rsf | mapreduceclientcore_algo-limbo_measure-il_serial-90_stop-75.rsf
1246,WCA_vs_LIMBO,UEM_vs_IL,50_vs_100,130_vs_100,_vs_,88.07148795,0.26,mapreduceclientcore_algo-wca_measure-uem_serial-130_stop-50.rsf | mapreduceclientcore_algo-limbo_measure-il_serial-100_stop-100.rsf
1247,WCA_vs_LIMBO,UEM_vs_IL,50_vs_25,130_vs_100,_vs_,88.07148795,0.26,mapreduceclientcore_algo-wca_measure-uem_serial-130_stop-50.rsf | mapreduceclientcore_algo-limbo_measure-il_serial-100_stop-25.rsf
1248,WCA_vs_LIMBO,UEM_vs_IL,50_vs_50,130_vs_100,_vs_,88.07148795,0.26,mapreduceclientcore_algo-wca_measure-uem_serial-130_stop-50.rsf | mapreduceclientcore_algo-limbo_measure-il_serial-100_stop-50.rsf
1249,WCA_vs_LIMBO,UEM_vs_IL,50_vs_75,130_vs_100,_vs_,88.07148795,0.26,mapreduceclientcore_algo-wca_measure-uem_serial-130_stop-50.rsf | mapreduceclientcore_algo-limbo_measure-il_serial-100_stop-75.rsf
1250,WCA_vs_LIMBO,UEM_vs_IL,50_vs_100,130_vs_110,_vs_,88.28642384,0.227272727,mapreduceclientcore_algo-wca_measure-uem_serial-130_stop-50.rsf | mapreduceclientcore_algo-limbo_measure-il_serial-110_stop-100.rsf
1251,WCA_vs_LIMBO,UEM_vs_IL,50_vs_25,130_vs_110,_vs_,88.28642384,0.227272727,mapreduceclientcore_algo-wca_measure-uem_serial-130_stop-50.rsf | mapreduceclientcore_algo-limbo_measure-il_serial-110_stop-25.rsf
1252,WCA_vs_LIMBO,UEM_vs_IL,50_vs_50,130_vs_110,_vs_,88.28642384,0.227272727,mapreduceclientcore_algo-wca_measure-uem_serial-130_stop-50.rsf | mapreduceclientcore_algo-limbo_measure-il_serial-110_stop-50.rsf
1253,WCA_vs_LIMBO,UEM_vs_IL,50_vs_75,130_vs_110,_vs_,88.28642384,0.227272727,mapreduceclientcore_algo-wca_measure-uem_serial-130_stop-50.rsf | mapreduceclientcore_algo-limbo_measure-il_serial-110_stop-75.rsf
1254,WCA_vs_LIMBO,UEM_vs_IL,50_vs_25,130_vs_25,_vs_,79.23637924,0.36,mapreduceclientcore_algo-wca_measure-uem_serial-130_stop-50.rsf | mapreduceclientcore_algo-limbo_measure-il_serial-25_stop-25.rsf
1255,WCA_vs_LIMBO,UEM_vs_IL,50_vs_25,130_vs_30,_vs_,80.95034247,0.3,mapreduceclientcore_algo-wca_measure-uem_serial-130_stop-50.rsf | mapreduceclientcore_algo-limbo_measure-il_serial-30_stop-25.rsf
1256,WCA_vs_LIMBO,UEM_vs_IL,50_vs_25,130_vs_40,_vs_,83.1202046,0.325,mapreduceclientcore_algo-wca_measure-uem_serial-130_stop-50.rsf | mapreduceclientcore_algo-limbo_measure-il_serial-40_stop-25.rsf
1257,WCA_vs_LIMBO,UEM_vs_IL,50_vs_25,130_vs_50,_vs_,84.67741935,0.38,mapreduceclientcore_algo-wca_measure-uem_serial-130_stop-50.rsf | mapreduceclientcore_algo-limbo_measure-il_serial-50_stop-25.rsf
1258,WCA_vs_LIMBO,UEM_vs_IL,50_vs_50,130_vs_50,_vs_,84.67741935,0.38,mapreduceclientcore_algo-wca_measure-uem_serial-130_stop-50.rsf | mapreduceclientcore_algo-limbo_measure-il_serial-50_stop-50.rsf
1259,WCA_vs_LIMBO,UEM_vs_IL,50_vs_25,130_vs_60,_vs_,85.92561285,0.366666667,mapreduceclientcore_algo-wca_measure-uem_serial-130_stop-50.rsf | mapreduceclientcore_algo-limbo_measure-il_serial-60_stop-25.rsf
1260,WCA_vs_LIMBO,UEM_vs_IL,50_vs_50,130_vs_60,_vs_,85.92561285,0.366666667,mapreduceclientcore_algo-wca_measure-uem_serial-130_stop-50.rsf | mapreduceclientcore_algo-limbo_measure-il_serial-60_stop-50.rsf
1261,WCA_vs_LIMBO,UEM_vs_IL,50_vs_25,130_vs_70,_vs_,86.53198653,0.342857143,mapreduceclientcore_algo-wca_measure-uem_serial-130_stop-50.rsf | mapreduceclientcore_algo-limbo_measure-il_serial-70_stop-25.rsf
1262,WCA_vs_LIMBO,UEM_vs_IL,50_vs_50,130_vs_70,_vs_,86.53198653,0.342857143,mapreduceclientcore_algo-wca_measure-uem_serial-130_stop-50.rsf | mapreduceclientcore_algo-limbo_measure-il_serial-70_stop-50.rsf
1263,WCA_vs_LIMBO,UEM_vs_IL,50_vs_25,130_vs_80,_vs_,87.51047779,0.3625,mapreduceclientcore_algo-wca_measure-uem_serial-130_stop-50.rsf | mapreduceclientcore_algo-limbo_measure-il_serial-80_stop-25.rsf
1264,WCA_vs_LIMBO,UEM_vs_IL,50_vs_50,130_vs_80,_vs_,87.51047779,0.3625,mapreduceclientcore_algo-wca_measure-uem_serial-130_stop-50.rsf | mapreduceclientcore_algo-limbo_measure-il_serial-80_stop-50.rsf
1265,WCA_vs_LIMBO,UEM_vs_IL,50_vs_75,130_vs_80,_vs_,87.51047779,0.3625,mapreduceclientcore_algo-wca_measure-uem_serial-130_stop-50.rsf | mapreduceclientcore_algo-limbo_measure-il_serial-80_stop-75.rsf
1266,WCA_vs_LIMBO,UEM_vs_IL,50_vs_25,130_vs_90,_vs_,88.23038397,0.333333333,mapreduceclientcore_algo-wca_measure-uem_serial-130_stop-50.rsf | mapreduceclientcore_algo-limbo_measure-il_serial-90_stop-25.rsf
1267,WCA_vs_LIMBO,UEM_vs_IL,50_vs_50,130_vs_90,_vs_,88.23038397,0.333333333,mapreduceclientcore_algo-wca_measure-uem_serial-130_stop-50.rsf | mapreduceclientcore_algo-limbo_measure-il_serial-90_stop-50.rsf
1268,WCA_vs_LIMBO,UEM_vs_IL,50_vs_75,130_vs_90,_vs_,88.23038397,0.333333333,mapreduceclientcore_algo-wca_measure-uem_serial-130_stop-50.rsf | mapreduceclientcore_algo-limbo_measure-il_serial-90_stop-75.rsf
1269,WCA_vs_LIMBO,UEM_vs_IL,75_vs_100,130_vs_100,_vs_,88.07148795,0.26,mapreduceclientcore_algo-wca_measure-uem_serial-130_stop-75.rsf | mapreduceclientcore_algo-limbo_measure-il_serial-100_stop-100.rsf
1270,WCA_vs_LIMBO,UEM_vs_IL,75_vs_25,130_vs_100,_vs_,88.07148795,0.26,mapreduceclientcore_algo-wca_measure-uem_serial-130_stop-75.rsf | mapreduceclientcore_algo-limbo_measure-il_serial-100_stop-25.rsf
1271,WCA_vs_LIMBO,UEM_vs_IL,75_vs_50,130_vs_100,_vs_,88.07148795,0.26,mapreduceclientcore_algo-wca_measure-uem_serial-130_stop-75.rsf | mapreduceclientcore_algo-limbo_measure-il_serial-100_stop-50.rsf
1272,WCA_vs_LIMBO,UEM_vs_IL,75_vs_75,130_vs_100,_vs_,88.07148795,0.26,mapreduceclientcore_algo-wca_measure-uem_serial-130_stop-75.rsf | mapreduceclientcore_algo-limbo_measure-il_serial-100_stop-75.rsf
1273,WCA_vs_LIMBO,UEM_vs_IL,75_vs_100,130_vs_110,_vs_,88.28642384,0.227272727,mapreduceclientcore_algo-wca_measure-uem_serial-130_stop-75.rsf | mapreduceclientcore_algo-limbo_measure-il_serial-110_stop-100.rsf
1274,WCA_vs_LIMBO,UEM_vs_IL,75_vs_25,130_vs_110,_vs_,88.28642384,0.227272727,mapreduceclientcore_algo-wca_measure-uem_serial-130_stop-75.rsf | mapreduceclientcore_algo-limbo_measure-il_serial-110_stop-25.rsf
1275,WCA_vs_LIMBO,UEM_vs_IL,75_vs_50,130_vs_110,_vs_,88.28642384,0.227272727,mapreduceclientcore_algo-wca_measure-uem_serial-130_stop-75.rsf | mapreduceclientcore_algo-limbo_measure-il_serial-110_stop-50.rsf
1276,WCA_vs_LIMBO,UEM_vs_IL,75_vs_75,130_vs_110,_vs_,88.28642384,0.227272727,mapreduceclientcore_algo-wca_measure-uem_serial-130_stop-75.rsf | mapreduceclientcore_algo-limbo_measure-il_serial-110_stop-75.rsf
1277,WCA_vs_LIMBO,UEM_vs_IL,75_vs_25,130_vs_25,_vs_,79.23637924,0.36,mapreduceclientcore_algo-wca_measure-uem_serial-130_stop-75.rsf | mapreduceclientcore_algo-limbo_measure-il_serial-25_stop-25.rsf
1278,WCA_vs_LIMBO,UEM_vs_IL,75_vs_25,130_vs_30,_vs_,80.95034247,0.3,mapreduceclientcore_algo-wca_measure-uem_serial-130_stop-75.rsf | mapreduceclientcore_algo-limbo_measure-il_serial-30_stop-25.rsf
1279,WCA_vs_LIMBO,UEM_vs_IL,75_vs_25,130_vs_40,_vs_,83.1202046,0.325,mapreduceclientcore_algo-wca_measure-uem_serial-130_stop-75.rsf | mapreduceclientcore_algo-limbo_measure-il_serial-40_stop-25.rsf
1280,WCA_vs_LIMBO,UEM_vs_IL,75_vs_25,130_vs_50,_vs_,84.67741935,0.38,mapreduceclientcore_algo-wca_measure-uem_serial-130_stop-75.rsf | mapreduceclientcore_algo-limbo_measure-il_serial-50_stop-25.rsf
1281,WCA_vs_LIMBO,UEM_vs_IL,75_vs_50,130_vs_50,_vs_,84.67741935,0.38,mapreduceclientcore_algo-wca_measure-uem_serial-130_stop-75.rsf | mapreduceclientcore_algo-limbo_measure-il_serial-50_stop-50.rsf
1282,WCA_vs_LIMBO,UEM_vs_IL,75_vs_25,130_vs_60,_vs_,85.92561285,0.366666667,mapreduceclientcore_algo-wca_measure-uem_serial-130_stop-75.rsf | mapreduceclientcore_algo-limbo_measure-il_serial-60_stop-25.rsf
1283,WCA_vs_LIMBO,UEM_vs_IL,75_vs_50,130_vs_60,_vs_,85.92561285,0.366666667,mapreduceclientcore_algo-wca_measure-uem_serial-130_stop-75.rsf | mapreduceclientcore_algo-limbo_measure-il_serial-60_stop-50.rsf
1284,WCA_vs_LIMBO,UEM_vs_IL,75_vs_25,130_vs_70,_vs_,86.53198653,0.342857143,mapreduceclientcore_algo-wca_measure-uem_serial-130_stop-75.rsf | mapreduceclientcore_algo-limbo_measure-il_serial-70_stop-25.rsf
1285,WCA_vs_LIMBO,UEM_vs_IL,75_vs_50,130_vs_70,_vs_,86.53198653,0.342857143,mapreduceclientcore_algo-wca_measure-uem_serial-130_stop-75.rsf | mapreduceclientcore_algo-limbo_measure-il_serial-70_stop-50.rsf
1286,WCA_vs_LIMBO,UEM_vs_IL,75_vs_25,130_vs_80,_vs_,87.51047779,0.3625,mapreduceclientcore_algo-wca_measure-uem_serial-130_stop-75.rsf | mapreduceclientcore_algo-limbo_measure-il_serial-80_stop-25.rsf
1287,WCA_vs_LIMBO,UEM_vs_IL,75_vs_50,130_vs_80,_vs_,87.51047779,0.3625,mapreduceclientcore_algo-wca_measure-uem_serial-130_stop-75.rsf | mapreduceclientcore_algo-limbo_measure-il_serial-80_stop-50.rsf
1288,WCA_vs_LIMBO,UEM_vs_IL,75_vs_75,130_vs_80,_vs_,87.51047779,0.3625,mapreduceclientcore_algo-wca_measure-uem_serial-130_stop-75.rsf | mapreduceclientcore_algo-limbo_measure-il_serial-80_stop-75.rsf
1289,WCA_vs_LIMBO,UEM_vs_IL,75_vs_25,130_vs_90,_vs_,88.23038397,0.333333333,mapreduceclientcore_algo-wca_measure-uem_serial-130_stop-75.rsf | mapreduceclientcore_algo-limbo_measure-il_serial-90_stop-25.rsf
1290,WCA_vs_LIMBO,UEM_vs_IL,75_vs_50,130_vs_90,_vs_,88.23038397,0.333333333,mapreduceclientcore_algo-wca_measure-uem_serial-130_stop-75.rsf | mapreduceclientcore_algo-limbo_measure-il_serial-90_stop-50.rsf
1291,WCA_vs_LIMBO,UEM_vs_IL,75_vs_75,130_vs_90,_vs_,88.23038397,0.333333333,mapreduceclientcore_algo-wca_measure-uem_serial-130_stop-75.rsf | mapreduceclientcore_algo-limbo_measure-il_serial-90_stop-75.rsf
1292,WCA_vs_LIMBO,UEM_vs_IL,100_vs_100,140_vs_100,_vs_,88.61754967,0.34,mapreduceclientcore_algo-wca_measure-uem_serial-140_stop-100.rsf | mapreduceclientcore_algo-limbo_measure-il_serial-100_stop-100.rsf
1293,WCA_vs_LIMBO,UEM_vs_IL,100_vs_25,140_vs_100,_vs_,88.61754967,0.34,mapreduceclientcore_algo-wca_measure-uem_serial-140_stop-100.rsf | mapreduceclientcore_algo-limbo_measure-il_serial-100_stop-25.rsf
1294,WCA_vs_LIMBO,UEM_vs_IL,100_vs_50,140_vs_100,_vs_,88.61754967,0.34,mapreduceclientcore_algo-wca_measure-uem_serial-140_stop-100.rsf | mapreduceclientcore_algo-limbo_measure-il_serial-100_stop-50.rsf
1295,WCA_vs_LIMBO,UEM_vs_IL,100_vs_75,140_vs_100,_vs_,88.61754967,0.34,mapreduceclientcore_algo-wca_measure-uem_serial-140_stop-100.rsf | mapreduceclientcore_algo-limbo_measure-il_serial-100_stop-75.rsf
1296,WCA_vs_LIMBO,UEM_vs_IL,100_vs_100,140_vs_110,_vs_,89.0354493,0.318181818,mapreduceclientcore_algo-wca_measure-uem_serial-140_stop-100.rsf | mapreduceclientcore_algo-limbo_measure-il_serial-110_stop-100.rsf
1297,WCA_vs_LIMBO,UEM_vs_IL,100_vs_25,140_vs_110,_vs_,89.0354493,0.318181818,mapreduceclientcore_algo-wca_measure-uem_serial-140_stop-100.rsf | mapreduceclientcore_algo-limbo_measure-il_serial-110_stop-25.rsf
1298,WCA_vs_LIMBO,UEM_vs_IL,100_vs_50,140_vs_110,_vs_,89.0354493,0.318181818,mapreduceclientcore_algo-wca_measure-uem_serial-140_stop-100.rsf | mapreduceclientcore_algo-limbo_measure-il_serial-110_stop-50.rsf
1299,WCA_vs_LIMBO,UEM_vs_IL,100_vs_75,140_vs_110,_vs_,89.0354493,0.318181818,mapreduceclientcore_algo-wca_measure-uem_serial-140_stop-100.rsf | mapreduceclientcore_algo-limbo_measure-il_serial-110_stop-75.rsf
1300,WCA_vs_LIMBO,UEM_vs_IL,100_vs_25,140_vs_25,_vs_,78.55617258,0.48,mapreduceclientcore_algo-wca_measure-uem_serial-140_stop-100.rsf | mapreduceclientcore_algo-limbo_measure-il_serial-25_stop-25.rsf
1301,WCA_vs_LIMBO,UEM_vs_IL,100_vs_25,140_vs_30,_vs_,80.30690537,0.433333333,mapreduceclientcore_algo-wca_measure-uem_serial-140_stop-100.rsf | mapreduceclientcore_algo-limbo_measure-il_serial-30_stop-25.rsf
1302,WCA_vs_LIMBO,UEM_vs_IL,100_vs_25,140_vs_40,_vs_,82.51273345,0.4,mapreduceclientcore_algo-wca_measure-uem_serial-140_stop-100.rsf | mapreduceclientcore_algo-limbo_measure-il_serial-40_stop-25.rsf
1303,WCA_vs_LIMBO,UEM_vs_IL,100_vs_25,140_vs_50,_vs_,84.10819949,0.46,mapreduceclientcore_algo-wca_measure-uem_serial-140_stop-100.rsf | mapreduceclientcore_algo-limbo_measure-il_serial-50_stop-25.rsf
1304,WCA_vs_LIMBO,UEM_vs_IL,100_vs_50,140_vs_50,_vs_,84.10819949,0.46,mapreduceclientcore_algo-wca_measure-uem_serial-140_stop-100.rsf | mapreduceclientcore_algo-limbo_measure-il_serial-50_stop-50.rsf
1305,WCA_vs_LIMBO,UEM_vs_IL,100_vs_25,140_vs_60,_vs_,85.60606061,0.416666667,mapreduceclientcore_algo-wca_measure-uem_serial-140_stop-100.rsf | mapreduceclientcore_algo-limbo_measure-il_serial-60_stop-25.rsf
1306,WCA_vs_LIMBO,UEM_vs_IL,100_vs_50,140_vs_60,_vs_,85.60606061,0.416666667,mapreduceclientcore_algo-wca_measure-uem_serial-140_stop-100.rsf | mapreduceclientcore_algo-limbo_measure-il_serial-60_stop-50.rsf
1307,WCA_vs_LIMBO,UEM_vs_IL,100_vs_25,140_vs_70,_vs_,87.34283319,0.471428571,mapreduceclientcore_algo-wca_measure-uem_serial-140_stop-100.rsf | mapreduceclientcore_algo-limbo_measure-il_serial-70_stop-25.rsf
1308,WCA_vs_LIMBO,UEM_vs_IL,100_vs_50,140_vs_70,_vs_,87.34283319,0.471428571,mapreduceclientcore_algo-wca_measure-uem_serial-140_stop-100.rsf | mapreduceclientcore_algo-limbo_measure-il_serial-70_stop-50.rsf
1309,WCA_vs_LIMBO,UEM_vs_IL,100_vs_25,140_vs_80,_vs_,88.31385643,0.475,mapreduceclientcore_algo-wca_measure-uem_serial-140_stop-100.rsf | mapreduceclientcore_algo-limbo_measure-il_serial-80_stop-25.rsf
1310,WCA_vs_LIMBO,UEM_vs_IL,100_vs_50,140_vs_80,_vs_,88.31385643,0.475,mapreduceclientcore_algo-wca_measure-uem_serial-140_stop-100.rsf | mapreduceclientcore_algo-limbo_measure-il_serial-80_stop-50.rsf
1311,WCA_vs_LIMBO,UEM_vs_IL,100_vs_75,140_vs_80,_vs_,88.31385643,0.475,mapreduceclientcore_algo-wca_measure-uem_serial-140_stop-100.rsf | mapreduceclientcore_algo-limbo_measure-il_serial-80_stop-75.rsf
1312,WCA_vs_LIMBO,UEM_vs_IL,100_vs_25,140_vs_90,_vs_,88.86118038,0.422222222,mapreduceclientcore_algo-wca_measure-uem_serial-140_stop-100.rsf | mapreduceclientcore_algo-limbo_measure-il_serial-90_stop-25.rsf
1313,WCA_vs_LIMBO,UEM_vs_IL,100_vs_50,140_vs_90,_vs_,88.86118038,0.422222222,mapreduceclientcore_algo-wca_measure-uem_serial-140_stop-100.rsf | mapreduceclientcore_algo-limbo_measure-il_serial-90_stop-50.rsf
1314,WCA_vs_LIMBO,UEM_vs_IL,100_vs_75,140_vs_90,_vs_,88.86118038,0.422222222,mapreduceclientcore_algo-wca_measure-uem_serial-140_stop-100.rsf | mapreduceclientcore_algo-limbo_measure-il_serial-90_stop-75.rsf
1315,WCA_vs_LIMBO,UEM_vs_IL,25_vs_100,140_vs_100,_vs_,88.61754967,0.34,mapreduceclientcore_algo-wca_measure-uem_serial-140_stop-25.rsf | mapreduceclientcore_algo-limbo_measure-il_serial-100_stop-100.rsf
1316,WCA_vs_LIMBO,UEM_vs_IL,25_vs_25,140_vs_100,_vs_,88.61754967,0.34,mapreduceclientcore_algo-wca_measure-uem_serial-140_stop-25.rsf | mapreduceclientcore_algo-limbo_measure-il_serial-100_stop-25.rsf
1317,WCA_vs_LIMBO,UEM_vs_IL,25_vs_50,140_vs_100,_vs_,88.61754967,0.34,mapreduceclientcore_algo-wca_measure-uem_serial-140_stop-25.rsf | mapreduceclientcore_algo-limbo_measure-il_serial-100_stop-50.rsf
1318,WCA_vs_LIMBO,UEM_vs_IL,25_vs_75,140_vs_100,_vs_,88.61754967,0.34,mapreduceclientcore_algo-wca_measure-uem_serial-140_stop-25.rsf | mapreduceclientcore_algo-limbo_measure-il_serial-100_stop-75.rsf
1319,WCA_vs_LIMBO,UEM_vs_IL,25_vs_100,140_vs_110,_vs_,89.0354493,0.318181818,mapreduceclientcore_algo-wca_measure-uem_serial-140_stop-25.rsf | mapreduceclientcore_algo-limbo_measure-il_serial-110_stop-100.rsf
1320,WCA_vs_LIMBO,UEM_vs_IL,25_vs_25,140_vs_110,_vs_,89.0354493,0.318181818,mapreduceclientcore_algo-wca_measure-uem_serial-140_stop-25.rsf | mapreduceclientcore_algo-limbo_measure-il_serial-110_stop-25.rsf
1321,WCA_vs_LIMBO,UEM_vs_IL,25_vs_50,140_vs_110,_vs_,89.0354493,0.318181818,mapreduceclientcore_algo-wca_measure-uem_serial-140_stop-25.rsf | mapreduceclientcore_algo-limbo_measure-il_serial-110_stop-50.rsf
1322,WCA_vs_LIMBO,UEM_vs_IL,25_vs_75,140_vs_110,_vs_,89.0354493,0.318181818,mapreduceclientcore_algo-wca_measure-uem_serial-140_stop-25.rsf | mapreduceclientcore_algo-limbo_measure-il_serial-110_stop-75.rsf
1323,WCA_vs_LIMBO,UEM_vs_IL,25_vs_25,140_vs_25,_vs_,78.55617258,0.48,mapreduceclientcore_algo-wca_measure-uem_serial-140_stop-25.rsf | mapreduceclientcore_algo-limbo_measure-il_serial-25_stop-25.rsf
1324,WCA_vs_LIMBO,UEM_vs_IL,25_vs_25,140_vs_30,_vs_,80.30690537,0.433333333,mapreduceclientcore_algo-wca_measure-uem_serial-140_stop-25.rsf | mapreduceclientcore_algo-limbo_measure-il_serial-30_stop-25.rsf
1325,WCA_vs_LIMBO,UEM_vs_IL,25_vs_25,140_vs_40,_vs_,82.51273345,0.4,mapreduceclientcore_algo-wca_measure-uem_serial-140_stop-25.rsf | mapreduceclientcore_algo-limbo_measure-il_serial-40_stop-25.rsf
1326,WCA_vs_LIMBO,UEM_vs_IL,25_vs_25,140_vs_50,_vs_,84.10819949,0.46,mapreduceclientcore_algo-wca_measure-uem_serial-140_stop-25.rsf | mapreduceclientcore_algo-limbo_measure-il_serial-50_stop-25.rsf
1327,WCA_vs_LIMBO,UEM_vs_IL,25_vs_50,140_vs_50,_vs_,84.10819949,0.46,mapreduceclientcore_algo-wca_measure-uem_serial-140_stop-25.rsf | mapreduceclientcore_algo-limbo_measure-il_serial-50_stop-50.rsf
1328,WCA_vs_LIMBO,UEM_vs_IL,25_vs_25,140_vs_60,_vs_,85.60606061,0.416666667,mapreduceclientcore_algo-wca_measure-uem_serial-140_stop-25.rsf | mapreduceclientcore_algo-limbo_measure-il_serial-60_stop-25.rsf
1329,WCA_vs_LIMBO,UEM_vs_IL,25_vs_50,140_vs_60,_vs_,85.60606061,0.416666667,mapreduceclientcore_algo-wca_measure-uem_serial-140_stop-25.rsf | mapreduceclientcore_algo-limbo_measure-il_serial-60_stop-50.rsf
1330,WCA_vs_LIMBO,UEM_vs_IL,25_vs_25,140_vs_70,_vs_,87.34283319,0.471428571,mapreduceclientcore_algo-wca_measure-uem_serial-140_stop-25.rsf | mapreduceclientcore_algo-limbo_measure-il_serial-70_stop-25.rsf
1331,WCA_vs_LIMBO,UEM_vs_IL,25_vs_50,140_vs_70,_vs_,87.34283319,0.471428571,mapreduceclientcore_algo-wca_measure-uem_serial-140_stop-25.rsf | mapreduceclientcore_algo-limbo_measure-il_serial-70_stop-50.rsf
1332,WCA_vs_LIMBO,UEM_vs_IL,25_vs_25,140_vs_80,_vs_,88.31385643,0.475,mapreduceclientcore_algo-wca_measure-uem_serial-140_stop-25.rsf | mapreduceclientcore_algo-limbo_measure-il_serial-80_stop-25.rsf
1333,WCA_vs_LIMBO,UEM_vs_IL,25_vs_50,140_vs_80,_vs_,88.31385643,0.475,mapreduceclientcore_algo-wca_measure-uem_serial-140_stop-25.rsf | mapreduceclientcore_algo-limbo_measure-il_serial-80_stop-50.rsf
1334,WCA_vs_LIMBO,UEM_vs_IL,25_vs_75,140_vs_80,_vs_,88.31385643,0.475,mapreduceclientcore_algo-wca_measure-uem_serial-140_stop-25.rsf | mapreduceclientcore_algo-limbo_measure-il_serial-80_stop-75.rsf
1335,WCA_vs_LIMBO,UEM_vs_IL,25_vs_25,140_vs_90,_vs_,88.86118038,0.422222222,mapreduceclientcore_algo-wca_measure-uem_serial-140_stop-25.rsf | mapreduceclientcore_algo-limbo_measure-il_serial-90_stop-25.rsf
1336,WCA_vs_LIMBO,UEM_vs_IL,25_vs_50,140_vs_90,_vs_,88.86118038,0.422222222,mapreduceclientcore_algo-wca_measure-uem_serial-140_stop-25.rsf | mapreduceclientcore_algo-limbo_measure-il_serial-90_stop-50.rsf
1337,WCA_vs_LIMBO,UEM_vs_IL,25_vs_75,140_vs_90,_vs_,88.86118038,0.422222222,mapreduceclientcore_algo-wca_measure-uem_serial-140_stop-25.rsf | mapreduceclientcore_algo-limbo_measure-il_serial-90_stop-75.rsf
1338,WCA_vs_LIMBO,UEM_vs_IL,50_vs_100,140_vs_100,_vs_,88.61754967,0.34,mapreduceclientcore_algo-wca_measure-uem_serial-140_stop-50.rsf | mapreduceclientcore_algo-limbo_measure-il_serial-100_stop-100.rsf
1339,WCA_vs_LIMBO,UEM_vs_IL,50_vs_25,140_vs_100,_vs_,88.61754967,0.34,mapreduceclientcore_algo-wca_measure-uem_serial-140_stop-50.rsf | mapreduceclientcore_algo-limbo_measure-il_serial-100_stop-25.rsf
1340,WCA_vs_LIMBO,UEM_vs_IL,50_vs_50,140_vs_100,_vs_,88.61754967,0.34,mapreduceclientcore_algo-wca_measure-uem_serial-140_stop-50.rsf | mapreduceclientcore_algo-limbo_measure-il_serial-100_stop-50.rsf
1341,WCA_vs_LIMBO,UEM_vs_IL,50_vs_75,140_vs_100,_vs_,88.61754967,0.34,mapreduceclientcore_algo-wca_measure-uem_serial-140_stop-50.rsf | mapreduceclientcore_algo-limbo_measure-il_serial-100_stop-75.rsf
1342,WCA_vs_LIMBO,UEM_vs_IL,50_vs_100,140_vs_110,_vs_,89.0354493,0.318181818,mapreduceclientcore_algo-wca_measure-uem_serial-140_stop-50.rsf | mapreduceclientcore_algo-limbo_measure-il_serial-110_stop-100.rsf
1343,WCA_vs_LIMBO,UEM_vs_IL,50_vs_25,140_vs_110,_vs_,89.0354493,0.318181818,mapreduceclientcore_algo-wca_measure-uem_serial-140_stop-50.rsf | mapreduceclientcore_algo-limbo_measure-il_serial-110_stop-25.rsf
1344,WCA_vs_LIMBO,UEM_vs_IL,50_vs_50,140_vs_110,_vs_,89.0354493,0.318181818,mapreduceclientcore_algo-wca_measure-uem_serial-140_stop-50.rsf | mapreduceclientcore_algo-limbo_measure-il_serial-110_stop-50.rsf
1345,WCA_vs_LIMBO,UEM_vs_IL,50_vs_75,140_vs_110,_vs_,89.0354493,0.318181818,mapreduceclientcore_algo-wca_measure-uem_serial-140_stop-50.rsf | mapreduceclientcore_algo-limbo_measure-il_serial-110_stop-75.rsf
1346,WCA_vs_LIMBO,UEM_vs_IL,50_vs_25,140_vs_25,_vs_,78.55617258,0.48,mapreduceclientcore_algo-wca_measure-uem_serial-140_stop-50.rsf | mapreduceclientcore_algo-limbo_measure-il_serial-25_stop-25.rsf
1347,WCA_vs_LIMBO,UEM_vs_IL,50_vs_25,140_vs_30,_vs_,80.30690537,0.433333333,mapreduceclientcore_algo-wca_measure-uem_serial-140_stop-50.rsf | mapreduceclientcore_algo-limbo_measure-il_serial-30_stop-25.rsf
1348,WCA_vs_LIMBO,UEM_vs_IL,50_vs_25,140_vs_40,_vs_,82.51273345,0.4,mapreduceclientcore_algo-wca_measure-uem_serial-140_stop-50.rsf | mapreduceclientcore_algo-limbo_measure-il_serial-40_stop-25.rsf
1349,WCA_vs_LIMBO,UEM_vs_IL,50_vs_25,140_vs_50,_vs_,84.10819949,0.46,mapreduceclientcore_algo-wca_measure-uem_serial-140_stop-50.rsf | mapreduceclientcore_algo-limbo_measure-il_serial-50_stop-25.rsf
1350,WCA_vs_LIMBO,UEM_vs_IL,50_vs_50,140_vs_50,_vs_,84.10819949,0.46,mapreduceclientcore_algo-wca_measure-uem_serial-140_stop-50.rsf | mapreduceclientcore_algo-limbo_measure-il_serial-50_stop-50.rsf
1351,WCA_vs_LIMBO,UEM_vs_IL,50_vs_25,140_vs_60,_vs_,85.60606061,0.416666667,mapreduceclientcore_algo-wca_measure-uem_serial-140_stop-50.rsf | mapreduceclientcore_algo-limbo_measure-il_serial-60_stop-25.rsf
1352,WCA_vs_LIMBO,UEM_vs_IL,50_vs_50,140_vs_60,_vs_,85.60606061,0.416666667,mapreduceclientcore_algo-wca_measure-uem_serial-140_stop-50.rsf | mapreduceclientcore_algo-limbo_measure-il_serial-60_stop-50.rsf
1353,WCA_vs_LIMBO,UEM_vs_IL,50_vs_25,140_vs_70,_vs_,87.34283319,0.471428571,mapreduceclientcore_algo-wca_measure-uem_serial-140_stop-50.rsf | mapreduceclientcore_algo-limbo_measure-il_serial-70_stop-25.rsf
1354,WCA_vs_LIMBO,UEM_vs_IL,50_vs_50,140_vs_70,_vs_,87.34283319,0.471428571,mapreduceclientcore_algo-wca_measure-uem_serial-140_stop-50.rsf | mapreduceclientcore_algo-limbo_measure-il_serial-70_stop-50.rsf
1355,WCA_vs_LIMBO,UEM_vs_IL,50_vs_25,140_vs_80,_vs_,88.31385643,0.475,mapreduceclientcore_algo-wca_measure-uem_serial-140_stop-50.rsf | mapreduceclientcore_algo-limbo_measure-il_serial-80_stop-25.rsf
1356,WCA_vs_LIMBO,UEM_vs_IL,50_vs_50,140_vs_80,_vs_,88.31385643,0.475,mapreduceclientcore_algo-wca_measure-uem_serial-140_stop-50.rsf | mapreduceclientcore_algo-limbo_measure-il_serial-80_stop-50.rsf
1357,WCA_vs_LIMBO,UEM_vs_IL,50_vs_75,140_vs_80,_vs_,88.31385643,0.475,mapreduceclientcore_algo-wca_measure-uem_serial-140_stop-50.rsf | mapreduceclientcore_algo-limbo_measure-il_serial-80_stop-75.rsf
1358,WCA_vs_LIMBO,UEM_vs_IL,50_vs_25,140_vs_90,_vs_,88.86118038,0.422222222,mapreduceclientcore_algo-wca_measure-uem_serial-140_stop-50.rsf | mapreduceclientcore_algo-limbo_measure-il_serial-90_stop-25.rsf
1359,WCA_vs_LIMBO,UEM_vs_IL,50_vs_50,140_vs_90,_vs_,88.86118038,0.422222222,mapreduceclientcore_algo-wca_measure-uem_serial-140_stop-50.rsf | mapreduceclientcore_algo-limbo_measure-il_serial-90_stop-50.rsf
1360,WCA_vs_LIMBO,UEM_vs_IL,50_vs_75,140_vs_90,_vs_,88.86118038,0.422222222,mapreduceclientcore_algo-wca_measure-uem_serial-140_stop-50.rsf | mapreduceclientcore_algo-limbo_measure-il_serial-90_stop-75.rsf
1361,WCA_vs_LIMBO,UEM_vs_IL,75_vs_100,140_vs_100,_vs_,88.61754967,0.34,mapreduceclientcore_algo-wca_measure-uem_serial-140_stop-75.rsf | mapreduceclientcore_algo-limbo_measure-il_serial-100_stop-100.rsf
1362,WCA_vs_LIMBO,UEM_vs_IL,75_vs_25,140_vs_100,_vs_,88.61754967,0.34,mapreduceclientcore_algo-wca_measure-uem_serial-140_stop-75.rsf | mapreduceclientcore_algo-limbo_measure-il_serial-100_stop-25.rsf
1363,WCA_vs_LIMBO,UEM_vs_IL,75_vs_50,140_vs_100,_vs_,88.61754967,0.34,mapreduceclientcore_algo-wca_measure-uem_serial-140_stop-75.rsf | mapreduceclientcore_algo-limbo_measure-il_serial-100_stop-50.rsf
1364,WCA_vs_LIMBO,UEM_vs_IL,75_vs_75,140_vs_100,_vs_,88.61754967,0.34,mapreduceclientcore_algo-wca_measure-uem_serial-140_stop-75.rsf | mapreduceclientcore_algo-limbo_measure-il_serial-100_stop-75.rsf
1365,WCA_vs_LIMBO,UEM_vs_IL,75_vs_100,140_vs_110,_vs_,89.0354493,0.318181818,mapreduceclientcore_algo-wca_measure-uem_serial-140_stop-75.rsf | mapreduceclientcore_algo-limbo_measure-il_serial-110_stop-100.rsf
1366,WCA_vs_LIMBO,UEM_vs_IL,75_vs_25,140_vs_110,_vs_,89.0354493,0.318181818,mapreduceclientcore_algo-wca_measure-uem_serial-140_stop-75.rsf | mapreduceclientcore_algo-limbo_measure-il_serial-110_stop-25.rsf
1367,WCA_vs_LIMBO,UEM_vs_IL,75_vs_50,140_vs_110,_vs_,89.0354493,0.318181818,mapreduceclientcore_algo-wca_measure-uem_serial-140_stop-75.rsf | mapreduceclientcore_algo-limbo_measure-il_serial-110_stop-50.rsf
1368,WCA_vs_LIMBO,UEM_vs_IL,75_vs_75,140_vs_110,_vs_,89.0354493,0.318181818,mapreduceclientcore_algo-wca_measure-uem_serial-140_stop-75.rsf | mapreduceclientcore_algo-limbo_measure-il_serial-110_stop-75.rsf
1369,WCA_vs_LIMBO,UEM_vs_IL,75_vs_25,140_vs_25,_vs_,78.55617258,0.48,mapreduceclientcore_algo-wca_measure-uem_serial-140_stop-75.rsf | mapreduceclientcore_algo-limbo_measure-il_serial-25_stop-25.rsf
1370,WCA_vs_LIMBO,UEM_vs_IL,75_vs_25,140_vs_30,_vs_,80.30690537,0.433333333,mapreduceclientcore_algo-wca_measure-uem_serial-140_stop-75.rsf | mapreduceclientcore_algo-limbo_measure-il_serial-30_stop-25.rsf
1371,WCA_vs_LIMBO,UEM_vs_IL,75_vs_25,140_vs_40,_vs_,82.51273345,0.4,mapreduceclientcore_algo-wca_measure-uem_serial-140_stop-75.rsf | mapreduceclientcore_algo-limbo_measure-il_serial-40_stop-25.rsf
1372,WCA_vs_LIMBO,UEM_vs_IL,75_vs_25,140_vs_50,_vs_,84.10819949,0.46,mapreduceclientcore_algo-wca_measure-uem_serial-140_stop-75.rsf | mapreduceclientcore_algo-limbo_measure-il_serial-50_stop-25.rsf
1373,WCA_vs_LIMBO,UEM_vs_IL,75_vs_50,140_vs_50,_vs_,84.10819949,0.46,mapreduceclientcore_algo-wca_measure-uem_serial-140_stop-75.rsf | mapreduceclientcore_algo-limbo_measure-il_serial-50_stop-50.rsf
1374,WCA_vs_LIMBO,UEM_vs_IL,75_vs_25,140_vs_60,_vs_,85.60606061,0.416666667,mapreduceclientcore_algo-wca_measure-uem_serial-140_stop-75.rsf | mapreduceclientcore_algo-limbo_measure-il_serial-60_stop-25.rsf
1375,WCA_vs_LIMBO,UEM_vs_IL,75_vs_50,140_vs_60,_vs_,85.60606061,0.416666667,mapreduceclientcore_algo-wca_measure-uem_serial-140_stop-75.rsf | mapreduceclientcore_algo-limbo_measure-il_serial-60_stop-50.rsf
1376,WCA_vs_LIMBO,UEM_vs_IL,75_vs_25,140_vs_70,_vs_,87.34283319,0.471428571,mapreduceclientcore_algo-wca_measure-uem_serial-140_stop-75.rsf | mapreduceclientcore_algo-limbo_measure-il_serial-70_stop-25.rsf
1377,WCA_vs_LIMBO,UEM_vs_IL,75_vs_50,140_vs_70,_vs_,87.34283319,0.471428571,mapreduceclientcore_algo-wca_measure-uem_serial-140_stop-75.rsf | mapreduceclientcore_algo-limbo_measure-il_serial-70_stop-50.rsf
1378,WCA_vs_LIMBO,UEM_vs_IL,75_vs_25,140_vs_80,_vs_,88.31385643,0.475,mapreduceclientcore_algo-wca_measure-uem_serial-140_stop-75.rsf | mapreduceclientcore_algo-limbo_measure-il_serial-80_stop-25.rsf
1379,WCA_vs_LIMBO,UEM_vs_IL,75_vs_50,140_vs_80,_vs_,88.31385643,0.475,mapreduceclientcore_algo-wca_measure-uem_serial-140_stop-75.rsf | mapreduceclientcore_algo-limbo_measure-il_serial-80_stop-50.rsf
1380,WCA_vs_LIMBO,UEM_vs_IL,75_vs_75,140_vs_80,_vs_,88.31385643,0.475,mapreduceclientcore_algo-wca_measure-uem_serial-140_stop-75.rsf | mapreduceclientcore_algo-limbo_measure-il_serial-80_stop-75.rsf
1381,WCA_vs_LIMBO,UEM_vs_IL,75_vs_25,140_vs_90,_vs_,88.86118038,0.422222222,mapreduceclientcore_algo-wca_measure-uem_serial-140_stop-75.rsf | mapreduceclientcore_algo-limbo_measure-il_serial-90_stop-25.rsf
1382,WCA_vs_LIMBO,UEM_vs_IL,75_vs_50,140_vs_90,_vs_,88.86118038,0.422222222,mapreduceclientcore_algo-wca_measure-uem_serial-140_stop-75.rsf | mapreduceclientcore_algo-limbo_measure-il_serial-90_stop-50.rsf
1383,WCA_vs_LIMBO,UEM_vs_IL,75_vs_75,140_vs_90,_vs_,88.86118038,0.422222222,mapreduceclientcore_algo-wca_measure-uem_serial-140_stop-75.rsf | mapreduceclientcore_algo-limbo_measure-il_serial-90_stop-75.rsf
1384,WCA_vs_LIMBO,UEM_vs_IL,100_vs_100,150_vs_100,_vs_,88.87056884,0.41,mapreduceclientcore_algo-wca_measure-uem_serial-150_stop-100.rsf | mapreduceclientcore_algo-limbo_measure-il_serial-100_stop-100.rsf
1385,WCA_vs_LIMBO,UEM_vs_IL,100_vs_25,150_vs_100,_vs_,88.87056884,0.41,mapreduceclientcore_algo-wca_measure-uem_serial-150_stop-100.rsf | mapreduceclientcore_algo-limbo_measure-il_serial-100_stop-25.rsf
1386,WCA_vs_LIMBO,UEM_vs_IL,100_vs_50,150_vs_100,_vs_,88.87056884,0.41,mapreduceclientcore_algo-wca_measure-uem_serial-150_stop-100.rsf | mapreduceclientcore_algo-limbo_measure-il_serial-100_stop-50.rsf
1387,WCA_vs_LIMBO,UEM_vs_IL,100_vs_75,150_vs_100,_vs_,88.87056884,0.41,mapreduceclientcore_algo-wca_measure-uem_serial-150_stop-100.rsf | mapreduceclientcore_algo-limbo_measure-il_serial-100_stop-75.rsf
1388,WCA_vs_LIMBO,UEM_vs_IL,100_vs_100,150_vs_110,_vs_,89.28571429,0.390909091,mapreduceclientcore_algo-wca_measure-uem_serial-150_stop-100.rsf | mapreduceclientcore_algo-limbo_measure-il_serial-110_stop-100.rsf
1389,WCA_vs_LIMBO,UEM_vs_IL,100_vs_25,150_vs_110,_vs_,89.28571429,0.390909091,mapreduceclientcore_algo-wca_measure-uem_serial-150_stop-100.rsf | mapreduceclientcore_algo-limbo_measure-il_serial-110_stop-25.rsf
1390,WCA_vs_LIMBO,UEM_vs_IL,100_vs_50,150_vs_110,_vs_,89.28571429,0.390909091,mapreduceclientcore_algo-wca_measure-uem_serial-150_stop-100.rsf | mapreduceclientcore_algo-limbo_measure-il_serial-110_stop-50.rsf
1391,WCA_vs_LIMBO,UEM_vs_IL,100_vs_75,150_vs_110,_vs_,89.28571429,0.390909091,mapreduceclientcore_algo-wca_measure-uem_serial-150_stop-100.rsf | mapreduceclientcore_algo-limbo_measure-il_serial-110_stop-75.rsf
1392,WCA_vs_LIMBO,UEM_vs_IL,100_vs_25,150_vs_25,_vs_,78.30710336,0.52,mapreduceclientcore_algo-wca_measure-uem_serial-150_stop-100.rsf | mapreduceclientcore_algo-limbo_measure-il_serial-25_stop-25.rsf
1393,WCA_vs_LIMBO,UEM_vs_IL,100_vs_25,150_vs_30,_vs_,80.05093379,0.466666667,mapreduceclientcore_algo-wca_measure-uem_serial-150_stop-100.rsf | mapreduceclientcore_algo-limbo_measure-il_serial-30_stop-25.rsf
1394,WCA_vs_LIMBO,UEM_vs_IL,100_vs_25,150_vs_40,_vs_,82.24852071,0.425,mapreduceclientcore_algo-wca_measure-uem_serial-150_stop-100.rsf | mapreduceclientcore_algo-limbo_measure-il_serial-40_stop-25.rsf
1395,WCA_vs_LIMBO,UEM_vs_IL,100_vs_25,150_vs_50,_vs_,83.83838384,0.48,mapreduceclientcore_algo-wca_measure-uem_serial-150_stop-100.rsf | mapreduceclientcore_algo-limbo_measure-il_serial-50_stop-25.rsf
1396,WCA_vs_LIMBO,UEM_vs_IL,100_vs_50,150_vs_50,_vs_,83.83838384,0.48,mapreduceclientcore_algo-wca_measure-uem_serial-150_stop-100.rsf | mapreduceclientcore_algo-limbo_measure-il_serial-50_stop-50.rsf
1397,WCA_vs_LIMBO,UEM_vs_IL,100_vs_25,150_vs_60,_vs_,85.33109807,0.433333333,mapreduceclientcore_algo-wca_measure-uem_serial-150_stop-100.rsf | mapreduceclientcore_algo-limbo_measure-il_serial-60_stop-25.rsf
1398,WCA_vs_LIMBO,UEM_vs_IL,100_vs_50,150_vs_60,_vs_,85.33109807,0.433333333,mapreduceclientcore_algo-wca_measure-uem_serial-150_stop-100.rsf | mapreduceclientcore_algo-limbo_measure-il_serial-60_stop-50.rsf
1399,WCA_vs_LIMBO,UEM_vs_IL,100_vs_25,150_vs_70,_vs_,87.1869783,0.5,mapreduceclientcore_algo-wca_measure-uem_serial-150_stop-100.rsf | mapreduceclientcore_algo-limbo_measure-il_serial-70_stop-25.rsf
1400,WCA_vs_LIMBO,UEM_vs_IL,100_vs_50,150_vs_70,_vs_,87.1869783,0.5,mapreduceclientcore_algo-wca_measure-uem_serial-150_stop-100.rsf | mapreduceclientcore_algo-limbo_measure-il_serial-70_stop-50.rsf
1401,WCA_vs_LIMBO,UEM_vs_IL,100_vs_25,150_vs_80,_vs_,88.27930175,0.525,mapreduceclientcore_algo-wca_measure-uem_serial-150_stop-100.rsf | mapreduceclientcore_algo-limbo_measure-il_serial-80_stop-25.rsf
1402,WCA_vs_LIMBO,UEM_vs_IL,100_vs_50,150_vs_80,_vs_,88.27930175,0.525,mapreduceclientcore_algo-wca_measure-uem_serial-150_stop-100.rsf | mapreduceclientcore_algo-limbo_measure-il_serial-80_stop-50.rsf
1403,WCA_vs_LIMBO,UEM_vs_IL,100_vs_75,150_vs_80,_vs_,88.27930175,0.525,mapreduceclientcore_algo-wca_measure-uem_serial-150_stop-100.rsf | mapreduceclientcore_algo-limbo_measure-il_serial-80_stop-75.rsf
1404,WCA_vs_LIMBO,UEM_vs_IL,100_vs_25,150_vs_90,_vs_,88.86589404,0.477777778,mapreduceclientcore_algo-wca_measure-uem_serial-150_stop-100.rsf | mapreduceclientcore_algo-limbo_measure-il_serial-90_stop-25.rsf
1405,WCA_vs_LIMBO,UEM_vs_IL,100_vs_50,150_vs_90,_vs_,88.86589404,0.477777778,mapreduceclientcore_algo-wca_measure-uem_serial-150_stop-100.rsf | mapreduceclientcore_algo-limbo_measure-il_serial-90_stop-50.rsf
1406,WCA_vs_LIMBO,UEM_vs_IL,100_vs_75,150_vs_90,_vs_,88.86589404,0.477777778,mapreduceclientcore_algo-wca_measure-uem_serial-150_stop-100.rsf | mapreduceclientcore_algo-limbo_measure-il_serial-90_stop-75.rsf
1407,WCA_vs_LIMBO,UEM_vs_IL,25_vs_100,150_vs_100,_vs_,88.87056884,0.41,mapreduceclientcore_algo-wca_measure-uem_serial-150_stop-25.rsf | mapreduceclientcore_algo-limbo_measure-il_serial-100_stop-100.rsf
1408,WCA_vs_LIMBO,UEM_vs_IL,25_vs_25,150_vs_100,_vs_,88.87056884,0.41,mapreduceclientcore_algo-wca_measure-uem_serial-150_stop-25.rsf | mapreduceclientcore_algo-limbo_measure-il_serial-100_stop-25.rsf
1409,WCA_vs_LIMBO,UEM_vs_IL,25_vs_50,150_vs_100,_vs_,88.87056884,0.41,mapreduceclientcore_algo-wca_measure-uem_serial-150_stop-25.rsf | mapreduceclientcore_algo-limbo_measure-il_serial-100_stop-50.rsf
1410,WCA_vs_LIMBO,UEM_vs_IL,25_vs_75,150_vs_100,_vs_,88.87056884,0.41,mapreduceclientcore_algo-wca_measure-uem_serial-150_stop-25.rsf | mapreduceclientcore_algo-limbo_measure-il_serial-100_stop-75.rsf
1411,WCA_vs_LIMBO,UEM_vs_IL,25_vs_100,150_vs_110,_vs_,89.28571429,0.390909091,mapreduceclientcore_algo-wca_measure-uem_serial-150_stop-25.rsf | mapreduceclientcore_algo-limbo_measure-il_serial-110_stop-100.rsf
1412,WCA_vs_LIMBO,UEM_vs_IL,25_vs_25,150_vs_110,_vs_,89.28571429,0.390909091,mapreduceclientcore_algo-wca_measure-uem_serial-150_stop-25.rsf | mapreduceclientcore_algo-limbo_measure-il_serial-110_stop-25.rsf
1413,WCA_vs_LIMBO,UEM_vs_IL,25_vs_50,150_vs_110,_vs_,89.28571429,0.390909091,mapreduceclientcore_algo-wca_measure-uem_serial-150_stop-25.rsf | mapreduceclientcore_algo-limbo_measure-il_serial-110_stop-50.rsf
1414,WCA_vs_LIMBO,UEM_vs_IL,25_vs_75,150_vs_110,_vs_,89.28571429,0.390909091,mapreduceclientcore_algo-wca_measure-uem_serial-150_stop-25.rsf | mapreduceclientcore_algo-limbo_measure-il_serial-110_stop-75.rsf
1415,WCA_vs_LIMBO,UEM_vs_IL,25_vs_25,150_vs_25,_vs_,78.30710336,0.52,mapreduceclientcore_algo-wca_measure-uem_serial-150_stop-25.rsf | mapreduceclientcore_algo-limbo_measure-il_serial-25_stop-25.rsf
1416,WCA_vs_LIMBO,UEM_vs_IL,25_vs_25,150_vs_30,_vs_,80.05093379,0.466666667,mapreduceclientcore_algo-wca_measure-uem_serial-150_stop-25.rsf | mapreduceclientcore_algo-limbo_measure-il_serial-30_stop-25.rsf
1417,WCA_vs_LIMBO,UEM_vs_IL,25_vs_25,150_vs_40,_vs_,82.24852071,0.425,mapreduceclientcore_algo-wca_measure-uem_serial-150_stop-25.rsf | mapreduceclientcore_algo-limbo_measure-il_serial-40_stop-25.rsf
1418,WCA_vs_LIMBO,UEM_vs_IL,25_vs_25,150_vs_50,_vs_,83.83838384,0.48,mapreduceclientcore_algo-wca_measure-uem_serial-150_stop-25.rsf | mapreduceclientcore_algo-limbo_measure-il_serial-50_stop-25.rsf
1419,WCA_vs_LIMBO,UEM_vs_IL,25_vs_50,150_vs_50,_vs_,83.83838384,0.48,mapreduceclientcore_algo-wca_measure-uem_serial-150_stop-25.rsf | mapreduceclientcore_algo-limbo_measure-il_serial-50_stop-50.rsf
1420,WCA_vs_LIMBO,UEM_vs_IL,25_vs_25,150_vs_60,_vs_,85.33109807,0.433333333,mapreduceclientcore_algo-wca_measure-uem_serial-150_stop-25.rsf | mapreduceclientcore_algo-limbo_measure-il_serial-60_stop-25.rsf
1421,WCA_vs_LIMBO,UEM_vs_IL,25_vs_50,150_vs_60,_vs_,85.33109807,0.433333333,mapreduceclientcore_algo-wca_measure-uem_serial-150_stop-25.rsf | mapreduceclientcore_algo-limbo_measure-il_serial-60_stop-50.rsf
1422,WCA_vs_LIMBO,UEM_vs_IL,25_vs_25,150_vs_70,_vs_,87.1869783,0.5,mapreduceclientcore_algo-wca_measure-uem_serial-150_stop-25.rsf | mapreduceclientcore_algo-limbo_measure-il_serial-70_stop-25.rsf
1423,WCA_vs_LIMBO,UEM_vs_IL,25_vs_50,150_vs_70,_vs_,87.1869783,0.5,mapreduceclientcore_algo-wca_measure-uem_serial-150_stop-25.rsf | mapreduceclientcore_algo-limbo_measure-il_serial-70_stop-50.rsf
1424,WCA_vs_LIMBO,UEM_vs_IL,25_vs_25,150_vs_80,_vs_,88.27930175,0.525,mapreduceclientcore_algo-wca_measure-uem_serial-150_stop-25.rsf | mapreduceclientcore_algo-limbo_measure-il_serial-80_stop-25.rsf
1425,WCA_vs_LIMBO,UEM_vs_IL,25_vs_50,150_vs_80,_vs_,88.27930175,0.525,mapreduceclientcore_algo-wca_measure-uem_serial-150_stop-25.rsf | mapreduceclientcore_algo-limbo_measure-il_serial-80_stop-50.rsf
1426,WCA_vs_LIMBO,UEM_vs_IL,25_vs_75,150_vs_80,_vs_,88.27930175,0.525,mapreduceclientcore_algo-wca_measure-uem_serial-150_stop-25.rsf | mapreduceclientcore_algo-limbo_measure-il_serial-80_stop-75.rsf
1427,WCA_vs_LIMBO,UEM_vs_IL,25_vs_25,150_vs_90,_vs_,88.86589404,0.477777778,mapreduceclientcore_algo-wca_measure-uem_serial-150_stop-25.rsf | mapreduceclientcore_algo-limbo_measure-il_serial-90_stop-25.rsf
1428,WCA_vs_LIMBO,UEM_vs_IL,25_vs_50,150_vs_90,_vs_,88.86589404,0.477777778,mapreduceclientcore_algo-wca_measure-uem_serial-150_stop-25.rsf | mapreduceclientcore_algo-limbo_measure-il_serial-90_stop-50.rsf
1429,WCA_vs_LIMBO,UEM_vs_IL,25_vs_75,150_vs_90,_vs_,88.86589404,0.477777778,mapreduceclientcore_algo-wca_measure-uem_serial-150_stop-25.rsf | mapreduceclientcore_algo-limbo_measure-il_serial-90_stop-75.rsf
1430,WCA_vs_LIMBO,UEM_vs_IL,50_vs_100,150_vs_100,_vs_,88.87056884,0.41,mapreduceclientcore_algo-wca_measure-uem_serial-150_stop-50.rsf | mapreduceclientcore_algo-limbo_measure-il_serial-100_stop-100.rsf
1431,WCA_vs_LIMBO,UEM_vs_IL,50_vs_25,150_vs_100,_vs_,88.87056884,0.41,mapreduceclientcore_algo-wca_measure-uem_serial-150_stop-50.rsf | mapreduceclientcore_algo-limbo_measure-il_serial-100_stop-25.rsf
1432,WCA_vs_LIMBO,UEM_vs_IL,50_vs_50,150_vs_100,_vs_,88.87056884,0.41,mapreduceclientcore_algo-wca_measure-uem_serial-150_stop-50.rsf | mapreduceclientcore_algo-limbo_measure-il_serial-100_stop-50.rsf
1433,WCA_vs_LIMBO,UEM_vs_IL,50_vs_75,150_vs_100,_vs_,88.87056884,0.41,mapreduceclientcore_algo-wca_measure-uem_serial-150_stop-50.rsf | mapreduceclientcore_algo-limbo_measure-il_serial-100_stop-75.rsf
1434,WCA_vs_LIMBO,UEM_vs_IL,50_vs_100,150_vs_110,_vs_,89.28571429,0.390909091,mapreduceclientcore_algo-wca_measure-uem_serial-150_stop-50.rsf | mapreduceclientcore_algo-limbo_measure-il_serial-110_stop-100.rsf
1435,WCA_vs_LIMBO,UEM_vs_IL,50_vs_25,150_vs_110,_vs_,89.28571429,0.390909091,mapreduceclientcore_algo-wca_measure-uem_serial-150_stop-50.rsf | mapreduceclientcore_algo-limbo_measure-il_serial-110_stop-25.rsf
1436,WCA_vs_LIMBO,UEM_vs_IL,50_vs_50,150_vs_110,_vs_,89.28571429,0.390909091,mapreduceclientcore_algo-wca_measure-uem_serial-150_stop-50.rsf | mapreduceclientcore_algo-limbo_measure-il_serial-110_stop-50.rsf
1437,WCA_vs_LIMBO,UEM_vs_IL,50_vs_75,150_vs_110,_vs_,89.28571429,0.390909091,mapreduceclientcore_algo-wca_measure-uem_serial-150_stop-50.rsf | mapreduceclientcore_algo-limbo_measure-il_serial-110_stop-75.rsf
1438,WCA_vs_LIMBO,UEM_vs_IL,50_vs_25,150_vs_25,_vs_,78.30710336,0.52,mapreduceclientcore_algo-wca_measure-uem_serial-150_stop-50.rsf | mapreduceclientcore_algo-limbo_measure-il_serial-25_stop-25.rsf
1439,WCA_vs_LIMBO,UEM_vs_IL,50_vs_25,150_vs_30,_vs_,80.05093379,0.466666667,mapreduceclientcore_algo-wca_measure-uem_serial-150_stop-50.rsf | mapreduceclientcore_algo-limbo_measure-il_serial-30_stop-25.rsf
1440,WCA_vs_LIMBO,UEM_vs_IL,50_vs_25,150_vs_40,_vs_,82.24852071,0.425,mapreduceclientcore_algo-wca_measure-uem_serial-150_stop-50.rsf | mapreduceclientcore_algo-limbo_measure-il_serial-40_stop-25.rsf
1441,WCA_vs_LIMBO,UEM_vs_IL,50_vs_25,150_vs_50,_vs_,83.83838384,0.48,mapreduceclientcore_algo-wca_measure-uem_serial-150_stop-50.rsf | mapreduceclientcore_algo-limbo_measure-il_serial-50_stop-25.rsf
1442,WCA_vs_LIMBO,UEM_vs_IL,50_vs_50,150_vs_50,_vs_,83.83838384,0.48,mapreduceclientcore_algo-wca_measure-uem_serial-150_stop-50.rsf | mapreduceclientcore_algo-limbo_measure-il_serial-50_stop-50.rsf
1443,WCA_vs_LIMBO,UEM_vs_IL,50_vs_25,150_vs_60,_vs_,85.33109807,0.433333333,mapreduceclientcore_algo-wca_measure-uem_serial-150_stop-50.rsf | mapreduceclientcore_algo-limbo_measure-il_serial-60_stop-25.rsf
1444,WCA_vs_LIMBO,UEM_vs_IL,50_vs_50,150_vs_60,_vs_,85.33109807,0.433333333,mapreduceclientcore_algo-wca_measure-uem_serial-150_stop-50.rsf | mapreduceclientcore_algo-limbo_measure-il_serial-60_stop-50.rsf
1445,WCA_vs_LIMBO,UEM_vs_IL,50_vs_25,150_vs_70,_vs_,87.1869783,0.5,mapreduceclientcore_algo-wca_measure-uem_serial-150_stop-50.rsf | mapreduceclientcore_algo-limbo_measure-il_serial-70_stop-25.rsf
1446,WCA_vs_LIMBO,UEM_vs_IL,50_vs_50,150_vs_70,_vs_,87.1869783,0.5,mapreduceclientcore_algo-wca_measure-uem_serial-150_stop-50.rsf | mapreduceclientcore_algo-limbo_measure-il_serial-70_stop-50.rsf
1447,WCA_vs_LIMBO,UEM_vs_IL,50_vs_25,150_vs_80,_vs_,88.27930175,0.525,mapreduceclientcore_algo-wca_measure-uem_serial-150_stop-50.rsf | mapreduceclientcore_algo-limbo_measure-il_serial-80_stop-25.rsf
1448,WCA_vs_LIMBO,UEM_vs_IL,50_vs_50,150_vs_80,_vs_,88.27930175,0.525,mapreduceclientcore_algo-wca_measure-uem_serial-150_stop-50.rsf | mapreduceclientcore_algo-limbo_measure-il_serial-80_stop-50.rsf
1449,WCA_vs_LIMBO,UEM_vs_IL,50_vs_75,150_vs_80,_vs_,88.27930175,0.525,mapreduceclientcore_algo-wca_measure-uem_serial-150_stop-50.rsf | mapreduceclientcore_algo-limbo_measure-il_serial-80_stop-75.rsf
1450,WCA_vs_LIMBO,UEM_vs_IL,50_vs_25,150_vs_90,_vs_,88.86589404,0.477777778,mapreduceclientcore_algo-wca_measure-uem_serial-150_stop-50.rsf | mapreduceclientcore_algo-limbo_measure-il_serial-90_stop-25.rsf
1451,WCA_vs_LIMBO,UEM_vs_IL,50_vs_50,150_vs_90,_vs_,88.86589404,0.477777778,mapreduceclientcore_algo-wca_measure-uem_serial-150_stop-50.rsf | mapreduceclientcore_algo-limbo_measure-il_serial-90_stop-50.rsf
1452,WCA_vs_LIMBO,UEM_vs_IL,50_vs_75,150_vs_90,_vs_,88.86589404,0.477777778,mapreduceclientcore_algo-wca_measure-uem_serial-150_stop-50.rsf | mapreduceclientcore_algo-limbo_measure-il_serial-90_stop-75.rsf
1453,WCA_vs_LIMBO,UEM_vs_IL,75_vs_100,150_vs_100,_vs_,88.87056884,0.41,mapreduceclientcore_algo-wca_measure-uem_serial-150_stop-75.rsf | mapreduceclientcore_algo-limbo_measure-il_serial-100_stop-100.rsf
1454,WCA_vs_LIMBO,UEM_vs_IL,75_vs_25,150_vs_100,_vs_,88.87056884,0.41,mapreduceclientcore_algo-wca_measure-uem_serial-150_stop-75.rsf | mapreduceclientcore_algo-limbo_measure-il_serial-100_stop-25.rsf
1455,WCA_vs_LIMBO,UEM_vs_IL,75_vs_50,150_vs_100,_vs_,88.87056884,0.41,mapreduceclientcore_algo-wca_measure-uem_serial-150_stop-75.rsf | mapreduceclientcore_algo-limbo_measure-il_serial-100_stop-50.rsf
1456,WCA_vs_LIMBO,UEM_vs_IL,75_vs_75,150_vs_100,_vs_,88.87056884,0.41,mapreduceclientcore_algo-wca_measure-uem_serial-150_stop-75.rsf | mapreduceclientcore_algo-limbo_measure-il_serial-100_stop-75.rsf
1457,WCA_vs_LIMBO,UEM_vs_IL,75_vs_100,150_vs_110,_vs_,89.28571429,0.390909091,mapreduceclientcore_algo-wca_measure-uem_serial-150_stop-75.rsf | mapreduceclientcore_algo-limbo_measure-il_serial-110_stop-100.rsf
1458,WCA_vs_LIMBO,UEM_vs_IL,75_vs_25,150_vs_110,_vs_,89.28571429,0.390909091,mapreduceclientcore_algo-wca_measure-uem_serial-150_stop-75.rsf | mapreduceclientcore_algo-limbo_measure-il_serial-110_stop-25.rsf
1459,WCA_vs_LIMBO,UEM_vs_IL,75_vs_50,150_vs_110,_vs_,89.28571429,0.390909091,mapreduceclientcore_algo-wca_measure-uem_serial-150_stop-75.rsf | mapreduceclientcore_algo-limbo_measure-il_serial-110_stop-50.rsf
1460,WCA_vs_LIMBO,UEM_vs_IL,75_vs_75,150_vs_110,_vs_,89.28571429,0.390909091,mapreduceclientcore_algo-wca_measure-uem_serial-150_stop-75.rsf | mapreduceclientcore_algo-limbo_measure-il_serial-110_stop-75.rsf
1461,WCA_vs_LIMBO,UEM_vs_IL,75_vs_25,150_vs_25,_vs_,78.30710336,0.52,mapreduceclientcore_algo-wca_measure-uem_serial-150_stop-75.rsf | mapreduceclientcore_algo-limbo_measure-il_serial-25_stop-25.rsf
1462,WCA_vs_LIMBO,UEM_vs_IL,75_vs_25,150_vs_30,_vs_,80.05093379,0.466666667,mapreduceclientcore_algo-wca_measure-uem_serial-150_stop-75.rsf | mapreduceclientcore_algo-limbo_measure-il_serial-30_stop-25.rsf
1463,WCA_vs_LIMBO,UEM_vs_IL,75_vs_25,150_vs_40,_vs_,82.24852071,0.425,mapreduceclientcore_algo-wca_measure-uem_serial-150_stop-75.rsf | mapreduceclientcore_algo-limbo_measure-il_serial-40_stop-25.rsf
1464,WCA_vs_LIMBO,UEM_vs_IL,75_vs_25,150_vs_50,_vs_,83.83838384,0.48,mapreduceclientcore_algo-wca_measure-uem_serial-150_stop-75.rsf | mapreduceclientcore_algo-limbo_measure-il_serial-50_stop-25.rsf
1465,WCA_vs_LIMBO,UEM_vs_IL,75_vs_50,150_vs_50,_vs_,83.83838384,0.48,mapreduceclientcore_algo-wca_measure-uem_serial-150_stop-75.rsf | mapreduceclientcore_algo-limbo_measure-il_serial-50_stop-50.rsf
1466,WCA_vs_LIMBO,UEM_vs_IL,75_vs_25,150_vs_60,_vs_,85.33109807,0.433333333,mapreduceclientcore_algo-wca_measure-uem_serial-150_stop-75.rsf | mapreduceclientcore_algo-limbo_measure-il_serial-60_stop-25.rsf
1467,WCA_vs_LIMBO,UEM_vs_IL,75_vs_50,150_vs_60,_vs_,85.33109807,0.433333333,mapreduceclientcore_algo-wca_measure-uem_serial-150_stop-75.rsf | mapreduceclientcore_algo-limbo_measure-il_serial-60_stop-50.rsf
1468,WCA_vs_LIMBO,UEM_vs_IL,75_vs_25,150_vs_70,_vs_,87.1869783,0.5,mapreduceclientcore_algo-wca_measure-uem_serial-150_stop-75.rsf | mapreduceclientcore_algo-limbo_measure-il_serial-70_stop-25.rsf
1469,WCA_vs_LIMBO,UEM_vs_IL,75_vs_50,150_vs_70,_vs_,87.1869783,0.5,mapreduceclientcore_algo-wca_measure-uem_serial-150_stop-75.rsf | mapreduceclientcore_algo-limbo_measure-il_serial-70_stop-50.rsf
1470,WCA_vs_LIMBO,UEM_vs_IL,75_vs_25,150_vs_80,_vs_,88.27930175,0.525,mapreduceclientcore_algo-wca_measure-uem_serial-150_stop-75.rsf | mapreduceclientcore_algo-limbo_measure-il_serial-80_stop-25.rsf
1471,WCA_vs_LIMBO,UEM_vs_IL,75_vs_50,150_vs_80,_vs_,88.27930175,0.525,mapreduceclientcore_algo-wca_measure-uem_serial-150_stop-75.rsf | mapreduceclientcore_algo-limbo_measure-il_serial-80_stop-50.rsf
1472,WCA_vs_LIMBO,UEM_vs_IL,75_vs_75,150_vs_80,_vs_,88.27930175,0.525,mapreduceclientcore_algo-wca_measure-uem_serial-150_stop-75.rsf | mapreduceclientcore_algo-limbo_measure-il_serial-80_stop-75.rsf
1473,WCA_vs_LIMBO,UEM_vs_IL,75_vs_25,150_vs_90,_vs_,88.86589404,0.477777778,mapreduceclientcore_algo-wca_measure-uem_serial-150_stop-75.rsf | mapreduceclientcore_algo-limbo_measure-il_serial-90_stop-25.rsf
1474,WCA_vs_LIMBO,UEM_vs_IL,75_vs_50,150_vs_90,_vs_,88.86589404,0.477777778,mapreduceclientcore_algo-wca_measure-uem_serial-150_stop-75.rsf | mapreduceclientcore_algo-limbo_measure-il_serial-90_stop-50.rsf
1475,WCA_vs_LIMBO,UEM_vs_IL,75_vs_75,150_vs_90,_vs_,88.86589404,0.477777778,mapreduceclientcore_algo-wca_measure-uem_serial-150_stop-75.rsf | mapreduceclientcore_algo-limbo_measure-il_serial-90_stop-75.rsf
1476,WCA_vs_LIMBO,UEM_vs_IL,25_vs_100,25_vs_100,_vs_,75.14124294,0.01,mapreduceclientcore_algo-wca_measure-uem_serial-25_stop-25.rsf | mapreduceclientcore_algo-limbo_measure-il_serial-100_stop-100.rsf
1477,WCA_vs_LIMBO,UEM_vs_IL,25_vs_25,25_vs_100,_vs_,75.14124294,0.01,mapreduceclientcore_algo-wca_measure-uem_serial-25_stop-25.rsf | mapreduceclientcore_algo-limbo_measure-il_serial-100_stop-25.rsf
1478,WCA_vs_LIMBO,UEM_vs_IL,25_vs_50,25_vs_100,_vs_,75.14124294,0.01,mapreduceclientcore_algo-wca_measure-uem_serial-25_stop-25.rsf | mapreduceclientcore_algo-limbo_measure-il_serial-100_stop-50.rsf
1479,WCA_vs_LIMBO,UEM_vs_IL,25_vs_75,25_vs_100,_vs_,75.14124294,0.01,mapreduceclientcore_algo-wca_measure-uem_serial-25_stop-25.rsf | mapreduceclientcore_algo-limbo_measure-il_serial-100_stop-75.rsf
1480,WCA_vs_LIMBO,UEM_vs_IL,25_vs_100,25_vs_110,_vs_,74.81609693,0.009090909,mapreduceclientcore_algo-wca_measure-uem_serial-25_stop-25.rsf | mapreduceclientcore_algo-limbo_measure-il_serial-110_stop-100.rsf
1481,WCA_vs_LIMBO,UEM_vs_IL,25_vs_25,25_vs_110,_vs_,74.81609693,0.009090909,mapreduceclientcore_algo-wca_measure-uem_serial-25_stop-25.rsf | mapreduceclientcore_algo-limbo_measure-il_serial-110_stop-25.rsf
1482,WCA_vs_LIMBO,UEM_vs_IL,25_vs_50,25_vs_110,_vs_,74.81609693,0.009090909,mapreduceclientcore_algo-wca_measure-uem_serial-25_stop-25.rsf | mapreduceclientcore_algo-limbo_measure-il_serial-110_stop-50.rsf
1483,WCA_vs_LIMBO,UEM_vs_IL,25_vs_75,25_vs_110,_vs_,74.81609693,0.009090909,mapreduceclientcore_algo-wca_measure-uem_serial-25_stop-25.rsf | mapreduceclientcore_algo-limbo_measure-il_serial-110_stop-75.rsf
1484,WCA_vs_LIMBO,UEM_vs_IL,25_vs_25,25_vs_25,_vs_,84.99550764,0,mapreduceclientcore_algo-wca_measure-uem_serial-25_stop-25.rsf | mapreduceclientcore_algo-limbo_measure-il_serial-25_stop-25.rsf
1485,WCA_vs_LIMBO,UEM_vs_IL,25_vs_25,25_vs_30,_vs_,81.12953832,0,mapreduceclientcore_algo-wca_measure-uem_serial-25_stop-25.rsf | mapreduceclientcore_algo-limbo_measure-il_serial-30_stop-25.rsf
1486,WCA_vs_LIMBO,UEM_vs_IL,25_vs_25,25_vs_40,_vs_,80.7675145,0,mapreduceclientcore_algo-wca_measure-uem_serial-25_stop-25.rsf | mapreduceclientcore_algo-limbo_measure-il_serial-40_stop-25.rsf
1487,WCA_vs_LIMBO,UEM_vs_IL,25_vs_25,25_vs_50,_vs_,77.92092403,0,mapreduceclientcore_algo-wca_measure-uem_serial-25_stop-25.rsf | mapreduceclientcore_algo-limbo_measure-il_serial-50_stop-25.rsf
1488,WCA_vs_LIMBO,UEM_vs_IL,25_vs_50,25_vs_50,_vs_,77.92092403,0,mapreduceclientcore_algo-wca_measure-uem_serial-25_stop-25.rsf | mapreduceclientcore_algo-limbo_measure-il_serial-50_stop-50.rsf
1489,WCA_vs_LIMBO,UEM_vs_IL,25_vs_25,25_vs_60,_vs_,77.57629368,0,mapreduceclientcore_algo-wca_measure-uem_serial-25_stop-25.rsf | mapreduceclientcore_algo-limbo_measure-il_serial-60_stop-25.rsf
1490,WCA_vs_LIMBO,UEM_vs_IL,25_vs_50,25_vs_60,_vs_,77.57629368,0,mapreduceclientcore_algo-wca_measure-uem_serial-25_stop-25.rsf | mapreduceclientcore_algo-limbo_measure-il_serial-60_stop-50.rsf
1491,WCA_vs_LIMBO,UEM_vs_IL,25_vs_25,25_vs_70,_vs_,77.23469837,0,mapreduceclientcore_algo-wca_measure-uem_serial-25_stop-25.rsf | mapreduceclientcore_algo-limbo_measure-il_serial-70_stop-25.rsf
1492,WCA_vs_LIMBO,UEM_vs_IL,25_vs_50,25_vs_70,_vs_,77.23469837,0,mapreduceclientcore_algo-wca_measure-uem_serial-25_stop-25.rsf | mapreduceclientcore_algo-limbo_measure-il_serial-70_stop-50.rsf
1493,WCA_vs_LIMBO,UEM_vs_IL,25_vs_25,25_vs_80,_vs_,76.8960982,0.0125,mapreduceclientcore_algo-wca_measure-uem_serial-25_stop-25.rsf | mapreduceclientcore_algo-limbo_measure-il_serial-80_stop-25.rsf
1494,WCA_vs_LIMBO,UEM_vs_IL,25_vs_50,25_vs_80,_vs_,76.8960982,0.0125,mapreduceclientcore_algo-wca_measure-uem_serial-25_stop-25.rsf | mapreduceclientcore_algo-limbo_measure-il_serial-80_stop-50.rsf
1495,WCA_vs_LIMBO,UEM_vs_IL,25_vs_75,25_vs_80,_vs_,76.8960982,0.0125,mapreduceclientcore_algo-wca_measure-uem_serial-25_stop-25.rsf | mapreduceclientcore_algo-limbo_measure-il_serial-80_stop-75.rsf
1496,WCA_vs_LIMBO,UEM_vs_IL,25_vs_25,25_vs_90,_vs_,75.42557835,0.011111111,mapreduceclientcore_algo-wca_measure-uem_serial-25_stop-25.rsf | mapreduceclientcore_algo-limbo_measure-il_serial-90_stop-25.rsf
1497,WCA_vs_LIMBO,UEM_vs_IL,25_vs_50,25_vs_90,_vs_,75.42557835,0.011111111,mapreduceclientcore_algo-wca_measure-uem_serial-25_stop-25.rsf | mapreduceclientcore_algo-limbo_measure-il_serial-90_stop-50.rsf
1498,WCA_vs_LIMBO,UEM_vs_IL,25_vs_75,25_vs_90,_vs_,75.42557835,0.011111111,mapreduceclientcore_algo-wca_measure-uem_serial-25_stop-25.rsf | mapreduceclientcore_algo-limbo_measure-il_serial-90_stop-75.rsf
1499,WCA_vs_LIMBO,UEM_vs_IL,25_vs_100,50_vs_100,_vs_,75.70937231,0.01,mapreduceclientcore_algo-wca_measure-uem_serial-50_stop-25.rsf | mapreduceclientcore_algo-limbo_measure-il_serial-100_stop-100.rsf
1500,WCA_vs_LIMBO,UEM_vs_IL,25_vs_25,50_vs_100,_vs_,75.70937231,0.01,mapreduceclientcore_algo-wca_measure-uem_serial-50_stop-25.rsf | mapreduceclientcore_algo-limbo_measure-il_serial-100_stop-25.rsf
1501,WCA_vs_LIMBO,UEM_vs_IL,25_vs_50,50_vs_100,_vs_,75.70937231,0.01,mapreduceclientcore_algo-wca_measure-uem_serial-50_stop-25.rsf | mapreduceclientcore_algo-limbo_measure-il_serial-100_stop-50.rsf
1502,WCA_vs_LIMBO,UEM_vs_IL,25_vs_75,50_vs_100,_vs_,75.70937231,0.01,mapreduceclientcore_algo-wca_measure-uem_serial-50_stop-25.rsf | mapreduceclientcore_algo-limbo_measure-il_serial-100_stop-75.rsf
1503,WCA_vs_LIMBO,UEM_vs_IL,25_vs_100,50_vs_110,_vs_,75.42808219,0.009090909,mapreduceclientcore_algo-wca_measure-uem_serial-50_stop-25.rsf | mapreduceclientcore_algo-limbo_measure-il_serial-110_stop-100.rsf
1504,WCA_vs_LIMBO,UEM_vs_IL,25_vs_25,50_vs_110,_vs_,75.42808219,0.009090909,mapreduceclientcore_algo-wca_measure-uem_serial-50_stop-25.rsf | mapreduceclientcore_algo-limbo_measure-il_serial-110_stop-25.rsf
1505,WCA_vs_LIMBO,UEM_vs_IL,25_vs_50,50_vs_110,_vs_,75.42808219,0.009090909,mapreduceclientcore_algo-wca_measure-uem_serial-50_stop-25.rsf | mapreduceclientcore_algo-limbo_measure-il_serial-110_stop-50.rsf
1506,WCA_vs_LIMBO,UEM_vs_IL,25_vs_75,50_vs_110,_vs_,75.42808219,0.009090909,mapreduceclientcore_algo-wca_measure-uem_serial-50_stop-25.rsf | mapreduceclientcore_algo-limbo_measure-il_serial-110_stop-75.rsf
1507,WCA_vs_LIMBO,UEM_vs_IL,25_vs_25,50_vs_25,_vs_,82.94091515,0,mapreduceclientcore_algo-wca_measure-uem_serial-50_stop-25.rsf | mapreduceclientcore_algo-limbo_measure-il_serial-25_stop-25.rsf
1508,WCA_vs_LIMBO,UEM_vs_IL,25_vs_25,50_vs_30,_vs_,79.56560284,0,mapreduceclientcore_algo-wca_measure-uem_serial-50_stop-25.rsf | mapreduceclientcore_algo-limbo_measure-il_serial-30_stop-25.rsf
1509,WCA_vs_LIMBO,UEM_vs_IL,25_vs_25,50_vs_40,_vs_,80.09708738,0,mapreduceclientcore_algo-wca_measure-uem_serial-50_stop-25.rsf | mapreduceclientcore_algo-limbo_measure-il_serial-40_stop-25.rsf
1510,WCA_vs_LIMBO,UEM_vs_IL,25_vs_25,50_vs_50,_vs_,78.64674868,0,mapreduceclientcore_algo-wca_measure-uem_serial-50_stop-25.rsf | mapreduceclientcore_algo-limbo_measure-il_serial-50_stop-25.rsf
1511,WCA_vs_LIMBO,UEM_vs_IL,25_vs_50,50_vs_50,_vs_,78.64674868,0,mapreduceclientcore_algo-wca_measure-uem_serial-50_stop-25.rsf | mapreduceclientcore_algo-limbo_measure-il_serial-50_stop-50.rsf
1512,WCA_vs_LIMBO,UEM_vs_IL,25_vs_25,50_vs_60,_vs_,77.82152231,0,mapreduceclientcore_algo-wca_measure-uem_serial-50_stop-25.rsf | mapreduceclientcore_algo-limbo_measure-il_serial-60_stop-25.rsf
1513,WCA_vs_LIMBO,UEM_vs_IL,25_vs_50,50_vs_60,_vs_,77.82152231,0,mapreduceclientcore_algo-wca_measure-uem_serial-50_stop-25.rsf | mapreduceclientcore_algo-limbo_measure-il_serial-60_stop-50.rsf
1514,WCA_vs_LIMBO,UEM_vs_IL,25_vs_25,50_vs_70,_vs_,77.4825784,0,mapreduceclientcore_algo-wca_measure-uem_serial-50_stop-25.rsf | mapreduceclientcore_algo-limbo_measure-il_serial-70_stop-25.rsf
1515,WCA_vs_LIMBO,UEM_vs_IL,25_vs_50,50_vs_70,_vs_,77.4825784,0,mapreduceclientcore_algo-wca_measure-uem_serial-50_stop-25.rsf | mapreduceclientcore_algo-limbo_measure-il_serial-70_stop-50.rsf
1516,WCA_vs_LIMBO,UEM_vs_IL,25_vs_25,50_vs_80,_vs_,77.14657415,0.0125,mapreduceclientcore_algo-wca_measure-uem_serial-50_stop-25.rsf | mapreduceclientcore_algo-limbo_measure-il_serial-80_stop-25.rsf
1517,WCA_vs_LIMBO,UEM_vs_IL,25_vs_50,50_vs_80,_vs_,77.14657415,0.0125,mapreduceclientcore_algo-wca_measure-uem_serial-50_stop-25.rsf | mapreduceclientcore_algo-limbo_measure-il_serial-80_stop-50.rsf
1518,WCA_vs_LIMBO,UEM_vs_IL,25_vs_75,50_vs_80,_vs_,77.14657415,0.0125,mapreduceclientcore_algo-wca_measure-uem_serial-50_stop-25.rsf | mapreduceclientcore_algo-limbo_measure-il_serial-80_stop-75.rsf
1519,WCA_vs_LIMBO,UEM_vs_IL,25_vs_25,50_vs_90,_vs_,75.94991364,0.011111111,mapreduceclientcore_algo-wca_measure-uem_serial-50_stop-25.rsf | mapreduceclientcore_algo-limbo_measure-il_serial-90_stop-25.rsf
1520,WCA_vs_LIMBO,UEM_vs_IL,25_vs_50,50_vs_90,_vs_,75.94991364,0.011111111,mapreduceclientcore_algo-wca_measure-uem_serial-50_stop-25.rsf | mapreduceclientcore_algo-limbo_measure-il_serial-90_stop-50.rsf
1521,WCA_vs_LIMBO,UEM_vs_IL,25_vs_75,50_vs_90,_vs_,75.94991364,0.011111111,mapreduceclientcore_algo-wca_measure-uem_serial-50_stop-25.rsf | mapreduceclientcore_algo-limbo_measure-il_serial-90_stop-75.rsf
1522,WCA_vs_LIMBO,UEM_vs_IL,50_vs_100,50_vs_100,_vs_,75.70937231,0.01,mapreduceclientcore_algo-wca_measure-uem_serial-50_stop-50.rsf | mapreduceclientcore_algo-limbo_measure-il_serial-100_stop-100.rsf
1523,WCA_vs_LIMBO,UEM_vs_IL,50_vs_25,50_vs_100,_vs_,75.70937231,0.01,mapreduceclientcore_algo-wca_measure-uem_serial-50_stop-50.rsf | mapreduceclientcore_algo-limbo_measure-il_serial-100_stop-25.rsf
1524,WCA_vs_LIMBO,UEM_vs_IL,50_vs_50,50_vs_100,_vs_,75.70937231,0.01,mapreduceclientcore_algo-wca_measure-uem_serial-50_stop-50.rsf | mapreduceclientcore_algo-limbo_measure-il_serial-100_stop-50.rsf
1525,WCA_vs_LIMBO,UEM_vs_IL,50_vs_75,50_vs_100,_vs_,75.70937231,0.01,mapreduceclientcore_algo-wca_measure-uem_serial-50_stop-50.rsf | mapreduceclientcore_algo-limbo_measure-il_serial-100_stop-75.rsf
1526,WCA_vs_LIMBO,UEM_vs_IL,50_vs_100,50_vs_110,_vs_,75.42808219,0.009090909,mapreduceclientcore_algo-wca_measure-uem_serial-50_stop-50.rsf | mapreduceclientcore_algo-limbo_measure-il_serial-110_stop-100.rsf
1527,WCA_vs_LIMBO,UEM_vs_IL,50_vs_25,50_vs_110,_vs_,75.42808219,0.009090909,mapreduceclientcore_algo-wca_measure-uem_serial-50_stop-50.rsf | mapreduceclientcore_algo-limbo_measure-il_serial-110_stop-25.rsf
1528,WCA_vs_LIMBO,UEM_vs_IL,50_vs_50,50_vs_110,_vs_,75.42808219,0.009090909,mapreduceclientcore_algo-wca_measure-uem_serial-50_stop-50.rsf | mapreduceclientcore_algo-limbo_measure-il_serial-110_stop-50.rsf
1529,WCA_vs_LIMBO,UEM_vs_IL,50_vs_75,50_vs_110,_vs_,75.42808219,0.009090909,mapreduceclientcore_algo-wca_measure-uem_serial-50_stop-50.rsf | mapreduceclientcore_algo-limbo_measure-il_serial-110_stop-75.rsf
1530,WCA_vs_LIMBO,UEM_vs_IL,50_vs_25,50_vs_25,_vs_,82.94091515,0,mapreduceclientcore_algo-wca_measure-uem_serial-50_stop-50.rsf | mapreduceclientcore_algo-limbo_measure-il_serial-25_stop-25.rsf
1531,WCA_vs_LIMBO,UEM_vs_IL,50_vs_25,50_vs_30,_vs_,79.56560284,0,mapreduceclientcore_algo-wca_measure-uem_serial-50_stop-50.rsf | mapreduceclientcore_algo-limbo_measure-il_serial-30_stop-25.rsf
1532,WCA_vs_LIMBO,UEM_vs_IL,50_vs_25,50_vs_40,_vs_,80.09708738,0,mapreduceclientcore_algo-wca_measure-uem_serial-50_stop-50.rsf | mapreduceclientcore_algo-limbo_measure-il_serial-40_stop-25.rsf
1533,WCA_vs_LIMBO,UEM_vs_IL,50_vs_25,50_vs_50,_vs_,78.64674868,0,mapreduceclientcore_algo-wca_measure-uem_serial-50_stop-50.rsf | mapreduceclientcore_algo-limbo_measure-il_serial-50_stop-25.rsf
1534,WCA_vs_LIMBO,UEM_vs_IL,50_vs_50,50_vs_50,_vs_,78.64674868,0,mapreduceclientcore_algo-wca_measure-uem_serial-50_stop-50.rsf | mapreduceclientcore_algo-limbo_measure-il_serial-50_stop-50.rsf
1535,WCA_vs_LIMBO,UEM_vs_IL,50_vs_25,50_vs_60,_vs_,77.82152231,0,mapreduceclientcore_algo-wca_measure-uem_serial-50_stop-50.rsf | mapreduceclientcore_algo-limbo_measure-il_serial-60_stop-25.rsf
1536,WCA_vs_LIMBO,UEM_vs_IL,50_vs_50,50_vs_60,_vs_,77.82152231,0,mapreduceclientcore_algo-wca_measure-uem_serial-50_stop-50.rsf | mapreduceclientcore_algo-limbo_measure-il_serial-60_stop-50.rsf
1537,WCA_vs_LIMBO,UEM_vs_IL,50_vs_25,50_vs_70,_vs_,77.4825784,0,mapreduceclientcore_algo-wca_measure-uem_serial-50_stop-50.rsf | mapreduceclientcore_algo-limbo_measure-il_serial-70_stop-25.rsf
1538,WCA_vs_LIMBO,UEM_vs_IL,50_vs_50,50_vs_70,_vs_,77.4825784,0,mapreduceclientcore_algo-wca_measure-uem_serial-50_stop-50.rsf | mapreduceclientcore_algo-limbo_measure-il_serial-70_stop-50.rsf
1539,WCA_vs_LIMBO,UEM_vs_IL,50_vs_25,50_vs_80,_vs_,77.14657415,0.0125,mapreduceclientcore_algo-wca_measure-uem_serial-50_stop-50.rsf | mapreduceclientcore_algo-limbo_measure-il_serial-80_stop-25.rsf
1540,WCA_vs_LIMBO,UEM_vs_IL,50_vs_50,50_vs_80,_vs_,77.14657415,0.0125,mapreduceclientcore_algo-wca_measure-uem_serial-50_stop-50.rsf | mapreduceclientcore_algo-limbo_measure-il_serial-80_stop-50.rsf
1541,WCA_vs_LIMBO,UEM_vs_IL,50_vs_75,50_vs_80,_vs_,77.14657415,0.0125,mapreduceclientcore_algo-wca_measure-uem_serial-50_stop-50.rsf | mapreduceclientcore_algo-limbo_measure-il_serial-80_stop-75.rsf
1542,WCA_vs_LIMBO,UEM_vs_IL,50_vs_25,50_vs_90,_vs_,75.94991364,0.011111111,mapreduceclientcore_algo-wca_measure-uem_serial-50_stop-50.rsf | mapreduceclientcore_algo-limbo_measure-il_serial-90_stop-25.rsf
1543,WCA_vs_LIMBO,UEM_vs_IL,50_vs_50,50_vs_90,_vs_,75.94991364,0.011111111,mapreduceclientcore_algo-wca_measure-uem_serial-50_stop-50.rsf | mapreduceclientcore_algo-limbo_measure-il_serial-90_stop-50.rsf
1544,WCA_vs_LIMBO,UEM_vs_IL,50_vs_75,50_vs_90,_vs_,75.94991364,0.011111111,mapreduceclientcore_algo-wca_measure-uem_serial-50_stop-50.rsf | mapreduceclientcore_algo-limbo_measure-il_serial-90_stop-75.rsf
1545,WCA_vs_LIMBO,UEM_vs_IL,25_vs_100,75_vs_100,_vs_,79.24287537,0.01,mapreduceclientcore_algo-wca_measure-uem_serial-75_stop-25.rsf | mapreduceclientcore_algo-limbo_measure-il_serial-100_stop-100.rsf
1546,WCA_vs_LIMBO,UEM_vs_IL,25_vs_25,75_vs_100,_vs_,79.24287537,0.01,mapreduceclientcore_algo-wca_measure-uem_serial-75_stop-25.rsf | mapreduceclientcore_algo-limbo_measure-il_serial-100_stop-25.rsf
1547,WCA_vs_LIMBO,UEM_vs_IL,25_vs_50,75_vs_100,_vs_,79.24287537,0.01,mapreduceclientcore_algo-wca_measure-uem_serial-75_stop-25.rsf | mapreduceclientcore_algo-limbo_measure-il_serial-100_stop-50.rsf
1548,WCA_vs_LIMBO,UEM_vs_IL,25_vs_75,75_vs_100,_vs_,79.24287537,0.01,mapreduceclientcore_algo-wca_measure-uem_serial-75_stop-25.rsf | mapreduceclientcore_algo-limbo_measure-il_serial-100_stop-75.rsf
1549,WCA_vs_LIMBO,UEM_vs_IL,25_vs_100,75_vs_110,_vs_,78.82253283,0.009090909,mapreduceclientcore_algo-wca_measure-uem_serial-75_stop-25.rsf | mapreduceclientcore_algo-limbo_measure-il_serial-110_stop-100.rsf
1550,WCA_vs_LIMBO,UEM_vs_IL,25_vs_25,75_vs_110,_vs_,78.82253283,0.009090909,mapreduceclientcore_algo-wca_measure-uem_serial-75_stop-25.rsf | mapreduceclientcore_algo-limbo_measure-il_serial-110_stop-25.rsf
1551,WCA_vs_LIMBO,UEM_vs_IL,25_vs_50,75_vs_110,_vs_,78.82253283,0.009090909,mapreduceclientcore_algo-wca_measure-uem_serial-75_stop-25.rsf | mapreduceclientcore_algo-limbo_measure-il_serial-110_stop-50.rsf
1552,WCA_vs_LIMBO,UEM_vs_IL,25_vs_75,75_vs_110,_vs_,78.82253283,0.009090909,mapreduceclientcore_algo-wca_measure-uem_serial-75_stop-25.rsf | mapreduceclientcore_algo-limbo_measure-il_serial-110_stop-75.rsf
1553,WCA_vs_LIMBO,UEM_vs_IL,25_vs_25,75_vs_25,_vs_,82.51318102,0,mapreduceclientcore_algo-wca_measure-uem_serial-75_stop-25.rsf | mapreduceclientcore_algo-limbo_measure-il_serial-25_stop-25.rsf
1554,WCA_vs_LIMBO,UEM_vs_IL,25_vs_25,75_vs_30,_vs_,83.42832091,0,mapreduceclientcore_algo-wca_measure-uem_serial-75_stop-25.rsf | mapreduceclientcore_algo-limbo_measure-il_serial-30_stop-25.rsf
1555,WCA_vs_LIMBO,UEM_vs_IL,25_vs_25,75_vs_40,_vs_,82.14753383,0,mapreduceclientcore_algo-wca_measure-uem_serial-75_stop-25.rsf | mapreduceclientcore_algo-limbo_measure-il_serial-40_stop-25.rsf
1556,WCA_vs_LIMBO,UEM_vs_IL,25_vs_25,75_vs_50,_vs_,81.87744459,0,mapreduceclientcore_algo-wca_measure-uem_serial-75_stop-25.rsf | mapreduceclientcore_algo-limbo_measure-il_serial-50_stop-25.rsf
1557,WCA_vs_LIMBO,UEM_vs_IL,25_vs_50,75_vs_50,_vs_,81.87744459,0,mapreduceclientcore_algo-wca_measure-uem_serial-75_stop-25.rsf | mapreduceclientcore_algo-limbo_measure-il_serial-50_stop-50.rsf
1558,WCA_vs_LIMBO,UEM_vs_IL,25_vs_25,75_vs_60,_vs_,81.86932064,0,mapreduceclientcore_algo-wca_measure-uem_serial-75_stop-25.rsf | mapreduceclientcore_algo-limbo_measure-il_serial-60_stop-25.rsf
1559,WCA_vs_LIMBO,UEM_vs_IL,25_vs_50,75_vs_60,_vs_,81.86932064,0,mapreduceclientcore_algo-wca_measure-uem_serial-75_stop-25.rsf | mapreduceclientcore_algo-limbo_measure-il_serial-60_stop-50.rsf
1560,WCA_vs_LIMBO,UEM_vs_IL,25_vs_25,75_vs_70,_vs_,81.60275743,0,mapreduceclientcore_algo-wca_measure-uem_serial-75_stop-25.rsf | mapreduceclientcore_algo-limbo_measure-il_serial-70_stop-25.rsf
1561,WCA_vs_LIMBO,UEM_vs_IL,25_vs_50,75_vs_70,_vs_,81.60275743,0,mapreduceclientcore_algo-wca_measure-uem_serial-75_stop-25.rsf | mapreduceclientcore_algo-limbo_measure-il_serial-70_stop-50.rsf
1562,WCA_vs_LIMBO,UEM_vs_IL,25_vs_25,75_vs_80,_vs_,80.69498069,0.0125,mapreduceclientcore_algo-wca_measure-uem_serial-75_stop-25.rsf | mapreduceclientcore_algo-limbo_measure-il_serial-80_stop-25.rsf
1563,WCA_vs_LIMBO,UEM_vs_IL,25_vs_50,75_vs_80,_vs_,80.69498069,0.0125,mapreduceclientcore_algo-wca_measure-uem_serial-75_stop-25.rsf | mapreduceclientcore_algo-limbo_measure-il_serial-80_stop-50.rsf
1564,WCA_vs_LIMBO,UEM_vs_IL,25_vs_75,75_vs_80,_vs_,80.69498069,0.0125,mapreduceclientcore_algo-wca_measure-uem_serial-75_stop-25.rsf | mapreduceclientcore_algo-limbo_measure-il_serial-80_stop-75.rsf
1565,WCA_vs_LIMBO,UEM_vs_IL,25_vs_25,75_vs_90,_vs_,80.2221273,0.011111111,mapreduceclientcore_algo-wca_measure-uem_serial-75_stop-25.rsf | mapreduceclientcore_algo-limbo_measure-il_serial-90_stop-25.rsf
1566,WCA_vs_LIMBO,UEM_vs_IL,25_vs_50,75_vs_90,_vs_,80.2221273,0.011111111,mapreduceclientcore_algo-wca_measure-uem_serial-75_stop-25.rsf | mapreduceclientcore_algo-limbo_measure-il_serial-90_stop-50.rsf
1567,WCA_vs_LIMBO,UEM_vs_IL,25_vs_75,75_vs_90,_vs_,80.2221273,0.011111111,mapreduceclientcore_algo-wca_measure-uem_serial-75_stop-25.rsf | mapreduceclientcore_algo-limbo_measure-il_serial-90_stop-75.rsf
1568,WCA_vs_LIMBO,UEM_vs_IL,50_vs_100,75_vs_100,_vs_,79.24287537,0.01,mapreduceclientcore_algo-wca_measure-uem_serial-75_stop-50.rsf | mapreduceclientcore_algo-limbo_measure-il_serial-100_stop-100.rsf
1569,WCA_vs_LIMBO,UEM_vs_IL,50_vs_25,75_vs_100,_vs_,79.24287537,0.01,mapreduceclientcore_algo-wca_measure-uem_serial-75_stop-50.rsf | mapreduceclientcore_algo-limbo_measure-il_serial-100_stop-25.rsf
1570,WCA_vs_LIMBO,UEM_vs_IL,50_vs_50,75_vs_100,_vs_,79.24287537,0.01,mapreduceclientcore_algo-wca_measure-uem_serial-75_stop-50.rsf | mapreduceclientcore_algo-limbo_measure-il_serial-100_stop-50.rsf
1571,WCA_vs_LIMBO,UEM_vs_IL,50_vs_75,75_vs_100,_vs_,79.24287537,0.01,mapreduceclientcore_algo-wca_measure-uem_serial-75_stop-50.rsf | mapreduceclientcore_algo-limbo_measure-il_serial-100_stop-75.rsf
1572,WCA_vs_LIMBO,UEM_vs_IL,50_vs_100,75_vs_110,_vs_,78.82253283,0.009090909,mapreduceclientcore_algo-wca_measure-uem_serial-75_stop-50.rsf | mapreduceclientcore_algo-limbo_measure-il_serial-110_stop-100.rsf
1573,WCA_vs_LIMBO,UEM_vs_IL,50_vs_25,75_vs_110,_vs_,78.82253283,0.009090909,mapreduceclientcore_algo-wca_measure-uem_serial-75_stop-50.rsf | mapreduceclientcore_algo-limbo_measure-il_serial-110_stop-25.rsf
1574,WCA_vs_LIMBO,UEM_vs_IL,50_vs_50,75_vs_110,_vs_,78.82253283,0.009090909,mapreduceclientcore_algo-wca_measure-uem_serial-75_stop-50.rsf | mapreduceclientcore_algo-limbo_measure-il_serial-110_stop-50.rsf
1575,WCA_vs_LIMBO,UEM_vs_IL,50_vs_75,75_vs_110,_vs_,78.82253283,0.009090909,mapreduceclientcore_algo-wca_measure-uem_serial-75_stop-50.rsf | mapreduceclientcore_algo-limbo_measure-il_serial-110_stop-75.rsf
1576,WCA_vs_LIMBO,UEM_vs_IL,50_vs_25,75_vs_25,_vs_,82.51318102,0,mapreduceclientcore_algo-wca_measure-uem_serial-75_stop-50.rsf | mapreduceclientcore_algo-limbo_measure-il_serial-25_stop-25.rsf
1577,WCA_vs_LIMBO,UEM_vs_IL,50_vs_25,75_vs_30,_vs_,83.42832091,0,mapreduceclientcore_algo-wca_measure-uem_serial-75_stop-50.rsf | mapreduceclientcore_algo-limbo_measure-il_serial-30_stop-25.rsf
1578,WCA_vs_LIMBO,UEM_vs_IL,50_vs_25,75_vs_40,_vs_,82.14753383,0,mapreduceclientcore_algo-wca_measure-uem_serial-75_stop-50.rsf | mapreduceclientcore_algo-limbo_measure-il_serial-40_stop-25.rsf
1579,WCA_vs_LIMBO,UEM_vs_IL,50_vs_25,75_vs_50,_vs_,81.87744459,0,mapreduceclientcore_algo-wca_measure-uem_serial-75_stop-50.rsf | mapreduceclientcore_algo-limbo_measure-il_serial-50_stop-25.rsf
1580,WCA_vs_LIMBO,UEM_vs_IL,50_vs_50,75_vs_50,_vs_,81.87744459,0,mapreduceclientcore_algo-wca_measure-uem_serial-75_stop-50.rsf | mapreduceclientcore_algo-limbo_measure-il_serial-50_stop-50.rsf
1581,WCA_vs_LIMBO,UEM_vs_IL,50_vs_25,75_vs_60,_vs_,81.86932064,0,mapreduceclientcore_algo-wca_measure-uem_serial-75_stop-50.rsf | mapreduceclientcore_algo-limbo_measure-il_serial-60_stop-25.rsf
1582,WCA_vs_LIMBO,UEM_vs_IL,50_vs_50,75_vs_60,_vs_,81.86932064,0,mapreduceclientcore_algo-wca_measure-uem_serial-75_stop-50.rsf | mapreduceclientcore_algo-limbo_measure-il_serial-60_stop-50.rsf
1583,WCA_vs_LIMBO,UEM_vs_IL,50_vs_25,75_vs_70,_vs_,81.60275743,0,mapreduceclientcore_algo-wca_measure-uem_serial-75_stop-50.rsf | mapreduceclientcore_algo-limbo_measure-il_serial-70_stop-25.rsf
1584,WCA_vs_LIMBO,UEM_vs_IL,50_vs_50,75_vs_70,_vs_,81.60275743,0,mapreduceclientcore_algo-wca_measure-uem_serial-75_stop-50.rsf | mapreduceclientcore_algo-limbo_measure-il_serial-70_stop-50.rsf
1585,WCA_vs_LIMBO,UEM_vs_IL,50_vs_25,75_vs_80,_vs_,80.69498069,0.0125,mapreduceclientcore_algo-wca_measure-uem_serial-75_stop-50.rsf | mapreduceclientcore_algo-limbo_measure-il_serial-80_stop-25.rsf
1586,WCA_vs_LIMBO,UEM_vs_IL,50_vs_50,75_vs_80,_vs_,80.69498069,0.0125,mapreduceclientcore_algo-wca_measure-uem_serial-75_stop-50.rsf | mapreduceclientcore_algo-limbo_measure-il_serial-80_stop-50.rsf
1587,WCA_vs_LIMBO,UEM_vs_IL,50_vs_75,75_vs_80,_vs_,80.69498069,0.0125,mapreduceclientcore_algo-wca_measure-uem_serial-75_stop-50.rsf | mapreduceclientcore_algo-limbo_measure-il_serial-80_stop-75.rsf
1588,WCA_vs_LIMBO,UEM_vs_IL,50_vs_25,75_vs_90,_vs_,80.2221273,0.011111111,mapreduceclientcore_algo-wca_measure-uem_serial-75_stop-50.rsf | mapreduceclientcore_algo-limbo_measure-il_serial-90_stop-25.rsf
1589,WCA_vs_LIMBO,UEM_vs_IL,50_vs_50,75_vs_90,_vs_,80.2221273,0.011111111,mapreduceclientcore_algo-wca_measure-uem_serial-75_stop-50.rsf | mapreduceclientcore_algo-limbo_measure-il_serial-90_stop-50.rsf
1590,WCA_vs_LIMBO,UEM_vs_IL,50_vs_75,75_vs_90,_vs_,80.2221273,0.011111111,mapreduceclientcore_algo-wca_measure-uem_serial-75_stop-50.rsf | mapreduceclientcore_algo-limbo_measure-il_serial-90_stop-75.rsf
1591,WCA_vs_LIMBO,UEM_vs_IL,75_vs_100,75_vs_100,_vs_,79.24287537,0.01,mapreduceclientcore_algo-wca_measure-uem_serial-75_stop-75.rsf | mapreduceclientcore_algo-limbo_measure-il_serial-100_stop-100.rsf
1592,WCA_vs_LIMBO,UEM_vs_IL,75_vs_25,75_vs_100,_vs_,79.24287537,0.01,mapreduceclientcore_algo-wca_measure-uem_serial-75_stop-75.rsf | mapreduceclientcore_algo-limbo_measure-il_serial-100_stop-25.rsf
1593,WCA_vs_LIMBO,UEM_vs_IL,75_vs_50,75_vs_100,_vs_,79.24287537,0.01,mapreduceclientcore_algo-wca_measure-uem_serial-75_stop-75.rsf | mapreduceclientcore_algo-limbo_measure-il_serial-100_stop-50.rsf
1594,WCA_vs_LIMBO,UEM_vs_IL,75_vs_75,75_vs_100,_vs_,79.24287537,0.01,mapreduceclientcore_algo-wca_measure-uem_serial-75_stop-75.rsf | mapreduceclientcore_algo-limbo_measure-il_serial-100_stop-75.rsf
1595,WCA_vs_LIMBO,UEM_vs_IL,75_vs_100,75_vs_110,_vs_,78.82253283,0.009090909,mapreduceclientcore_algo-wca_measure-uem_serial-75_stop-75.rsf | mapreduceclientcore_algo-limbo_measure-il_serial-110_stop-100.rsf
1596,WCA_vs_LIMBO,UEM_vs_IL,75_vs_25,75_vs_110,_vs_,78.82253283,0.009090909,mapreduceclientcore_algo-wca_measure-uem_serial-75_stop-75.rsf | mapreduceclientcore_algo-limbo_measure-il_serial-110_stop-25.rsf
1597,WCA_vs_LIMBO,UEM_vs_IL,75_vs_50,75_vs_110,_vs_,78.82253283,0.009090909,mapreduceclientcore_algo-wca_measure-uem_serial-75_stop-75.rsf | mapreduceclientcore_algo-limbo_measure-il_serial-110_stop-50.rsf
1598,WCA_vs_LIMBO,UEM_vs_IL,75_vs_75,75_vs_110,_vs_,78.82253283,0.009090909,mapreduceclientcore_algo-wca_measure-uem_serial-75_stop-75.rsf | mapreduceclientcore_algo-limbo_measure-il_serial-110_stop-75.rsf
1599,WCA_vs_LIMBO,UEM_vs_IL,75_vs_25,75_vs_25,_vs_,82.51318102,0,mapreduceclientcore_algo-wca_measure-uem_serial-75_stop-75.rsf | mapreduceclientcore_algo-limbo_measure-il_serial-25_stop-25.rsf
1600,WCA_vs_LIMBO,UEM_vs_IL,75_vs_25,75_vs_30,_vs_,83.42832091,0,mapreduceclientcore_algo-wca_measure-uem_serial-75_stop-75.rsf | mapreduceclientcore_algo-limbo_measure-il_serial-30_stop-25.rsf
1601,WCA_vs_LIMBO,UEM_vs_IL,75_vs_25,75_vs_40,_vs_,82.14753383,0,mapreduceclientcore_algo-wca_measure-uem_serial-75_stop-75.rsf | mapreduceclientcore_algo-limbo_measure-il_serial-40_stop-25.rsf
1602,WCA_vs_LIMBO,UEM_vs_IL,75_vs_25,75_vs_50,_vs_,81.87744459,0,mapreduceclientcore_algo-wca_measure-uem_serial-75_stop-75.rsf | mapreduceclientcore_algo-limbo_measure-il_serial-50_stop-25.rsf
1603,WCA_vs_LIMBO,UEM_vs_IL,75_vs_50,75_vs_50,_vs_,81.87744459,0,mapreduceclientcore_algo-wca_measure-uem_serial-75_stop-75.rsf | mapreduceclientcore_algo-limbo_measure-il_serial-50_stop-50.rsf
1604,WCA_vs_LIMBO,UEM_vs_IL,75_vs_25,75_vs_60,_vs_,81.86932064,0,mapreduceclientcore_algo-wca_measure-uem_serial-75_stop-75.rsf | mapreduceclientcore_algo-limbo_measure-il_serial-60_stop-25.rsf
1605,WCA_vs_LIMBO,UEM_vs_IL,75_vs_50,75_vs_60,_vs_,81.86932064,0,mapreduceclientcore_algo-wca_measure-uem_serial-75_stop-75.rsf | mapreduceclientcore_algo-limbo_measure-il_serial-60_stop-50.rsf
1606,WCA_vs_LIMBO,UEM_vs_IL,75_vs_25,75_vs_70,_vs_,81.60275743,0,mapreduceclientcore_algo-wca_measure-uem_serial-75_stop-75.rsf | mapreduceclientcore_algo-limbo_measure-il_serial-70_stop-25.rsf
1607,WCA_vs_LIMBO,UEM_vs_IL,75_vs_50,75_vs_70,_vs_,81.60275743,0,mapreduceclientcore_algo-wca_measure-uem_serial-75_stop-75.rsf | mapreduceclientcore_algo-limbo_measure-il_serial-70_stop-50.rsf
1608,WCA_vs_LIMBO,UEM_vs_IL,75_vs_25,75_vs_80,_vs_,80.69498069,0.0125,mapreduceclientcore_algo-wca_measure-uem_serial-75_stop-75.rsf | mapreduceclientcore_algo-limbo_measure-il_serial-80_stop-25.rsf
1609,WCA_vs_LIMBO,UEM_vs_IL,75_vs_50,75_vs_80,_vs_,80.69498069,0.0125,mapreduceclientcore_algo-wca_measure-uem_serial-75_stop-75.rsf | mapreduceclientcore_algo-limbo_measure-il_serial-80_stop-50.rsf
1610,WCA_vs_LIMBO,UEM_vs_IL,75_vs_75,75_vs_80,_vs_,80.69498069,0.0125,mapreduceclientcore_algo-wca_measure-uem_serial-75_stop-75.rsf | mapreduceclientcore_algo-limbo_measure-il_serial-80_stop-75.rsf
1611,WCA_vs_LIMBO,UEM_vs_IL,75_vs_25,75_vs_90,_vs_,80.2221273,0.011111111,mapreduceclientcore_algo-wca_measure-uem_serial-75_stop-75.rsf | mapreduceclientcore_algo-limbo_measure-il_serial-90_stop-25.rsf
1612,WCA_vs_LIMBO,UEM_vs_IL,75_vs_50,75_vs_90,_vs_,80.2221273,0.011111111,mapreduceclientcore_algo-wca_measure-uem_serial-75_stop-75.rsf | mapreduceclientcore_algo-limbo_measure-il_serial-90_stop-50.rsf
1613,WCA_vs_LIMBO,UEM_vs_IL,75_vs_75,75_vs_90,_vs_,80.2221273,0.011111111,mapreduceclientcore_algo-wca_measure-uem_serial-75_stop-75.rsf | mapreduceclientcore_algo-limbo_measure-il_serial-90_stop-75.rsf
1614,WCA_vs_LIMBO,UEM_vs_IL,25_vs_100,80_vs_100,_vs_,80.60271647,0.01,mapreduceclientcore_algo-wca_measure-uem_serial-80_stop-25.rsf | mapreduceclientcore_algo-limbo_measure-il_serial-100_stop-100.rsf
1615,WCA_vs_LIMBO,UEM_vs_IL,25_vs_25,80_vs_100,_vs_,80.60271647,0.01,mapreduceclientcore_algo-wca_measure-uem_serial-80_stop-25.rsf | mapreduceclientcore_algo-limbo_measure-il_serial-100_stop-25.rsf
1616,WCA_vs_LIMBO,UEM_vs_IL,25_vs_50,80_vs_100,_vs_,80.60271647,0.01,mapreduceclientcore_algo-wca_measure-uem_serial-80_stop-25.rsf | mapreduceclientcore_algo-limbo_measure-il_serial-100_stop-50.rsf
1617,WCA_vs_LIMBO,UEM_vs_IL,25_vs_75,80_vs_100,_vs_,80.60271647,0.01,mapreduceclientcore_algo-wca_measure-uem_serial-80_stop-25.rsf | mapreduceclientcore_algo-limbo_measure-il_serial-100_stop-75.rsf
1618,WCA_vs_LIMBO,UEM_vs_IL,25_vs_100,80_vs_110,_vs_,80.05071851,0.009090909,mapreduceclientcore_algo-wca_measure-uem_serial-80_stop-25.rsf | mapreduceclientcore_algo-limbo_measure-il_serial-110_stop-100.rsf
1619,WCA_vs_LIMBO,UEM_vs_IL,25_vs_25,80_vs_110,_vs_,80.05071851,0.009090909,mapreduceclientcore_algo-wca_measure-uem_serial-80_stop-25.rsf | mapreduceclientcore_algo-limbo_measure-il_serial-110_stop-25.rsf
1620,WCA_vs_LIMBO,UEM_vs_IL,25_vs_50,80_vs_110,_vs_,80.05071851,0.009090909,mapreduceclientcore_algo-wca_measure-uem_serial-80_stop-25.rsf | mapreduceclientcore_algo-limbo_measure-il_serial-110_stop-50.rsf
1621,WCA_vs_LIMBO,UEM_vs_IL,25_vs_75,80_vs_110,_vs_,80.05071851,0.009090909,mapreduceclientcore_algo-wca_measure-uem_serial-80_stop-25.rsf | mapreduceclientcore_algo-limbo_measure-il_serial-110_stop-75.rsf
1622,WCA_vs_LIMBO,UEM_vs_IL,25_vs_25,80_vs_25,_vs_,81.80622534,0,mapreduceclientcore_algo-wca_measure-uem_serial-80_stop-25.rsf | mapreduceclientcore_algo-limbo_measure-il_serial-25_stop-25.rsf
1623,WCA_vs_LIMBO,UEM_vs_IL,25_vs_25,80_vs_30,_vs_,83.24584427,0,mapreduceclientcore_algo-wca_measure-uem_serial-80_stop-25.rsf | mapreduceclientcore_algo-limbo_measure-il_serial-30_stop-25.rsf
1624,WCA_vs_LIMBO,UEM_vs_IL,25_vs_25,80_vs_40,_vs_,83.05749129,0.025,mapreduceclientcore_algo-wca_measure-uem_serial-80_stop-25.rsf | mapreduceclientcore_algo-limbo_measure-il_serial-40_stop-25.rsf
1625,WCA_vs_LIMBO,UEM_vs_IL,25_vs_25,80_vs_50,_vs_,82.69731136,0,mapreduceclientcore_algo-wca_measure-uem_serial-80_stop-25.rsf | mapreduceclientcore_algo-limbo_measure-il_serial-50_stop-25.rsf
1626,WCA_vs_LIMBO,UEM_vs_IL,25_vs_50,80_vs_50,_vs_,82.69731136,0,mapreduceclientcore_algo-wca_measure-uem_serial-80_stop-25.rsf | mapreduceclientcore_algo-limbo_measure-il_serial-50_stop-50.rsf
1627,WCA_vs_LIMBO,UEM_vs_IL,25_vs_25,80_vs_60,_vs_,82.77202073,0,mapreduceclientcore_algo-wca_measure-uem_serial-80_stop-25.rsf | mapreduceclientcore_algo-limbo_measure-il_serial-60_stop-25.rsf
1628,WCA_vs_LIMBO,UEM_vs_IL,25_vs_50,80_vs_60,_vs_,82.77202073,0,mapreduceclientcore_algo-wca_measure-uem_serial-80_stop-25.rsf | mapreduceclientcore_algo-limbo_measure-il_serial-60_stop-50.rsf
1629,WCA_vs_LIMBO,UEM_vs_IL,25_vs_25,80_vs_70,_vs_,82.76010318,0,mapreduceclientcore_algo-wca_measure-uem_serial-80_stop-25.rsf | mapreduceclientcore_algo-limbo_measure-il_serial-70_stop-25.rsf
1630,WCA_vs_LIMBO,UEM_vs_IL,25_vs_50,80_vs_70,_vs_,82.76010318,0,mapreduceclientcore_algo-wca_measure-uem_serial-80_stop-25.rsf | mapreduceclientcore_algo-limbo_measure-il_serial-70_stop-50.rsf
1631,WCA_vs_LIMBO,UEM_vs_IL,25_vs_25,80_vs_80,_vs_,82.23458904,0.0125,mapreduceclientcore_algo-wca_measure-uem_serial-80_stop-25.rsf | mapreduceclientcore_algo-limbo_measure-il_serial-80_stop-25.rsf
1632,WCA_vs_LIMBO,UEM_vs_IL,25_vs_50,80_vs_80,_vs_,82.23458904,0.0125,mapreduceclientcore_algo-wca_measure-uem_serial-80_stop-25.rsf | mapreduceclientcore_algo-limbo_measure-il_serial-80_stop-50.rsf
1633,WCA_vs_LIMBO,UEM_vs_IL,25_vs_75,80_vs_80,_vs_,82.23458904,0.0125,mapreduceclientcore_algo-wca_measure-uem_serial-80_stop-25.rsf | mapreduceclientcore_algo-limbo_measure-il_serial-80_stop-75.rsf
1634,WCA_vs_LIMBO,UEM_vs_IL,25_vs_25,80_vs_90,_vs_,81.45780051,0.011111111,mapreduceclientcore_algo-wca_measure-uem_serial-80_stop-25.rsf | mapreduceclientcore_algo-limbo_measure-il_serial-90_stop-25.rsf
1635,WCA_vs_LIMBO,UEM_vs_IL,25_vs_50,80_vs_90,_vs_,81.45780051,0.011111111,mapreduceclientcore_algo-wca_measure-uem_serial-80_stop-25.rsf | mapreduceclientcore_algo-limbo_measure-il_serial-90_stop-50.rsf
1636,WCA_vs_LIMBO,UEM_vs_IL,25_vs_75,80_vs_90,_vs_,81.45780051,0.011111111,mapreduceclientcore_algo-wca_measure-uem_serial-80_stop-25.rsf | mapreduceclientcore_algo-limbo_measure-il_serial-90_stop-75.rsf
1637,WCA_vs_LIMBO,UEM_vs_IL,50_vs_100,80_vs_100,_vs_,80.60271647,0.01,mapreduceclientcore_algo-wca_measure-uem_serial-80_stop-50.rsf | mapreduceclientcore_algo-limbo_measure-il_serial-100_stop-100.rsf
1638,WCA_vs_LIMBO,UEM_vs_IL,50_vs_25,80_vs_100,_vs_,80.60271647,0.01,mapreduceclientcore_algo-wca_measure-uem_serial-80_stop-50.rsf | mapreduceclientcore_algo-limbo_measure-il_serial-100_stop-25.rsf
1639,WCA_vs_LIMBO,UEM_vs_IL,50_vs_50,80_vs_100,_vs_,80.60271647,0.01,mapreduceclientcore_algo-wca_measure-uem_serial-80_stop-50.rsf | mapreduceclientcore_algo-limbo_measure-il_serial-100_stop-50.rsf
1640,WCA_vs_LIMBO,UEM_vs_IL,50_vs_75,80_vs_100,_vs_,80.60271647,0.01,mapreduceclientcore_algo-wca_measure-uem_serial-80_stop-50.rsf | mapreduceclientcore_algo-limbo_measure-il_serial-100_stop-75.rsf
1641,WCA_vs_LIMBO,UEM_vs_IL,50_vs_100,80_vs_110,_vs_,80.05071851,0.009090909,mapreduceclientcore_algo-wca_measure-uem_serial-80_stop-50.rsf | mapreduceclientcore_algo-limbo_measure-il_serial-110_stop-100.rsf
1642,WCA_vs_LIMBO,UEM_vs_IL,50_vs_25,80_vs_110,_vs_,80.05071851,0.009090909,mapreduceclientcore_algo-wca_measure-uem_serial-80_stop-50.rsf | mapreduceclientcore_algo-limbo_measure-il_serial-110_stop-25.rsf
1643,WCA_vs_LIMBO,UEM_vs_IL,50_vs_50,80_vs_110,_vs_,80.05071851,0.009090909,mapreduceclientcore_algo-wca_measure-uem_serial-80_stop-50.rsf | mapreduceclientcore_algo-limbo_measure-il_serial-110_stop-50.rsf
1644,WCA_vs_LIMBO,UEM_vs_IL,50_vs_75,80_vs_110,_vs_,80.05071851,0.009090909,mapreduceclientcore_algo-wca_measure-uem_serial-80_stop-50.rsf | mapreduceclientcore_algo-limbo_measure-il_serial-110_stop-75.rsf
1645,WCA_vs_LIMBO,UEM_vs_IL,50_vs_25,80_vs_25,_vs_,81.80622534,0,mapreduceclientcore_algo-wca_measure-uem_serial-80_stop-50.rsf | mapreduceclientcore_algo-limbo_measure-il_serial-25_stop-25.rsf
1646,WCA_vs_LIMBO,UEM_vs_IL,50_vs_25,80_vs_30,_vs_,83.24584427,0,mapreduceclientcore_algo-wca_measure-uem_serial-80_stop-50.rsf | mapreduceclientcore_algo-limbo_measure-il_serial-30_stop-25.rsf
1647,WCA_vs_LIMBO,UEM_vs_IL,50_vs_25,80_vs_40,_vs_,83.05749129,0.025,mapreduceclientcore_algo-wca_measure-uem_serial-80_stop-50.rsf | mapreduceclientcore_algo-limbo_measure-il_serial-40_stop-25.rsf
1648,WCA_vs_LIMBO,UEM_vs_IL,50_vs_25,80_vs_50,_vs_,82.69731136,0,mapreduceclientcore_algo-wca_measure-uem_serial-80_stop-50.rsf | mapreduceclientcore_algo-limbo_measure-il_serial-50_stop-25.rsf
1649,WCA_vs_LIMBO,UEM_vs_IL,50_vs_50,80_vs_50,_vs_,82.69731136,0,mapreduceclientcore_algo-wca_measure-uem_serial-80_stop-50.rsf | mapreduceclientcore_algo-limbo_measure-il_serial-50_stop-50.rsf
1650,WCA_vs_LIMBO,UEM_vs_IL,50_vs_25,80_vs_60,_vs_,82.77202073,0,mapreduceclientcore_algo-wca_measure-uem_serial-80_stop-50.rsf | mapreduceclientcore_algo-limbo_measure-il_serial-60_stop-25.rsf
1651,WCA_vs_LIMBO,UEM_vs_IL,50_vs_50,80_vs_60,_vs_,82.77202073,0,mapreduceclientcore_algo-wca_measure-uem_serial-80_stop-50.rsf | mapreduceclientcore_algo-limbo_measure-il_serial-60_stop-50.rsf
1652,WCA_vs_LIMBO,UEM_vs_IL,50_vs_25,80_vs_70,_vs_,82.76010318,0,mapreduceclientcore_algo-wca_measure-uem_serial-80_stop-50.rsf | mapreduceclientcore_algo-limbo_measure-il_serial-70_stop-25.rsf
1653,WCA_vs_LIMBO,UEM_vs_IL,50_vs_50,80_vs_70,_vs_,82.76010318,0,mapreduceclientcore_algo-wca_measure-uem_serial-80_stop-50.rsf | mapreduceclientcore_algo-limbo_measure-il_serial-70_stop-50.rsf
1654,WCA_vs_LIMBO,UEM_vs_IL,50_vs_25,80_vs_80,_vs_,82.23458904,0.0125,mapreduceclientcore_algo-wca_measure-uem_serial-80_stop-50.rsf | mapreduceclientcore_algo-limbo_measure-il_serial-80_stop-25.rsf
1655,WCA_vs_LIMBO,UEM_vs_IL,50_vs_50,80_vs_80,_vs_,82.23458904,0.0125,mapreduceclientcore_algo-wca_measure-uem_serial-80_stop-50.rsf | mapreduceclientcore_algo-limbo_measure-il_serial-80_stop-50.rsf
1656,WCA_vs_LIMBO,UEM_vs_IL,50_vs_75,80_vs_80,_vs_,82.23458904,0.0125,mapreduceclientcore_algo-wca_measure-uem_serial-80_stop-50.rsf | mapreduceclientcore_algo-limbo_measure-il_serial-80_stop-75.rsf
1657,WCA_vs_LIMBO,UEM_vs_IL,50_vs_25,80_vs_90,_vs_,81.45780051,0.011111111,mapreduceclientcore_algo-wca_measure-uem_serial-80_stop-50.rsf | mapreduceclientcore_algo-limbo_measure-il_serial-90_stop-25.rsf
1658,WCA_vs_LIMBO,UEM_vs_IL,50_vs_50,80_vs_90,_vs_,81.45780051,0.011111111,mapreduceclientcore_algo-wca_measure-uem_serial-80_stop-50.rsf | mapreduceclientcore_algo-limbo_measure-il_serial-90_stop-50.rsf
1659,WCA_vs_LIMBO,UEM_vs_IL,50_vs_75,80_vs_90,_vs_,81.45780051,0.011111111,mapreduceclientcore_algo-wca_measure-uem_serial-80_stop-50.rsf | mapreduceclientcore_algo-limbo_measure-il_serial-90_stop-75.rsf
1660,WCA_vs_LIMBO,UEM_vs_IL,75_vs_100,80_vs_100,_vs_,80.60271647,0.01,mapreduceclientcore_algo-wca_measure-uem_serial-80_stop-75.rsf | mapreduceclientcore_algo-limbo_measure-il_serial-100_stop-100.rsf
1661,WCA_vs_LIMBO,UEM_vs_IL,75_vs_25,80_vs_100,_vs_,80.60271647,0.01,mapreduceclientcore_algo-wca_measure-uem_serial-80_stop-75.rsf | mapreduceclientcore_algo-limbo_measure-il_serial-100_stop-25.rsf
1662,WCA_vs_LIMBO,UEM_vs_IL,75_vs_50,80_vs_100,_vs_,80.60271647,0.01,mapreduceclientcore_algo-wca_measure-uem_serial-80_stop-75.rsf | mapreduceclientcore_algo-limbo_measure-il_serial-100_stop-50.rsf
1663,WCA_vs_LIMBO,UEM_vs_IL,75_vs_75,80_vs_100,_vs_,80.60271647,0.01,mapreduceclientcore_algo-wca_measure-uem_serial-80_stop-75.rsf | mapreduceclientcore_algo-limbo_measure-il_serial-100_stop-75.rsf
1664,WCA_vs_LIMBO,UEM_vs_IL,75_vs_100,80_vs_110,_vs_,80.05071851,0.009090909,mapreduceclientcore_algo-wca_measure-uem_serial-80_stop-75.rsf | mapreduceclientcore_algo-limbo_measure-il_serial-110_stop-100.rsf
1665,WCA_vs_LIMBO,UEM_vs_IL,75_vs_25,80_vs_110,_vs_,80.05071851,0.009090909,mapreduceclientcore_algo-wca_measure-uem_serial-80_stop-75.rsf | mapreduceclientcore_algo-limbo_measure-il_serial-110_stop-25.rsf
1666,WCA_vs_LIMBO,UEM_vs_IL,75_vs_50,80_vs_110,_vs_,80.05071851,0.009090909,mapreduceclientcore_algo-wca_measure-uem_serial-80_stop-75.rsf | mapreduceclientcore_algo-limbo_measure-il_serial-110_stop-50.rsf
1667,WCA_vs_LIMBO,UEM_vs_IL,75_vs_75,80_vs_110,_vs_,80.05071851,0.009090909,mapreduceclientcore_algo-wca_measure-uem_serial-80_stop-75.rsf | mapreduceclientcore_algo-limbo_measure-il_serial-110_stop-75.rsf
1668,WCA_vs_LIMBO,UEM_vs_IL,75_vs_25,80_vs_25,_vs_,81.80622534,0,mapreduceclientcore_algo-wca_measure-uem_serial-80_stop-75.rsf | mapreduceclientcore_algo-limbo_measure-il_serial-25_stop-25.rsf
1669,WCA_vs_LIMBO,UEM_vs_IL,75_vs_25,80_vs_30,_vs_,83.24584427,0,mapreduceclientcore_algo-wca_measure-uem_serial-80_stop-75.rsf | mapreduceclientcore_algo-limbo_measure-il_serial-30_stop-25.rsf
1670,WCA_vs_LIMBO,UEM_vs_IL,75_vs_25,80_vs_40,_vs_,83.05749129,0.025,mapreduceclientcore_algo-wca_measure-uem_serial-80_stop-75.rsf | mapreduceclientcore_algo-limbo_measure-il_serial-40_stop-25.rsf
1671,WCA_vs_LIMBO,UEM_vs_IL,75_vs_25,80_vs_50,_vs_,82.69731136,0,mapreduceclientcore_algo-wca_measure-uem_serial-80_stop-75.rsf | mapreduceclientcore_algo-limbo_measure-il_serial-50_stop-25.rsf
1672,WCA_vs_LIMBO,UEM_vs_IL,75_vs_50,80_vs_50,_vs_,82.69731136,0,mapreduceclientcore_algo-wca_measure-uem_serial-80_stop-75.rsf | mapreduceclientcore_algo-limbo_measure-il_serial-50_stop-50.rsf
1673,WCA_vs_LIMBO,UEM_vs_IL,75_vs_25,80_vs_60,_vs_,82.77202073,0,mapreduceclientcore_algo-wca_measure-uem_serial-80_stop-75.rsf | mapreduceclientcore_algo-limbo_measure-il_serial-60_stop-25.rsf
1674,WCA_vs_LIMBO,UEM_vs_IL,75_vs_50,80_vs_60,_vs_,82.77202073,0,mapreduceclientcore_algo-wca_measure-uem_serial-80_stop-75.rsf | mapreduceclientcore_algo-limbo_measure-il_serial-60_stop-50.rsf
1675,WCA_vs_LIMBO,UEM_vs_IL,75_vs_25,80_vs_70,_vs_,82.76010318,0,mapreduceclientcore_algo-wca_measure-uem_serial-80_stop-75.rsf | mapreduceclientcore_algo-limbo_measure-il_serial-70_stop-25.rsf
1676,WCA_vs_LIMBO,UEM_vs_IL,75_vs_50,80_vs_70,_vs_,82.76010318,0,mapreduceclientcore_algo-wca_measure-uem_serial-80_stop-75.rsf | mapreduceclientcore_algo-limbo_measure-il_serial-70_stop-50.rsf
1677,WCA_vs_LIMBO,UEM_vs_IL,75_vs_25,80_vs_80,_vs_,82.23458904,0.0125,mapreduceclientcore_algo-wca_measure-uem_serial-80_stop-75.rsf | mapreduceclientcore_algo-limbo_measure-il_serial-80_stop-25.rsf
1678,WCA_vs_LIMBO,UEM_vs_IL,75_vs_50,80_vs_80,_vs_,82.23458904,0.0125,mapreduceclientcore_algo-wca_measure-uem_serial-80_stop-75.rsf | mapreduceclientcore_algo-limbo_measure-il_serial-80_stop-50.rsf
1679,WCA_vs_LIMBO,UEM_vs_IL,75_vs_75,80_vs_80,_vs_,82.23458904,0.0125,mapreduceclientcore_algo-wca_measure-uem_serial-80_stop-75.rsf | mapreduceclientcore_algo-limbo_measure-il_serial-80_stop-75.rsf
1680,WCA_vs_LIMBO,UEM_vs_IL,75_vs_25,80_vs_90,_vs_,81.45780051,0.011111111,mapreduceclientcore_algo-wca_measure-uem_serial-80_stop-75.rsf | mapreduceclientcore_algo-limbo_measure-il_serial-90_stop-25.rsf
1681,WCA_vs_LIMBO,UEM_vs_IL,75_vs_50,80_vs_90,_vs_,81.45780051,0.011111111,mapreduceclientcore_algo-wca_measure-uem_serial-80_stop-75.rsf | mapreduceclientcore_algo-limbo_measure-il_serial-90_stop-50.rsf
1682,WCA_vs_LIMBO,UEM_vs_IL,75_vs_75,80_vs_90,_vs_,81.45780051,0.011111111,mapreduceclientcore_algo-wca_measure-uem_serial-80_stop-75.rsf | mapreduceclientcore_algo-limbo_measure-il_serial-90_stop-75.rsf
1683,WCA_vs_LIMBO,UEM_vs_IL,25_vs_100,90_vs_100,_vs_,83.60101437,0.01,mapreduceclientcore_algo-wca_measure-uem_serial-90_stop-25.rsf | mapreduceclientcore_algo-limbo_measure-il_serial-100_stop-100.rsf
1684,WCA_vs_LIMBO,UEM_vs_IL,25_vs_25,90_vs_100,_vs_,83.60101437,0.01,mapreduceclientcore_algo-wca_measure-uem_serial-90_stop-25.rsf | mapreduceclientcore_algo-limbo_measure-il_serial-100_stop-25.rsf
1685,WCA_vs_LIMBO,UEM_vs_IL,25_vs_50,90_vs_100,_vs_,83.60101437,0.01,mapreduceclientcore_algo-wca_measure-uem_serial-90_stop-25.rsf | mapreduceclientcore_algo-limbo_measure-il_serial-100_stop-50.rsf
1686,WCA_vs_LIMBO,UEM_vs_IL,25_vs_75,90_vs_100,_vs_,83.60101437,0.01,mapreduceclientcore_algo-wca_measure-uem_serial-90_stop-25.rsf | mapreduceclientcore_algo-limbo_measure-il_serial-100_stop-75.rsf
1687,WCA_vs_LIMBO,UEM_vs_IL,25_vs_100,90_vs_110,_vs_,82.996633,0.009090909,mapreduceclientcore_algo-wca_measure-uem_serial-90_stop-25.rsf | mapreduceclientcore_algo-limbo_measure-il_serial-110_stop-100.rsf
1688,WCA_vs_LIMBO,UEM_vs_IL,25_vs_25,90_vs_110,_vs_,82.996633,0.009090909,mapreduceclientcore_algo-wca_measure-uem_serial-90_stop-25.rsf | mapreduceclientcore_algo-limbo_measure-il_serial-110_stop-25.rsf
1689,WCA_vs_LIMBO,UEM_vs_IL,25_vs_50,90_vs_110,_vs_,82.996633,0.009090909,mapreduceclientcore_algo-wca_measure-uem_serial-90_stop-25.rsf | mapreduceclientcore_algo-limbo_measure-il_serial-110_stop-50.rsf
1690,WCA_vs_LIMBO,UEM_vs_IL,25_vs_75,90_vs_110,_vs_,82.996633,0.009090909,mapreduceclientcore_algo-wca_measure-uem_serial-90_stop-25.rsf | mapreduceclientcore_algo-limbo_measure-il_serial-110_stop-75.rsf
1691,WCA_vs_LIMBO,UEM_vs_IL,25_vs_25,90_vs_25,_vs_,80.79441292,0,mapreduceclientcore_algo-wca_measure-uem_serial-90_stop-25.rsf | mapreduceclientcore_algo-limbo_measure-il_serial-25_stop-25.rsf
1692,WCA_vs_LIMBO,UEM_vs_IL,25_vs_25,90_vs_30,_vs_,82.40418118,0,mapreduceclientcore_algo-wca_measure-uem_serial-90_stop-25.rsf | mapreduceclientcore_algo-limbo_measure-il_serial-30_stop-25.rsf
1693,WCA_vs_LIMBO,UEM_vs_IL,25_vs_25,90_vs_40,_vs_,83.82480486,0.05,mapreduceclientcore_algo-wca_measure-uem_serial-90_stop-25.rsf | mapreduceclientcore_algo-limbo_measure-il_serial-40_stop-25.rsf
1694,WCA_vs_LIMBO,UEM_vs_IL,25_vs_25,90_vs_50,_vs_,84.49913644,0.02,mapreduceclientcore_algo-wca_measure-uem_serial-90_stop-25.rsf | mapreduceclientcore_algo-limbo_measure-il_serial-50_stop-25.rsf
1695,WCA_vs_LIMBO,UEM_vs_IL,25_vs_50,90_vs_50,_vs_,84.49913644,0.02,mapreduceclientcore_algo-wca_measure-uem_serial-90_stop-25.rsf | mapreduceclientcore_algo-limbo_measure-il_serial-50_stop-50.rsf
1696,WCA_vs_LIMBO,UEM_vs_IL,25_vs_25,90_vs_60,_vs_,84.78073947,0.016666667,mapreduceclientcore_algo-wca_measure-uem_serial-90_stop-25.rsf | mapreduceclientcore_algo-limbo_measure-il_serial-60_stop-25.rsf
1697,WCA_vs_LIMBO,UEM_vs_IL,25_vs_50,90_vs_60,_vs_,84.78073947,0.016666667,mapreduceclientcore_algo-wca_measure-uem_serial-90_stop-25.rsf | mapreduceclientcore_algo-limbo_measure-il_serial-60_stop-50.rsf
1698,WCA_vs_LIMBO,UEM_vs_IL,25_vs_25,90_vs_70,_vs_,84.97431507,0.028571429,mapreduceclientcore_algo-wca_measure-uem_serial-90_stop-25.rsf | mapreduceclientcore_algo-limbo_measure-il_serial-70_stop-25.rsf
1699,WCA_vs_LIMBO,UEM_vs_IL,25_vs_50,90_vs_70,_vs_,84.97431507,0.028571429,mapreduceclientcore_algo-wca_measure-uem_serial-90_stop-25.rsf | mapreduceclientcore_algo-limbo_measure-il_serial-70_stop-50.rsf
1700,WCA_vs_LIMBO,UEM_vs_IL,25_vs_25,90_vs_80,_vs_,84.52685422,0.0125,mapreduceclientcore_algo-wca_measure-uem_serial-90_stop-25.rsf | mapreduceclientcore_algo-limbo_measure-il_serial-80_stop-25.rsf
1701,WCA_vs_LIMBO,UEM_vs_IL,25_vs_50,90_vs_80,_vs_,84.52685422,0.0125,mapreduceclientcore_algo-wca_measure-uem_serial-90_stop-25.rsf | mapreduceclientcore_algo-limbo_measure-il_serial-80_stop-50.rsf
1702,WCA_vs_LIMBO,UEM_vs_IL,25_vs_75,90_vs_80,_vs_,84.52685422,0.0125,mapreduceclientcore_algo-wca_measure-uem_serial-90_stop-25.rsf | mapreduceclientcore_algo-limbo_measure-il_serial-80_stop-75.rsf
1703,WCA_vs_LIMBO,UEM_vs_IL,25_vs_25,90_vs_90,_vs_,84.42275042,0.011111111,mapreduceclientcore_algo-wca_measure-uem_serial-90_stop-25.rsf | mapreduceclientcore_algo-limbo_measure-il_serial-90_stop-25.rsf
1704,WCA_vs_LIMBO,UEM_vs_IL,25_vs_50,90_vs_90,_vs_,84.42275042,0.011111111,mapreduceclientcore_algo-wca_measure-uem_serial-90_stop-25.rsf | mapreduceclientcore_algo-limbo_measure-il_serial-90_stop-50.rsf
1705,WCA_vs_LIMBO,UEM_vs_IL,25_vs_75,90_vs_90,_vs_,84.42275042,0.011111111,mapreduceclientcore_algo-wca_measure-uem_serial-90_stop-25.rsf | mapreduceclientcore_algo-limbo_measure-il_serial-90_stop-75.rsf
1706,WCA_vs_LIMBO,UEM_vs_IL,50_vs_100,90_vs_100,_vs_,83.60101437,0.01,mapreduceclientcore_algo-wca_measure-uem_serial-90_stop-50.rsf | mapreduceclientcore_algo-limbo_measure-il_serial-100_stop-100.rsf
1707,WCA_vs_LIMBO,UEM_vs_IL,50_vs_25,90_vs_100,_vs_,83.60101437,0.01,mapreduceclientcore_algo-wca_measure-uem_serial-90_stop-50.rsf | mapreduceclientcore_algo-limbo_measure-il_serial-100_stop-25.rsf
1708,WCA_vs_LIMBO,UEM_vs_IL,50_vs_50,90_vs_100,_vs_,83.60101437,0.01,mapreduceclientcore_algo-wca_measure-uem_serial-90_stop-50.rsf | mapreduceclientcore_algo-limbo_measure-il_serial-100_stop-50.rsf
1709,WCA_vs_LIMBO,UEM_vs_IL,50_vs_75,90_vs_100,_vs_,83.60101437,0.01,mapreduceclientcore_algo-wca_measure-uem_serial-90_stop-50.rsf | mapreduceclientcore_algo-limbo_measure-il_serial-100_stop-75.rsf
1710,WCA_vs_LIMBO,UEM_vs_IL,50_vs_100,90_vs_110,_vs_,82.996633,0.009090909,mapreduceclientcore_algo-wca_measure-uem_serial-90_stop-50.rsf | mapreduceclientcore_algo-limbo_measure-il_serial-110_stop-100.rsf
1711,WCA_vs_LIMBO,UEM_vs_IL,50_vs_25,90_vs_110,_vs_,82.996633,0.009090909,mapreduceclientcore_algo-wca_measure-uem_serial-90_stop-50.rsf | mapreduceclientcore_algo-limbo_measure-il_serial-110_stop-25.rsf
1712,WCA_vs_LIMBO,UEM_vs_IL,50_vs_50,90_vs_110,_vs_,82.996633,0.009090909,mapreduceclientcore_algo-wca_measure-uem_serial-90_stop-50.rsf | mapreduceclientcore_algo-limbo_measure-il_serial-110_stop-50.rsf
1713,WCA_vs_LIMBO,UEM_vs_IL,50_vs_75,90_vs_110,_vs_,82.996633,0.009090909,mapreduceclientcore_algo-wca_measure-uem_serial-90_stop-50.rsf | mapreduceclientcore_algo-limbo_measure-il_serial-110_stop-75.rsf
1714,WCA_vs_LIMBO,UEM_vs_IL,50_vs_25,90_vs_25,_vs_,80.79441292,0,mapreduceclientcore_algo-wca_measure-uem_serial-90_stop-50.rsf | mapreduceclientcore_algo-limbo_measure-il_serial-25_stop-25.rsf
1715,WCA_vs_LIMBO,UEM_vs_IL,50_vs_25,90_vs_30,_vs_,82.40418118,0,mapreduceclientcore_algo-wca_measure-uem_serial-90_stop-50.rsf | mapreduceclientcore_algo-limbo_measure-il_serial-30_stop-25.rsf
1716,WCA_vs_LIMBO,UEM_vs_IL,50_vs_25,90_vs_40,_vs_,83.82480486,0.05,mapreduceclientcore_algo-wca_measure-uem_serial-90_stop-50.rsf | mapreduceclientcore_algo-limbo_measure-il_serial-40_stop-25.rsf
1717,WCA_vs_LIMBO,UEM_vs_IL,50_vs_25,90_vs_50,_vs_,84.49913644,0.02,mapreduceclientcore_algo-wca_measure-uem_serial-90_stop-50.rsf | mapreduceclientcore_algo-limbo_measure-il_serial-50_stop-25.rsf
1718,WCA_vs_LIMBO,UEM_vs_IL,50_vs_50,90_vs_50,_vs_,84.49913644,0.02,mapreduceclientcore_algo-wca_measure-uem_serial-90_stop-50.rsf | mapreduceclientcore_algo-limbo_measure-il_serial-50_stop-50.rsf
1719,WCA_vs_LIMBO,UEM_vs_IL,50_vs_25,90_vs_60,_vs_,84.78073947,0.016666667,mapreduceclientcore_algo-wca_measure-uem_serial-90_stop-50.rsf | mapreduceclientcore_algo-limbo_measure-il_serial-60_stop-25.rsf
1720,WCA_vs_LIMBO,UEM_vs_IL,50_vs_50,90_vs_60,_vs_,84.78073947,0.016666667,mapreduceclientcore_algo-wca_measure-uem_serial-90_stop-50.rsf | mapreduceclientcore_algo-limbo_measure-il_serial-60_stop-50.rsf
1721,WCA_vs_LIMBO,UEM_vs_IL,50_vs_25,90_vs_70,_vs_,84.97431507,0.028571429,mapreduceclientcore_algo-wca_measure-uem_serial-90_stop-50.rsf | mapreduceclientcore_algo-limbo_measure-il_serial-70_stop-25.rsf
1722,WCA_vs_LIMBO,UEM_vs_IL,50_vs_50,90_vs_70,_vs_,84.97431507,0.028571429,mapreduceclientcore_algo-wca_measure-uem_serial-90_stop-50.rsf | mapreduceclientcore_algo-limbo_measure-il_serial-70_stop-50.rsf
1723,WCA_vs_LIMBO,UEM_vs_IL,50_vs_25,90_vs_80,_vs_,84.52685422,0.0125,mapreduceclientcore_algo-wca_measure-uem_serial-90_stop-50.rsf | mapreduceclientcore_algo-limbo_measure-il_serial-80_stop-25.rsf
1724,WCA_vs_LIMBO,UEM_vs_IL,50_vs_50,90_vs_80,_vs_,84.52685422,0.0125,mapreduceclientcore_algo-wca_measure-uem_serial-90_stop-50.rsf | mapreduceclientcore_algo-limbo_measure-il_serial-80_stop-50.rsf
1725,WCA_vs_LIMBO,UEM_vs_IL,50_vs_75,90_vs_80,_vs_,84.52685422,0.0125,mapreduceclientcore_algo-wca_measure-uem_serial-90_stop-50.rsf | mapreduceclientcore_algo-limbo_measure-il_serial-80_stop-75.rsf
1726,WCA_vs_LIMBO,UEM_vs_IL,50_vs_25,90_vs_90,_vs_,84.42275042,0.011111111,mapreduceclientcore_algo-wca_measure-uem_serial-90_stop-50.rsf | mapreduceclientcore_algo-limbo_measure-il_serial-90_stop-25.rsf
1727,WCA_vs_LIMBO,UEM_vs_IL,50_vs_50,90_vs_90,_vs_,84.42275042,0.011111111,mapreduceclientcore_algo-wca_measure-uem_serial-90_stop-50.rsf | mapreduceclientcore_algo-limbo_measure-il_serial-90_stop-50.rsf
1728,WCA_vs_LIMBO,UEM_vs_IL,50_vs_75,90_vs_90,_vs_,84.42275042,0.011111111,mapreduceclientcore_algo-wca_measure-uem_serial-90_stop-50.rsf | mapreduceclientcore_algo-limbo_measure-il_serial-90_stop-75.rsf
1729,WCA_vs_LIMBO,UEM_vs_IL,75_vs_100,90_vs_100,_vs_,83.60101437,0.01,mapreduceclientcore_algo-wca_measure-uem_serial-90_stop-75.rsf | mapreduceclientcore_algo-limbo_measure-il_serial-100_stop-100.rsf
1730,WCA_vs_LIMBO,UEM_vs_IL,75_vs_25,90_vs_100,_vs_,83.60101437,0.01,mapreduceclientcore_algo-wca_measure-uem_serial-90_stop-75.rsf | mapreduceclientcore_algo-limbo_measure-il_serial-100_stop-25.rsf
1731,WCA_vs_LIMBO,UEM_vs_IL,75_vs_50,90_vs_100,_vs_,83.60101437,0.01,mapreduceclientcore_algo-wca_measure-uem_serial-90_stop-75.rsf | mapreduceclientcore_algo-limbo_measure-il_serial-100_stop-50.rsf
1732,WCA_vs_LIMBO,UEM_vs_IL,75_vs_75,90_vs_100,_vs_,83.60101437,0.01,mapreduceclientcore_algo-wca_measure-uem_serial-90_stop-75.rsf | mapreduceclientcore_algo-limbo_measure-il_serial-100_stop-75.rsf
1733,WCA_vs_LIMBO,UEM_vs_IL,75_vs_100,90_vs_110,_vs_,82.996633,0.009090909,mapreduceclientcore_algo-wca_measure-uem_serial-90_stop-75.rsf | mapreduceclientcore_algo-limbo_measure-il_serial-110_stop-100.rsf
1734,WCA_vs_LIMBO,UEM_vs_IL,75_vs_25,90_vs_110,_vs_,82.996633,0.009090909,mapreduceclientcore_algo-wca_measure-uem_serial-90_stop-75.rsf | mapreduceclientcore_algo-limbo_measure-il_serial-110_stop-25.rsf
1735,WCA_vs_LIMBO,UEM_vs_IL,75_vs_50,90_vs_110,_vs_,82.996633,0.009090909,mapreduceclientcore_algo-wca_measure-uem_serial-90_stop-75.rsf | mapreduceclientcore_algo-limbo_measure-il_serial-110_stop-50.rsf
1736,WCA_vs_LIMBO,UEM_vs_IL,75_vs_75,90_vs_110,_vs_,82.996633,0.009090909,mapreduceclientcore_algo-wca_measure-uem_serial-90_stop-75.rsf | mapreduceclientcore_algo-limbo_measure-il_serial-110_stop-75.rsf
1737,WCA_vs_LIMBO,UEM_vs_IL,75_vs_25,90_vs_25,_vs_,80.79441292,0,mapreduceclientcore_algo-wca_measure-uem_serial-90_stop-75.rsf | mapreduceclientcore_algo-limbo_measure-il_serial-25_stop-25.rsf
1738,WCA_vs_LIMBO,UEM_vs_IL,75_vs_25,90_vs_30,_vs_,82.40418118,0,mapreduceclientcore_algo-wca_measure-uem_serial-90_stop-75.rsf | mapreduceclientcore_algo-limbo_measure-il_serial-30_stop-25.rsf
1739,WCA_vs_LIMBO,UEM_vs_IL,75_vs_25,90_vs_40,_vs_,83.82480486,0.05,mapreduceclientcore_algo-wca_measure-uem_serial-90_stop-75.rsf | mapreduceclientcore_algo-limbo_measure-il_serial-40_stop-25.rsf
1740,WCA_vs_LIMBO,UEM_vs_IL,75_vs_25,90_vs_50,_vs_,84.49913644,0.02,mapreduceclientcore_algo-wca_measure-uem_serial-90_stop-75.rsf | mapreduceclientcore_algo-limbo_measure-il_serial-50_stop-25.rsf
1741,WCA_vs_LIMBO,UEM_vs_IL,75_vs_50,90_vs_50,_vs_,84.49913644,0.02,mapreduceclientcore_algo-wca_measure-uem_serial-90_stop-75.rsf | mapreduceclientcore_algo-limbo_measure-il_serial-50_stop-50.rsf
1742,WCA_vs_LIMBO,UEM_vs_IL,75_vs_25,90_vs_60,_vs_,84.78073947,0.016666667,mapreduceclientcore_algo-wca_measure-uem_serial-90_stop-75.rsf | mapreduceclientcore_algo-limbo_measure-il_serial-60_stop-25.rsf
1743,WCA_vs_LIMBO,UEM_vs_IL,75_vs_50,90_vs_60,_vs_,84.78073947,0.016666667,mapreduceclientcore_algo-wca_measure-uem_serial-90_stop-75.rsf | mapreduceclientcore_algo-limbo_measure-il_serial-60_stop-50.rsf
1744,WCA_vs_LIMBO,UEM_vs_IL,75_vs_25,90_vs_70,_vs_,84.97431507,0.028571429,mapreduceclientcore_algo-wca_measure-uem_serial-90_stop-75.rsf | mapreduceclientcore_algo-limbo_measure-il_serial-70_stop-25.rsf
1745,WCA_vs_LIMBO,UEM_vs_IL,75_vs_50,90_vs_70,_vs_,84.97431507,0.028571429,mapreduceclientcore_algo-wca_measure-uem_serial-90_stop-75.rsf | mapreduceclientcore_algo-limbo_measure-il_serial-70_stop-50.rsf
1746,WCA_vs_LIMBO,UEM_vs_IL,75_vs_25,90_vs_80,_vs_,84.52685422,0.0125,mapreduceclientcore_algo-wca_measure-uem_serial-90_stop-75.rsf | mapreduceclientcore_algo-limbo_measure-il_serial-80_stop-25.rsf
1747,WCA_vs_LIMBO,UEM_vs_IL,75_vs_50,90_vs_80,_vs_,84.52685422,0.0125,mapreduceclientcore_algo-wca_measure-uem_serial-90_stop-75.rsf | mapreduceclientcore_algo-limbo_measure-il_serial-80_stop-50.rsf
1748,WCA_vs_LIMBO,UEM_vs_IL,75_vs_75,90_vs_80,_vs_,84.52685422,0.0125,mapreduceclientcore_algo-wca_measure-uem_serial-90_stop-75.rsf | mapreduceclientcore_algo-limbo_measure-il_serial-80_stop-75.rsf
1749,WCA_vs_LIMBO,UEM_vs_IL,75_vs_25,90_vs_90,_vs_,84.42275042,0.011111111,mapreduceclientcore_algo-wca_measure-uem_serial-90_stop-75.rsf | mapreduceclientcore_algo-limbo_measure-il_serial-90_stop-25.rsf
1750,WCA_vs_LIMBO,UEM_vs_IL,75_vs_50,90_vs_90,_vs_,84.42275042,0.011111111,mapreduceclientcore_algo-wca_measure-uem_serial-90_stop-75.rsf | mapreduceclientcore_algo-limbo_measure-il_serial-90_stop-50.rsf
1751,WCA_vs_LIMBO,UEM_vs_IL,75_vs_75,90_vs_90,_vs_,84.42275042,0.011111111,mapreduceclientcore_algo-wca_measure-uem_serial-90_stop-75.rsf | mapreduceclientcore_algo-limbo_measure-il_serial-90_stop-75.rsf
